:020000040801F1
:10000000000002205D660308953F0108A13F01083A
:10001000B53F0108BD3F0108C53F010800000000D1
:10002000000000000000000000000000315E020837
:10003000CD3F01080000000081600208E96002086D
:10004000AD660308AD660308AD660308AD66030838
:10005000AD660308AD660308AD660308AD66030828
:10006000AD660308AD660308AD660308AD66030818
:10007000AD660308AD660308AD660308AD66030808
:10008000AD660308AD660308AD660308AD660308F8
:10009000AD660308AD660308AD660308AD660308E8
:1000A000AD660308AD660308AD660308AD660308D8
:1000B000AD660308AD660308AD660308AD660308C8
:1000C000AD660308AD660308AD660308AD660308B8
:1000D000AD660308DD3F0108F13F0108AD66030886
:1000E000AD660308AD660308AD660308AD66030898
:1000F000AD660308AD660308AD660308AD66030888
:10010000AD660308AD660308AD660308AD66030877
:10011000AD660308AD660308AD6603080540010837
:10012000AD660308194001082D400108AD660308BB
:10013000AD66030841400108AD660308AD660308DB
:10014000AD660308AD660308AD660308AD66030837
:10015000AD66030869400108554001087D4001086B
:10016000AD660308AD660308AD660308AD66030817
:10017000AD660308AD660308AD6603080000000025
:08018000AD660308AD6603083B
:100188000000000000000000000000000000000067
:100198000000000000000000000000000000000057
:1001A8000000000000000000000000000000000047
:1001B8000000000000000000000000000000000037
:1001C8000000000000000000000000000000000027
:1001D8000000000000000000000000000000000017
:1001E8000000000000000000000000000000000007
:1001F8000000000000000000EFBEADDE10000000AF
:10020800436F6E74726F6C205057520000000000EC
:1002180000000000000000000000000000000000D6
:1002280000000000000000000000000000000000C6
:1002380000000000000000000000000000000000B6
:1002480000000000000000000000000000000000A6
:100258000000000000000000000000000000000096
:100268000000000000000000000000000000000086
:100278000000000000000000000000000000000076
:100288000000000000000000000000000000000066
:1002A00010B5054C237833B9044B13B10448AFF3B0
:1002B00000800123237010BD6002002000000000B8
:1002C0003CA3030808B5034B1BB103490348AFF334
:1002D000008008BD00000000640200203CA3030869
:1002E00010F8012B11F8013B012A28BF9A42F7D0E0
:1002F000D01A7047034613F8012B002AFBD1181AB5
:1003000001387047000000000000000000000000FD
:1003100001F0FF01102A2BDB10F0070F08D010F8B6
:10032000013B013A8B422DD010F0070F42B3F6D1BA
:10033000F0B441EA012141EA014122F007047FF0D3
:1003400000070023F0E80256083C85EA010586EA2A
:10035000010685FA47F5A3FA87F586FA47F6A5FA66
:1003600087F68EB9EED1F0BC01F0FF0102F0070272
:1003700032B110F8013B013A83EA010313B1F8D11D
:100380000020704701387047002D06BF35460338FE
:10039000073815F0010F07D1013015F4807F02BF37
:1003A000013015F4C03F0130F0BC0138704700BF88
:1003B00081F0004102E000BF83F0004330B54FEA16
:1003C00041044FEA430594EA050F08BF90EA020F83
:1003D0001FBF54EA000C55EA020C7FEA645C7FEA16
:1003E000655C00F0E2804FEA5454D4EB5555B8BF39
:1003F0006D420CDD2C4480EA020281EA030382EAAA
:10040000000083EA010180EA020281EA0303362D3B
:1004100088BF30BD11F0004F4FEA01314FF4801C0E
:100420004CEA113102D0404261EB410113F0004F20
:100430004FEA03334CEA133302D0524263EB4303D7
:1004400094EA050F00F0A780A4F10104D5F1200E75
:100450000DDB02FA0EFC22FA05F2801841F10001D0
:1004600003FA0EF2801843FA05F359410EE0A5F1A4
:1004700020050EF1200E012A03FA0EFC28BF4CF0D5
:10048000020C43FA05F3C01851EBE37101F000458B
:1004900007D54FF0000EDCF1000C7EEB00006EEB98
:1004A0000101B1F5801F1BD3B1F5001F0CD3490822
:1004B0005FEA30004FEA3C0C04F101044FEA445279
:1004C00012F5800F80F09A80BCF1004F08BF5FEA00
:1004D000500C50F1000041EB045141EA050130BDE0
:1004E0005FEA4C0C404141EB0101013C28BFB1F5F2
:1004F000801FE9D291F0000F04BF01460020B1FA3D
:1005000081F308BF2033A3F10B03B3F120020CDA0F
:100510000C3208DD02F1140CC2F10C0201FA0CF0ED
:1005200021FA02F10CE002F11402D8BFC2F1200C52
:1005300001FA02F120FA0CFCDCBF41EA0C01904008
:10054000E41AA2BF01EB0451294330BD6FEA040451
:100550001F3C1CDA0C340EDC04F11404C4F120023C
:1005600020FA04F001FA02F340EA030021FA04F34E
:1005700045EA030130BDC4F10C04C4F1200220FAA5
:1005800002F001FA04F340EA0300294630BD21FAE3
:1005900004F0294630BD94F0000F83F4801306BFA9
:1005A00081F480110134013D4EE77FEA645C18BF9D
:1005B0007FEA655C29D094EA050F08BF90EA020F34
:1005C00005D054EA000C04BF1946104630BD91EA2C
:1005D000030F1EBF0021002030BD5FEA545C05D12F
:1005E0004000494128BF41F0004130BD14F580046E
:1005F0003CBF01F5801130BD01F0004545F0FE41E2
:1006000041F470014FF0000030BD7FEA645C1ABF16
:10061000194610467FEA655C1CBF0B46024650EA4D
:10062000013406BF52EA033591EA030F41F4002179
:1006300030BD00BF90F0000F04BF0021704730B5FF
:100640004FF4806404F132044FF000054FF00001D4
:1006500050E700BF90F0000F04BF0021704730B595
:100660004FF4806404F1320410F0004548BF40426A
:100670004FF000013EE700BF42004FEAE2014FEABF
:1006800031014FEA02701FBF12F07F4393F07F4F9A
:1006900081F06051704732F07F4208BF704793F09D
:1006A0007F4F04BF41F40021704730B54FF46074B0
:1006B00001F0004521F000411CE700BF50EA0102B3
:1006C00008BF704730B54FF000050AE050EA01025C
:1006D00008BF704730B511F0004502D5404261EBCC
:1006E00041014FF4806404F132045FEA915C3FF40D
:1006F000D8AE4FF003025FEADC0C18BF03325FEAAA
:10070000DC0C18BF033202EBDC02C2F1200300FA5A
:1007100003FC20FA02F001FA03FE40EA0E0021FA7F
:1007200002F11444BDE600BF70B54FF0FF0C4CF46D
:10073000E06C1CEA11541DBF1CEA135594EA0C0F1F
:1007400095EA0C0F00F0DEF82C4481EA030621EA5A
:100750004C5123EA4C5350EA013518BF52EA033595
:1007600041F4801143F4801338D0A0FB02CE4FF047
:100770000005E1FB02E506F00042E0FB03E54FF077
:100780000006E1FB03569CF0000F18BF4EF0010E6F
:10079000A4F1FF04B6F5007F64F5407404D25FEA6B
:1007A0004E0E6D4146EB060642EAC62141EA55511E
:1007B0004FEAC52040EA5E504FEACE2EB4F1FD0C60
:1007C00088BFBCF5E06F1ED8BEF1004F08BF5FEADE
:1007D000500E50F1000041EB045170BD06F0004690
:1007E00046EA010140EA020081EA0301B4EB5C043D
:1007F000C2BFD4EB0C0541EA045170BD41F4801135
:100800004FF0000E013C00F3AB8014F1360FDEBF59
:10081000002001F0004170BDC4F10004203C35DA35
:100820000C341BDC04F11404C4F1200500FA05F3B8
:1008300020FA04F001FA05F240EA020001F0004259
:1008400021F0004110EBD37021FA04F642EB0601CF
:100850005EEA430E08BF20EAD37070BDC4F10C04F9
:10086000C4F1200500FA04F320FA05F001FA04F2BD
:1008700040EA020001F0004110EBD37041F10001A9
:100880005EEA430E08BF20EAD37070BDC4F12005B4
:1008900000FA05F24EEA020E20FA04F301FA05F21C
:1008A00043EA020321FA04F001F0004121FA04F2C4
:1008B00020EA020000EBD3705EEA430E08BF20EA94
:1008C000D37070BD94F0000F0FD101F000464000CE
:1008D00041EB010111F4801F08BF013CF7D041EA50
:1008E000060195F0000F18BF704703F00046520054
:1008F00043EB030313F4801F08BF013DF7D043EA25
:100900000603704794EA0C0F0CEA135518BF95EADA
:100910000C0F0CD050EA410618BF52EA4306D1D161
:1009200081EA030101F000414FF0000070BD50EA80
:10093000410606BF1046194652EA430619D094EA0A
:100940000C0F02D150EA013613D195EA0C0F05D1F4
:1009500052EA03361CBF104619460AD181EA030148
:1009600001F0004141F0FE4141F470014FF0000000
:1009700070BD41F0FE4141F4780170BD70B54FF09B
:10098000FF0C4CF4E06C1CEA11541DBF1CEA13551B
:1009900094EA0C0F95EA0C0F00F0A7F8A4EB0504FD
:1009A00081EA030E52EA03354FEA013100F08880F4
:1009B0004FEA03334FF0805545EA131343EA1263BD
:1009C0004FEA022245EA111545EA10654FEA002672
:1009D0000EF000419D4208BF964244F1FD0404F52B
:1009E000407402D25B084FEA3202B61A65EB030587
:1009F0005B084FEA32024FF480104FF4002CB6EB44
:100A0000020E75EB030E22BFB61A754640EA0C00C3
:100A10005B084FEA3202B6EB020E75EB030E22BF03
:100A2000B61A754640EA5C005B084FEA3202B6EB44
:100A3000020E75EB030E22BFB61A754640EA9C0003
:100A40005B084FEA3202B6EB020E75EB030E22BFD3
:100A5000B61A754640EADC0055EA060E18D04FEA91
:100A6000051545EA16754FEA06164FEAC30343EA31
:100A700052734FEAC2025FEA1C1CC0D111F4801FFE
:100A80000BD141EA00014FF000004FF0004CB6E7F7
:100A900011F4801F04BF01430020B4F1FD0C88BF96
:100AA000BCF5E06F3FF6AFAEB5EB030C04BFB6EBA1
:100AB000020C5FEA500C50F1000041EB045170BD94
:100AC0000EF0004E4EEA113114EB5C04C2BFD4EBC1
:100AD0000C0541EA045170BD41F480114FF0000E45
:100AE000013C90E645EA060E8DE60CEA135594EAC1
:100AF0000C0F08BF95EA0C0F3FF43BAF94EA0C0FC4
:100B00000AD150EA01347FF434AF95EA0C0F7FF438
:100B100025AF104619462CE795EA0C0F06D152EA8C
:100B200003353FF4FDAE1046194622E750EA410670
:100B300018BF52EA43067FF4C5AE50EA41047FF481
:100B40000DAF52EA43057FF4EBAE12E74FF0FF3CE6
:100B500006E000BF4FF0010C02E000BF4FF0010CB7
:100B60004DF804CD4FEA410C7FEA6C5C4FEA430C30
:100B700018BF7FEA6C5C1BD001B050EA410C0CBF7F
:100B800052EA430C91EA030F02BF90EA020F0020E1
:100B9000704710F1000F91EA030F58BF994208BF48
:100BA00090422CBFD8176FEAE37040F00100704705
:100BB0004FEA410C7FEA6C5C02D150EA013C07D15C
:100BC0004FEA430C7FEA6C5CD6D152EA033CD3D0A7
:100BD0005DF8040B704700BF8446104662468C46A1
:100BE0001946634600E000BF01B5FFF7B7FF0028D4
:100BF00048BF10F1000F01BD4DF808EDFFF7F4FFFD
:100C00000CBF012000205DF808FB00BF4DF808ED87
:100C1000FFF7EAFF34BF012000205DF808FB00BFAA
:100C20004DF808EDFFF7E0FF94BF012000205DF8CC
:100C300008FB00BF4DF808EDFFF7CEFF94BF012081
:100C400000205DF808FB00BF4DF808EDFFF7C4FF7A
:100C500034BF012000205DF808FB00BF4FEA410CC3
:100C60007FEA6C5C02D150EA013C0AD14FEA430CA6
:100C70007FEA6C5C02D152EA033C02D14FF00000E3
:100C800070474FF0010070474FEA410212F5001221
:100C900015D211D56FF47873B3EB625212D94FEAC3
:100CA000C12343F0004343EA505311F0004F23FAAD
:100CB00002F018BF404270474FF00000704750EA02
:100CC000013005D111F0004008BF6FF000407047BF
:100CD0004FF00000704700BF4A0011D212F5001219
:100CE00011D20DD56FF47873B3EB62520ED44FEA84
:100CF000C12343F0004343EA505323FA02F0704704
:100D00004FF00000704750EA013002D14FF0FF3041
:100D100070474FF00000704753B94AB9002908BF27
:100D200000281CBF4FF0FF314FF0FF3000F0A0B99A
:100D3000ADF1080C6DE904CE00F03CF8DDF804E0FC
:100D4000DDE9022304B0704738B5002200230446D1
:100D50000D46FFF75BFF28B920462946BDE838401D
:100D600000F00AB8204605F1004100F005F84042C5
:100D700061EB410138BD00BFD0B50C4B00220646E7
:100D80000F46FFF7D1FCFFF7A7FF0446FFF752FC21
:100D9000074B0022FFF7C8FC02460B463046394697
:100DA000FFF70AFBFFF798FF2146D0BD0000F03D9A
:100DB0000000F0412DE9F047089D0C46002B4ED174
:100DC00094468C458646B2FA82F262D94AB1C2F1A3
:100DD0002003914020FA03F30CFA02FC194300FAB5
:100DE00002FE4FEA1C471FFA8CF6B1FBF7F44FEAFC
:100DF0001E4307FB141143EA014304FB06F1994229
:100E00000AD91CEB030304F1FF3080F012819942F0
:100E100040F20F81023C6344591A1FFA8EF3B1FB72
:100E2000F7F007FB101143EA014300FB06F69E4270
:100E30000AD91CEB030300F1FF3180F0FC809E42D5
:100E400040F2F980634402389B1B40EA04400021D1
:100E50001DB1D3400022C5E90032BDE8F0878B42C6
:100E600005D90DB1C5E9000100210846F5E7B3FA3F
:100E700083F1002946D1A34202D39042C0F0F08012
:100E8000861A64EB03030120002DE6D0C5E9006358
:100E9000E3E7002A40F09080A1EB0C044FEA1C48E5
:100EA0001FFA8CF70121B4FBF8F64FEA1E4308FB4A
:100EB000164443EA044307FB06F0984208D91CEBAA
:100EC000030306F1FF3402D2984200F2CD80264699
:100ED0001C1A1FFA8EF3B4FBF8F008FB104443EA27
:100EE000044300FB07F79F4208D91CEB030300F102
:100EF000FF3402D29F4200F2B0802046DB1B40EA62
:100F00000640A5E7C1F120068B4022FA06F71F43F1
:100F100020FA06FC04FA01F343EA0C03F44000FA59
:100F200001F8380C4FEA1349B4FBF0FE1FFA87FCB6
:100F300000FB1E4449EA04440EFB0CF9A14502FAE9
:100F400001F20AD93C190EF1FF3A80F08480A145E4
:100F500040F28180AEF1020E3C44A4EB09041FFA7A
:100F600083F9B4FBF0F300FB134449EA044403FBA8
:100F70000CFCA44507D93C1903F1FF3067D2A44506
:100F800065D9023B3C4443EA0E40A0FB0293A4EB2C
:100F90000C049C42CE469C4651D34ED055B1B8EB82
:100FA0000E0364EB0C0404FA06F6CB401E43CC405F
:100FB000C5E90064002150E7C2F1200320FA03F1E3
:100FC0000CFA02FC24FA03F394400C434FEA1C4849
:100FD00000FA02FE1FFA8CF7B3FBF8F008FB1031A1
:100FE000230C43EA014300FB07F1994208D91CEBAB
:100FF000030300F1FF362CD299422AD90238634408
:101000005B1AA4B2B3FBF8F108FB113344EA0344C2
:1010100001FB07F3A34208D91CEB040401F1FF36DE
:1010200013D2A34211D902396444E41A41EA0041BF
:1010300039E70446F0E6084606E7C845AED2B9EB04
:10104000020E63EB070C0138A8E73146EDE70346D3
:1010500099E73046D4E7D6467FE7634402384DE748
:101060000646234608460FE7023E634430E700BFCA
:10107000704700BFF0B58DB00AAF764B764A9A60E4
:1010800062B600BF0EF03AFB00F000F900F090FBF2
:1010900002F0B2FC02F0E8FC02F064FD02F08CFD0C
:1010A00002F0B4FD6D4B002205926D4903AA03C9FD
:1010B00082E803006B4901AA03C982E803005A6869
:1010C00000921B6800226849684808F0CBF868491C
:1010D000664807F06DFF01224FF4005165480DF09E
:1010E0000FFE01224FF4004162480DF009FE01227B
:1010F0004FF480415F480DF003FE0023FB70642332
:10110000BB70012201215C480DF0FAFD584B9B7D1C
:10111000002B0CBF01230023DAB2554B9B7DFF2B24
:101120000CBF01230023DBB21343DAB2534B1B780D
:101130001343DBB2002B6AD0514809F019F84C4B2D
:101140000022DA714A4B01221A72494B01225A7568
:10115000474B00221A70464BC0225A72444BA822B9
:101160009A72434B0122DA72414ABB781373404BA7
:10117000FF225A733E4BFF229A733D4BFF22DA73D4
:101180003B4B00221A743A4BC0225A74384BA822A7
:101190009A74374B0122DA74354B01221A75344B9D
:1011A00044225A70324B84229A70314B2322DA70D7
:1011B0002F4B84221A712E4B44225A712C4AFB78F1
:1011C00093712B4B0022DA75294B00225A760022AC
:1011D0009A76274B2E229A75254E6C4606F10C0501
:1011E0000FCD0FC40FCD0FC495E803002060043469
:1011F000218002340B0C237096E80E001B4807F088
:10120000EBFE1B49194807F0D3FE00F0B5F8184B68
:101210001C4AC3F81B2000237B600DE01A4A7B6840
:10122000002142F83310184A7B68DB001344FF2288
:101230001A717B6801337B607B68602BEEDD0121D6
:101240000A4808F05DF900F0CBFB14F0BDF800BFD0
:10125000FDE700BF00ED00E00000010804000020F1
:10126000140000200C000020F45800200C0D002079
:101270001C0000200008024000000240600D002019
:1012800058A30308945900207C02002080B594B034
:1012900000AF07F1200330220021184626F0CCFCD5
:1012A00007F10C0300221A605A609A60DA601A6132
:1012B0000023BB602E4B1B6C2D4A43F080531364FC
:1012C0002B4B1B6C03F08053BB60BB6800237B601F
:1012D000284B1B68274A43F480431360254B1B6847
:1012E00003F480437B607B6801233B624FF48033CF
:1012F0007B620223BB634FF48003FB6306233B64E2
:10130000A0237B640223BB640423FB6407F1200356
:1013100018460CF0CFFB0346002B14BF012300231B
:10132000DBB2002B01D000F0EFF90F23FB600223AA
:101330003B6100237B614FF4A053BB614FF48053AA
:10134000FB6107F10C03052118460CF02BFE034648
:10135000002B14BF01230023DBB2002B01D000F0CF
:10136000D3F90CF005FF00BF5037BD4680BD00BF6C
:10137000003802400070004080B582B000AF01220A
:101380004FF400412E480DF0BBFC01224FF40051F8
:101390002B480DF0B5FC01224FF4804128480DF098
:1013A000AFFC00237B6032E000224FF480412448F0
:1013B0000DF0A6FC4FF496700EF0E2F901224FF406
:1013C00080411F480DF09CFC00224FF400511C4846
:1013D0000DF096FC4FF496700EF0D2F901224FF406
:1013E000005117480DF08CFC00224FF400411448C6
:1013F0000DF086FC4FF496700EF0C2F901224FF406
:1014000000410F480DF07CFC7B6801337B607B68FA
:10141000042BC9DD01224FF4004109480DF070FC96
:1014200001224FF4005106480DF06AFC01224FF4EE
:10143000804103480DF064FC00BF0837BD4680BD05
:101440000008024080B590B000AF78610B467B8207
:101450007B691A687D4BD3F81B301B689A4210D108
:101460007B4A7B8A1380794BD3F81B304FF4807210
:101470007849184610F0A5FB774B1B68184614F006
:1014800037F97B691B68754A934240F09E80744B24
:101490001B887A8AD31AFB87786910F04CFCB863F2
:1014A000BB6B002B65D0BB6B022B7BD16D4B1B88BC
:1014B0001A466D4B13446A4A128811466B4A11440E
:1014C000FA8F184626F0DFFC664B1B881A46FB8F06
:1014D0001344013B644AD35C0D2B09D0614B1B883C
:1014E0001A46FB8F1344013B5F4AD35C002B35D176
:1014F0005C4B1B881A46FB8F13445B4A0021D15476
:101500005B4B1B68574A128811460022184614F09C
:1015100061F978637B6B002B19D0554B19683B46FA
:101520000022184614F096F907F124033A4607CA38
:1015300083E807007B6A102BEFD04D4B1B68494AAC
:10154000128811460022184614F044F97863494B7A
:1015500000221A80434B00221A8006E0414B1A8871
:10156000FB8F13449AB23F4B1A803D4A7B8A13800B
:101570001DE03C4B1B881A463B4B1344384A1288EB
:1015800011463A4A1144FA8F184626F07CFC354B36
:101590001A88FB8F13449AB2324B1A80304B0022C8
:1015A0001A8004E0B96B344808F0E2FD00BF4FF444
:1015B00000722E49786910F061FB304B1B681A6885
:1015C0002E4B1B6822F008021A607B691B682C4AAC
:1015D000934236D17B8A1A462A49234826F053FC87
:1015E000294B1B68798A0022184614F0F3F83863F7
:1015F0003B6B002B17D0244B19683B460022184642
:1016000014F028F907F118033A4607CA83E80700DF
:10161000BB69102BEFD01C4B1B68798A002218463F
:1016200014F0D8F8386340F205121649786910F0C2
:1016300025FB164B1B681A68144B1B6822F0080226
:101640001A6000BF4037BD4680BD00BF1C000020AF
:10165000EC4C0020E44A00206C51002000140140B2
:10166000B0470020AC470020AC430020AC45002030
:101670005C510020AE47002068A30308E45A002014
:1016800000100140C848002060510020245A00206A
:1016900080B582B000AF78607B681B68064A9342D1
:1016A00005D1786810F00EFA044B01221A7000BFC1
:1016B0000837BD4680BD00BF001001404F0000202C
:1016C00080B582B000AF7860054B1B687A689A429B
:1016D00001D108F031FD00BF0837BD4680BD00BF15
:1016E000800D002080B582B000AF78607B681B68F9
:1016F000044A934201D10EF023F800BF0837BD46DB
:1017000080BD00BF0014004080B500AF034808F062
:101710002FFD72B600BF00BFFDE700BFA0A3030806
:1017200080B582B000AF786039607B68012B24D12E
:101730003B684FF6FF7293421FD1124808F065FBD9
:10174000114A12490F4824F0B2FF114808F05DFB1E
:101750000D4A0E490E4824F0AAFF0E4808F055FB2A
:10176000094A0A490B4824F0A2FF0B4808F000FA86
:10177000054A0A49084824F09AFF00BF0837BD46C9
:1017800080BD00BF7C0C0020000000206B9E010883
:10179000AC0C0020DC0C00200C0D00208D9B0108FF
:1017A00080B500AF4FF6FF710120FFF7B9FF80BD94
:1017B00080B58CB000AF07F11C0300221A605A609C
:1017C0009A60DA601A610023BB615C4B1B6B5B4A59
:1017D00043F010031363594B1B6B03F01003BB6101
:1017E000BB6900237B61554B1B6B544A43F00403D8
:1017F0001363524B1B6B03F004037B617B69002373
:101800003B614E4B1B6B4D4A43F0800313634B4BC4
:101810001B6B03F080033B613B690023FB60474B7C
:101820001B6B464A43F001031363444B1B6B03F0ED
:101830000103FB60FB680023BB60404B1B6B3F4A0E
:1018400043F0020313633D4B1B6B03F00203BB60C9
:10185000BB6800237B60394B1B6B384A43F008039D
:101860001363364B1B6B03F008037B607B6800221D
:101870004FF4604132480DF043FA002248F2010172
:1018800030480DF03DFA002213212F480DF038FAB0
:101890000423FB6100233B6202237B6207F11C03EC
:1018A00019462A480DF090F84FF46043FB6101237C
:1018B0003B6200237B620023BB6207F11C031946D5
:1018C0001F480DF081F848F20103FB6101233B62E0
:1018D00000237B620023BB6207F11C0319461948F1
:1018E0000DF072F81823FB6103233B6200237B6237
:1018F00007F11C03194613480DF066F84FF47F43B7
:10190000FB6100233B6202237B6207F11C03194643
:101910000D480DF059F81323FB6101233B620023AE
:101920007B620023BB6207F11C03194606480DF0D9
:101930004BF800BF3037BD4680BD00BF00380240C5
:101940000008024000000240000C0240001002406B
:1019500080B400AFBFF34F8F00BF064BDB6803F4CA
:10196000E0620449044B1343CB60BFF34F8F00BFC9
:1019700000BFFDE700ED00E00400FA0580B584B08B
:1019800000AF78600DF0F0FEF860FA687B689A426C
:1019900003D3FA687B68D31A03E0FA687B68D31A2A
:1019A000013B18461037BD4680BD000080B485B0AD
:1019B00000AFF860B9607A60FB68074A1A60BB68DC
:1019C000064A1A607B6880221A6000BF1437BD4641
:1019D0005DF8047B704700BF78510020F052002072
:1019E000B0B5C6B000AF0023C7F810310023C7F868
:1019F000143107F58873184613F05DFD03467B4AE2
:101A000013600023C7F808310023C7F80C3107F52D
:101A10008473184613F04FFD0346754A1360002384
:101A2000C7F800310023C7F8043107F5807301219E
:101A3000184613F0DDFD03466E4A13600023C7F815
:101A4000F8300023C7F8FC3007F1F80301211846ED
:101A500013F0CEFD0346684A13600023C7F8F03048
:101A60000023C7F8F43007F1F0030121184613F002
:101A7000BFFD0346614A13600023C7F8E830002326
:101A8000C7F8EC3007F1E8030121184613F0B0FD68
:101A900003465B4A13605B4B07F1D8040FCB84E825
:101AA0000F0007F1D8030021184613F06AFE034621
:101AB000554A1360554B07F1C8040FCB84E80F005B
:101AC00007F1C8030021184613F05BFE0346504A95
:101AD0001360504B07F1AC041D460FCD0FC495E8C1
:101AE000070084E8070007F1AC030021184613F053
:101AF00082FC0346484A1360484B07F190041D4698
:101B00000FCD0FC495E8070084E8070007F19003A4
:101B10000021184613F06FFC0346414A1360414B05
:101B200007F174041D460FCD0FC495E8070084E843
:101B3000070007F174030021184613F05CFC03460C
:101B4000394A1360394B07F158041D460FCD0FC4B5
:101B500095E8070084E8070007F1580300211846BC
:101B600013F049FC0346324A1360324B07F13C0440
:101B70001D460FCD0FC495E8070084E8070007F164
:101B80003C030021184613F036FC03462A4A136032
:101B90002A4B07F120041D460FCD0FC495E807001E
:101BA00084E8070007F120030021184613F023FC06
:101BB0000346234A136007F58C73A3F58A73214A01
:101BC0001C4615460FCD0FC495E8070084E80700B2
:101BD0003B1D0021184613F00EFC03461A4A136001
:101BE00000BF07F58C77BD46B0BD00BF385100205F
:101BF0003C51002064510020685100206C510020AD
:101C000070510020B0A303085C510020C0A303085A
:101C100060510020DCA3030840510020FCA303080E
:101C20004451002020A403084851002048A4030880
:101C30004C51002070A403085051002098A40308C0
:101C400054510020C0A403085851002080B588B02A
:101C500000AF734808F08CFA1021724809F086F939
:101C6000B860714ABB681360B968704808F080FAC0
:101C70000023FB6158E06E4BBB616A49FA69134669
:101C8000DB009B1A1B010B446C331B780A2B02D11F
:101C9000684BBB6136E06349FA691346DB009B1A67
:101CA0001B010B446C331B780B2B02D1624BBB61C5
:101CB00028E05C49FA691346DB009B1A1B010B44C0
:101CC0006C331B78142B02D15C4BBB611AE0554975
:101CD000FA691346DB009B1A1B010B446C331B781B
:101CE0001E2B02D1564BBB610CE04E49FA691346DC
:101CF000DB009B1A1B010B446C331B781F2B01D19B
:101D0000504BBB614749FA691346DB009B1A1B0124
:101D10000B4460331B781A46BB69F9694A4808F0DE
:101D200027FAFB690133FB61FA69BB689A4202D268
:101D3000FB690F2B9FD9454B1B684FF0FF311846AD
:101D400013F0D2FB00237B6100233B6158E035494F
:101D50003A691346DB009B1A1B010B4460331B7866
:101D6000002B4AD02F493A691346DB009B1A1B010E
:101D70000B4460331B78112B3FD82A493A6913462C
:101D8000DB009B1A1B010B446C331B781F2B01D10A
:101D9000062300E003237B600023FB6026E07B69D1
:101DA000D8B220493A691346DB009B1AFA681344FB
:101DB0001B010B440C3302461A703A691346DB00D0
:101DC0009B1A1B01174A1A4421497B6941F83320A9
:101DD000FB68D9B21E4A7B69DB0013440A461A71BC
:101DE0007B6901337B61FB680133FB60FA687B68C8
:101DF0009A4202DA7B695F2BD1DD3B6901333B619B
:101E00003A69BB689A42A2D3104B1B68184613F07C
:101E1000B9FB104808F0ACF900BF2037BD4680BDC3
:101E2000DCA403087C050020B447002000A50308BB
:101E30001CA5030824A503082CA5030838A503083E
:101E400040A503084CA5030858A503083C510020F1
:101E50007C02002078A5030880B586B000AF7860CA
:101E60000BF0ACF8444808F095F810224349444878
:101E700008F07EF9434806F0FFFF0346002B14BF2D
:101E800001230023DBB2002B03D03F4808F070F998
:101E900007E03E4808F06CF907F05AF83C4808F0B3
:101EA00067F93C4805F0FEFD09F04AFE09F06AFEBC
:101EB000394808F05DF900237B820023FB6040F283
:101EC0000512364936480FF0D9FE364B1B681A68A2
:101ED000344B1B6822F008021A60FFF7B7FE324B42
:101EE0001B684FF0FF31184613F0FEFA00237B61A8
:101EF00019E02E497A691346DB009B1A1B010B443B
:101F000060331B78002B0AD07A691346DB009B1ADA
:101F10001B01264A1344184609F090FB00E000BF5D
:101F20007B6901337B617A69214B1B689A42E0D35C
:101F30001D4B1B68184613F025FB0A2013F0A7FA67
:101F40000DF012FC02461B4B1B68D31A47F22F52AE
:101F500093428CBF01230023DBB2002BBFD00DF0D6
:101F600003FC0346134A1360114B1B68DBB219468E
:101F70000E4806F0CFFCB2E7DC590020A0A503080C
:101F8000ACA50308404D0020C4A50308E4A5030840
:101F90000CA603080C0D00202CA60308C84800203E
:101FA0004C590020245A00203C5100207C05002080
:101FB000B4470020F054002080B582B000AF7860B4
:101FC00001224FF4005120480CF09AFE01224FF4F8
:101FD00080411D480CF094FE01224FF400411A4844
:101FE0000CF08EFE4FF480421749184807F09EFE11
:101FF0004FF400521449164807F098FE4FF400427F
:102000001149144807F092FE0021104807F0EFFE36
:1020100000210F4807F0EBFE64234FF4FA62012120
:102020000C4807F0CEFE0B4807F09AFE074807F071
:10203000B8FD074807F0B5FD064807F0B2FD0120DE
:1020400013F025FA00BFF1E7000802407C0C0020E5
:10205000AC0C0020DC0C002090B58DB002AF786095
:1020600002E0012013F013FA634B5B68002BF8D0F9
:10207000624807F075FE4FF47A7013F008FA5F4873
:1020800007F092FE5E4823F039FA03461322194600
:102090005C4825F00BFE5B4B0022DA7400233B61A9
:1020A0000023FB8100220021102014F0A3F97862A4
:1020B0007B6A002B00F09B8051220021786A14F08B
:1020C00053FA0346FB75FB7D5BB2002B0CBF01236B
:1020D0000023DBB2002B00F08A80FF21786A14F025
:1020E0007BFA07F11C031946786A14F0A1FA03463B
:1020F000BB75BB7D5BB2002B0CBF01230023DBB2A1
:10210000002B6CD03D4807F02BFE3F4808F030F81C
:1021100045E0BB6907F10E0207F11001184616F001
:1021200029FAFB8940F2FF12934228BF13469BB263
:102130003B623B693A6A1946344825F0A4FE334AAB
:102140003B6A134400221A703049314808F010F8F5
:102150003B6A002B14D02F4B00221A704FF40072F0
:102160002C492A4804F022FCFC692A48FEF7C2F8F0
:1021700002460023009301232649204614F0DAFC8E
:10218000BB69184616F040FA0346DB43DBB2DB09B5
:10219000DBB2002BBDD1BB69184616F0CBF9FB6949
:1021A00007F118021146184614F04AFC03461A4675
:1021B000BA75002B0CBF01230023DBB2002BA8D182
:1021C000FB69184614F0B8FDFB69184614F0B0F925
:1021D000114807F0CDFF094807F0E6FD03E0FB6971
:1021E000184614F0A5F9142013F051F979E70120ED
:1021F00013F04DF956E700BFF4C000207C0C00201E
:10220000F8C00020D049002044A60308F454002060
:1022100054A60308F456002060A6030880B586B0D3
:1022200002AF78603E4BD3F81B304FF480723D49CB
:1022300018460FF0C6FC0346FB733B4B1B684FF080
:10224000FF31184613F006FA384B1B681B78102B29
:102250005FD10DF089FA0346354A9360344B5B68D1
:102260001846FFF78BFB0346314A53612C4BDB7D4D
:10227000002B02D0012B38D043E00DF075FA034655
:102280002B4AD3602A4B9B681846FFF777FB03461F
:10229000274A9361274B1B881946274B1B88274ADF
:1022A000204808F01FF9B860214B1969204B5A6982
:1022B0001F4B9B69224807F05BFFBB68002B0ADCC1
:1022C000BB6813F1020F03D11E4807F051FF02E073
:1022D0001D4807F04DFF154B1868BA68002300939E
:1022E0000123164914F026FC0FE0104B1868114B1F
:1022F0001B881A460023009301230A4914F01AFC94
:1023000003E0124807F034FF00BF0A4B00221A8096
:1023100002E0084B00221A80012013F0B8F88CE785
:102320001C000020E44A00206C51002054000020D2
:10233000640D0020EC4C0020B8470020E84B002042
:1023400070A60308B4A60308D4A60308FCA60308D5
:1023500080B58CB000AF786002E0012013F097F8F0
:102360006F4B5B68002BF8D007F118037B610023EB
:102370003B610023FB8100220021102014F03AF879
:102380000346684A1360674B1B68002B00F0C3804C
:10239000644B1B684FF4FB720021184614F0E4F8FC
:1023A000034687F82F3097F92F30002B40F0B38089
:1023B0005C4B1B68FF21184614F00EF9594B1B6843
:1023C0005949184614F034F9034687F82E3097F926
:1023D0002E30002B40F0968078E07B6907F10E02EA
:1023E00007F11001184616F0C5F80DF0BDF90346C7
:1023F0004E4A13604E4BDB7D002B02D0012B3FD0A9
:1024000051E03869FB8919464A4B4B4A08F02FF8CE
:10241000B862BB6A002B2FDDB96A474807F0F8FFA6
:102420000346002B14BF01230023DBB2002B02D193
:10243000424807F09DFE0DF097F903463B4A536072
:102440003A4B1B681846FFF799FA0346374A13615F
:10245000012210213A480CF053FC354BD3F81B00F5
:10246000BB6A9AB2642334490FF030FA002210217B
:1024700033480CF045FC1AE0324825F01BFA16E010
:10248000012210212E480CF03BFC294BD3F81B00F5
:102490003969FA8964230FF019FA002210212848BB
:1024A0000CF02EFC03E0284807F062FE00BF7B69B9
:1024B000184616F0A9F80346DB43DBB2DB09DBB2B2
:1024C000002B8AD17B69184616F034F8164B1B682E
:1024D00007F114021146184614F0B2FA0346002B15
:1024E0000CBF01230023DBB2002B7FF476AF0E4B31
:1024F0001B68184614F020FC0B4B1B68184614F0A0
:1025000017F804E0084B1B68184614F011F8012076
:1025100012F0BDFF52E70A2012F0B9FF2BE700BF0F
:10252000F4C000205000002054000020640D002062
:102530001C000020B8470020E449002010A7030831
:10254000000C024028A70308FCA6030880B58CB045
:1025500000AF78604FF400725F4960480FF08EFB67
:102560005F4B1B681A685E4B1B6822F008021A60FA
:102570005C4B196807F10C0341F28832184613F0DE
:1025800069F9FB68102B40F0A3800121564807F041
:10259000F4FB564803F000F8B862BB6A002B00F069
:1025A00094805349B86A03F02BFE78625149B86AA7
:1025B00003F026FE38625049B86A03F021FEF86144
:1025C0004E49B86A03F01CFEB861786A04F089F8D5
:1025D0000346002B0ED0786A01F0DEFE51EC100BA2
:1025E0004FF00002464BFEF707FB0346002B01D0DD
:1025F000012300E00023002B60D0002387F82F3058
:10260000F86904F057F80346002B14BF0123002398
:10261000DBB2002B03D0012387F82F3002E0002328
:1026200087F82F30386A04F05CF80346002B14BF9B
:1026300001230023DBB2002B3CD03B6A5B69013BEA
:10264000062B33D801A252F823F000BF69260108F7
:10265000772601087F2601088726010897260108AA
:10266000A52601088F26010897F82F301946B8696A
:1026700000F05CF825E0B86900F0DAFA21E0B8690A
:1026800000F08CFB1DE0B86900F02AFD19E0B86984
:1026900000F09EFE15E097F82F301946B86901F05A
:1026A0002BF80EE0B86901F0FFF80AE0154807F0D2
:1026B0005FFD06E0144807F05BFD02E0134807F0F9
:1026C00057FDB86A01F02EFF02E0114807F050FDF7
:1026D0000A2012F0DCFE4BE7AC450020DC5900205C
:1026E000E45A00205C510020AC0C0020AC430020D8
:1026F00044A7030848A7030854A7030864A70308CE
:102700000000F03F68A7030884A7030898A7030800
:10271000A8A7030880B582B000AF786007F07CFC02
:10272000012012F0B4FE00BFF8E700002DE9F043ED
:10273000B1B00AAF78600B46FB709749786803F038
:102740005FFDC7F890009549786803F059FDC7F818
:102750008C009349786803F053FDC7F888009149CD
:10276000786803F04DFDC7F884008F49786803F05E
:1027700047FDC7F880008D49786803F041FDF86790
:102780008B49786803F03CFDB8678A49786803F0A4
:1027900037FD78678849786803F032FD38678749E4
:1027A000786803F02DFDF8668549786803F028FD08
:1027B000B8668449786803F023FD7866002387F8BB
:1027C0009730D7F88C30002B13D0D7F88C0003F05B
:1027D00071FF0346002B0CD0D7F89030002B08D0A7
:1027E000D7F8900003F094FF0346002B01D001239B
:1027F00000E00023002B44D0D7F890301B693B66E3
:102800003B6E002B3DD03B6E1B78002B39D007F17F
:102810004C0107F1500207F14403019307F148030B
:1028200000930B466849386E25F0A0F80346042B48
:102830000DD13B6DFF2B0AD8FB6CFF2B07D8BB6C6F
:10284000FF2B04D87B6CFF2B01D8012300E0002371
:10285000002B13D03B6DDAB25C4B5A72FB6CDAB2D0
:102860005A4B9A72BB6CDAB2584BDA727B6CDAB2A2
:10287000564B1A73012387F8973002E0544807F04B
:1028800077FCD7F88430002B13D0D7F8840003F0FE
:1028900011FF0346002B0CD0D7F88830002B08D04E
:1028A000D7F8880003F034FF0346002B01D0012342
:1028B00000E00023002B58D0D7F888301B69FB6557
:1028C000FB6D002B51D0FB6D1B78002B4DD007F119
:1028D0003C0107F1400207F12C03039307F1300399
:1028E000029307F13403019307F1380300930B4679
:1028F0003849F86D25F03AF80346062B13D13B6CA6
:10290000FF2B10D8FB6BFF2B0DD8BB6BFF2B0AD80E
:102910007B6BFF2B07D83B6BFF2B04D8FB6AFF2B8D
:1029200001D8012300E00023002B1BD03B6CDAB25E
:10293000264B5A70FB6BDAB2244B9A70BB6BDAB23F
:10294000224BDA707B6BDAB2204B1A713B6BDAB236
:102950001E4B5A71FB6ADAB21C4B9A71012387F83D
:10296000973002E01C4807F003FCFB6F002B35D0CA
:10297000F86F03F09FFE0346002B2FD0D7F880306E
:10298000002B2BD0D7F8800003F0C2FE0346002BAB
:1029900024D0012323E000BFB8A70308BCA7030885
:1029A000C4A70308C8A70308D0A70308D8A703082B
:1029B000E4A70308ECA70308F4A70308F8A7030893
:1029C00000A8030808A8030810A803081C0000209A
:1029D0001CA803083CA8030850A803080023002BE8
:1029E00044D0D7F880301B69BB65BB6D002B3DD050
:1029F000BB6D1B78002B39D007F1240107F12802A9
:102A000007F11C03019307F1200300930B467E4955
:102A1000B86D24F0ABFF0346042B0DD1BB6AFF2B2E
:102A20000AD87B6AFF2B07D83B6AFF2B04D8FB69C7
:102A3000FF2B01D8012300E00023002B13D0BB6A39
:102A4000DAB2724B5A747B6ADAB2704B9A743B6A90
:102A5000DAB26E4BDA74FB69DAB26C4B1A75012389
:102A600087F8973002E06A4807F082FB7B6F002B03
:102A700010D0786F03F01EFE0346002B0AD0BB6F08
:102A8000002B07D0B86F03F043FE0346002B01D0A4
:102A9000012300E00023002B43D0BB6F1B697B6543
:102AA0007B6D002B3DD07B6D1B78002B39D007F15F
:102AB000140107F1180207F10C03019307F1100349
:102AC00000930B465049786D24F050FF0346042BC9
:102AD0000DD1BB69FF2B0AD87B69FF2B07D83B6957
:102AE000FF2B04D8FB68FF2B01D8012300E0002353
:102AF000002B13D0BB69DAB2444B5A737B69DAB24C
:102B0000424B9A733B69DAB2404BDA73FB68DAB234
:102B10003E4B1A74012387F8973002E03D4807F0D6
:102B200027FBFB6E002B0DD0F86E03F0C3FD0346B0
:102B3000002B07D03B6F002B04D0386F03F0E8FD6B
:102B40000346002B7B6E002B0AD0786E03F0B2FD9B
:102B50000346002B04D0BB6E002B01D0012300E004
:102B60000023002B0DD0B86E03F0A4FD0346002B0C
:102B700001D0012200E00022244B5A75012387F87E
:102B8000973097F89730002B36D0234807F0F0FAAB
:102B9000FB78002B33D01D4B1A6891465A6890463B
:102BA0009A68964603F10C046E4604F1200C3546F3
:102BB0002346186859689A68DB680FC510341036C8
:102BC0006445F4D1334622461068186091889279A2
:102BD00099809A71494642467346104806F0FCF9BE
:102BE0000346002B04D033210D4807F0C1FA06E05C
:102BF0000C4807F0BDFA02E00B4807F0B9FA00BF35
:102C00009C37BD46BDE8F08310A803081C000020D7
:102C100070A8030894A80308B4A803080C0D0020AA
:102C2000CCA80308E8A80308FCA8030800000000DB
:102C300080B588B000AF78604B4B1B78002B00F05C
:102C4000818003F023FDB86103F00CFD7861474BF0
:102C50001B684FF0FF31184612F046FC0023FB6161
:102C600040E003F013FDF860414AFB69DB001344C8
:102C70001B79FB723E4AFB6952F83320FB7A1B0139
:102C800013440C331B781846FDF7D4FC02460B4660
:102C900043EC102B3749F86803F0EEFB344AFB692C
:102CA00052F8333093F860301846FDF7C3FC024603
:102CB0000B4643EC102B3049F86803F0DDFBFB7A40
:102CC0001846FDF7B7FC02460B4643EC102B2B4988
:102CD000F86803F0D1FBF968786903F0E7FAFB695B
:102CE0000133FB61204B1B781A46FB699342B8DB2A
:102CF0001E4B1B68184612F045FC9FED170B204930
:102D0000B86903F0B9FB1F4A1F49B86903F0D8FB43
:102D10009FED130B1D49B86903F0AEFB7A691C499E
:102D2000B86903F031FBB86902F0CEFC386139694B
:102D3000184807F01DFA386923F0C6FCB86901F09D
:102D4000F1FB02E0144807F013FA00BF2037BD463C
:102D500080BD00BFAFF30080000000000000F03F26
:102D600000000000000000401C0000203C5100203A
:102D70007C02002018A903081CA9030828A903083D
:102D800044A70308A0A5030830A9030848A703081F
:102D900064A703083CA9030840A903082DE9F043F0
:102DA000A1B00AAF7860B849786803F029FA3865AD
:102DB000386D01F0F1FA53EC102B10461946FDF76F
:102DC00063FF0346FB64FB6C013B042B00F2528162
:102DD00001A252F823F000BFED2D01089F2E01083B
:102DE000012F0108092F010863300108A7497868FD
:102DF00003F006FA7861A649786803F001FA3861B1
:102E0000786901F0C9FA53EC102B10461946FDF70A
:102E10003BFF0346FB60386901F0BEFA53EC102B10
:102E200010461946FDF730FF0346BB60994807F08E
:102E30009FF9FEF70BFF984B1A6891465A68904627
:102E40009A68964603F10C046E4604F1200C354650
:102E50002346186859689A68DB680FC51034103625
:102E60006445F4D1334622461068186091889279FF
:102E700099809A71494642467346884806F0ACF8F4
:102E80000346002B04D03321854807F071F902E096
:102E9000844807F06DF9844807F06AF9EEE0834949
:102EA000786803F0ADF9F8628149786803F0A8F911
:102EB000B8628049786803F0A3F97862F86A01F093
:102EC0006BFA53EC102B10461946FDF7DDFE034656
:102ED0003B62B86A01F060FA53EC102B10461946B9
:102EE000FDF7D2FE0346FB61786A01F055FA53EC18
:102EF000102B10461946FDF7C7FE0346BB61BDE027
:102F00006D4807F035F9B9E06849786803F078F959
:102F1000B8646A49786803F073F978646849786836
:102F200003F06EF938646749786803F069F9F8636B
:102F3000B86C01F031FA53EC102B10461946FDF72E
:102F4000A3FE0346BB63786C01F026FA53EC102B0A
:102F500010461946FDF798FE03467B63386C03F074
:102F6000A9FB0346002B14BF0123002387F833304D
:102F7000F86B03F09FFB0346002B14BF01230023D3
:102F800087F83230504B1B684FF0FF31184612F073
:102F9000ABFA97F83230002B31D000237B6527E065
:102FA0004A4A7B6D52F83330002B1ED0474A7B6D66
:102FB000DB0013441B7987F83030444A7B6D52F8AC
:102FC000331097F830307A6B1B010B4404331A60CE
:102FD0003E4A7B6D52F8332097F8303097F8331023
:102FE0001B0113440B330A461A707B6D01337B655A
:102FF0007B6D5F2BD4DD364807F0BAF82BE0334AFF
:10300000BB6B52F83330002B22D0304ABB6BDB0055
:1030100013441B7987F831302C4ABB6B52F83310BC
:1030200097F831307A6B1B010B4404331A60274A3E
:10303000BB6B52F8332097F8313097F833101B01EF
:1030400013440B330A461A70214807F091F802E046
:10305000204807F08DF81C4B1B68184612F092FAB6
:103060000CE01D4807F084F840F6B83012F00FFA73
:10307000FEF76EFC194807F07BF800BF00BF5C3715
:10308000BD46BDE8F08300BF50A9030858A9030856
:1030900064A9030870A903081C0000200C0D00207F
:1030A000CCA80308E8A8030894A90308A4A9030866
:1030B000A8A90308B4A90308BCA90308CCA903085C
:1030C000D0A90308D4A903083C5100207C020020A9
:1030D000D8A90308DCA90308ECA90308FCA9030884
:1030E000F0B5A9B006AF786003F0D0FAB86703F086
:1030F000B9FA786703F0CAFA38679FED990B9E49D1
:10310000B86F03F0B9F99D4A9D49B86F03F0D8F93B
:103110009FED950B9B49B86F03F0AEF99A4B5B7A24
:103120001C46994B9B7A1A46974BDB7A1946964B6D
:103130001B7B07F144000293019100922346934ABE
:10314000142124F0BFFB07F144031A469049386F5D
:1031500003F0B6F98C4B5B781E468B4B9B781A4676
:10316000894BDB781946884B1B791C46864B5B796B
:103170001D46854B9B7907F130000493039502941B
:10318000019100923346834A142124F09BFB07F1FE
:1031900030031A468049386F03F092F97A4B5B7C12
:1031A0001C46794B9B7C1A46774BDB7C1946764B49
:1031B0001B7D07F11C000293019100922346734A84
:1031C000142124F07FFB07F11C031A467349386F62
:1031D00003F076F96C4B5B7B1C466B4B9B7B1A4672
:1031E000694BDB7B1946684B1B7C07F10800029397
:1031F000019100922346654A142124F063FB07F1F4
:1032000008031A466649386F03F05AF9654A664959
:10321000386F03F055F95C4B5B7D002B04D063499C
:10322000386F03F0C7F803E06049386F03F0E2F845
:103230000023C7F884300023C7F8803010E05C4AD0
:10324000D7F8803052F83330002B0ED0D7F88430C6
:103250000133C7F88430D7F880300133C7F88030A5
:10326000D7F880305F2BEADD00E000BF03F00EFAF4
:10327000F866D7F88400FDF7EDF902460B4643ECFB
:10328000102B4C49F86E03F0F7F89FED390B4A49C3
:10329000F86E03F0F1F8FA6E4849B86F03F074F86D
:1032A000786F01F03FF93A6F4549B86F03F06CF859
:1032B000B86F02F009FAB866B86EFDF71BF87866C9
:1032C00040F2FD533B667B6E40F2FD52934207D8BD
:1032D000B96E3C4806F0D4FF3B4806F0D1FF34E01D
:1032E0000023FB672AE07A6EFB6FD31A40F2FD528F
:1032F000934228BF1346FB65FA6FFB6D1344BA6E09
:1033000013441B7887F85B30FA6FFB6D1344BA6E79
:10331000134400221A70BA6EFB6F134419462948F1
:1033200006F0AEFFFA6FFB6D1344BA6E134497F8C4
:103330005B201A70FA6FFB6D1344FB67FA6F7B6EAC
:103340009A42D0D3204806F09BFFB86E03F0F8F9FC
:10335000B86F01F0E7F800BF8C37BD46F0BD00BF85
:10336000000000000000F03F0000000000001040DE
:10337000000000000000584044A70308A0A503086F
:1033800030A9030848A703081C00002010A8030860
:10339000B8A703083CA80308C4A70308D0A70308DC
:1033A000E4A703080CAA0308F4A7030800A803086D
:1033B0007C02002014AA03081CAA030824AA0308FC
:1033C00030AA03083CA9030838AA0308000000003B
:1033D00080B594B000AF78609749786802F010FF2C
:1033E00078639649786802F00BFF38637B6B002B9B
:1033F00008D0786B03F075F90346002B02D07B6B85
:103400005B6900E00023FB643B6B002B08D0386B4A
:1034100003F067F90346002B02D03B6B5B6900E0C9
:103420006023BB64BB6C142B01DD1423BB64FB6CF9
:10343000002B01DA0023FB64FB6C5F2B01DD5F23B3
:10344000FB6403F023F9F86203F00CF9B8629FED16
:10345000760B7B49F86A03F00FF87A4A7A49F86AE2
:1034600003F02EF89FED720B7849F86A03F004F828
:1034700000237B64FA6CBB6C13443B643B6C602B95
:1034800001DD60233B64FB6CFB636CE0704AFB6B0B
:1034900052F83330002B6FD003F0F8F878626C4AA2
:1034A000FB6BDB0013441B7987F82330F86BFDF7C7
:1034B000D1F802460B4643EC102B6649786A02F0BD
:1034C000DBFF634AFB6B52F8333093F860301846E9
:1034D000FDF7B0F802460B4643EC102B5E49786AC4
:1034E00002F0CAFF97F823301846FDF7A3F802460A
:1034F0000B4643EC102B5949786A02F0BDFF544A41
:10350000FB6B52F8332097F823301B01134404332C
:103510001B681846FDF78EF802460B4643EC102B4D
:103520004F49786A02F0A8FF494AFB6B52F83320F2
:1035300097F823301B0113440B331B78002B04D066
:103540004849786A02F036FF03E04649786A02F09B
:1035500051FF796AB86A02F0A9FE7B6C01337B6483
:10356000FB6B0133FB63FA6B3B6C9A4205DA7A6CB6
:10357000BB6C9A428ADB00E000BFF86CFDF76AF88A
:1035800002460B4643EC102B2B49F86A02F074FFFD
:10359000B86CFDF75FF802460B4643EC102B274949
:1035A000F86A02F069FF786CFDF754F802460B46A2
:1035B00043EC102B2C49F86A02F05EFFFA6C7B6C2E
:1035C00013445F2B09DCFA6C7B6C1344204A52F8DD
:1035D0003330002B01D0012300E000231A46234999
:1035E000F86A02F027FFBA6A2149F86A02F0CCFEB5
:1035F000F86A02F069F8F861F869FCF77BFEB861D7
:1036000040F2FD537B61BB6940F2FD52934207D803
:10361000F969184806F034FE174806F031FE5DE0FF
:103620000023BB6353E000BF000000000000F03F38
:103630000000000000001C403CAA030844AA030844
:1036400044A70308A0A5030830A9030848A7030856
:103650007C02002018A903084CAA030854AA0308F6
:1036600058AA03085CAA030814AA030864AA03085A
:1036700070AA03083CA9030838AA0308BA69BB6BFF
:10368000D31A40F2FD52934228BF13463B61BA6BF6
:103690003B691344FA6913441B78FB73BA6B3B69AB
:1036A0001344FA69134400221A70FA69BB6B13447D
:1036B00019460F4806F0E4FDBA6B3B691344FA69FA
:1036C0001344FA7B1A70BA6B3B691344BB63BA6B41
:1036D000BB699A42D2D3074806F0D2FDF86903F0DD
:1036E0002FF8F86A00F01EFF00BF5037BD4680BDBE
:1036F0003CA9030838AA03082DE9F04393B00AAFA8
:1037000078600B46FB705C49786802F079FDB8611F
:103710005A49786802F074FD78615949786802F076
:103720006FFD38615749786802F06AFDF860002340
:10373000FB777B69002B07D0786902F0BBFF03465B
:10374000002B01D0012300E00023002B1ED0BB6919
:10375000002B07D0B86902F0C4FF0346002B01D04C
:10376000012300E00023002B0DD0BB695B69FB72D5
:10377000454BDB7DFA7A9A4208D0434AFB7AD375EF
:103780000123FB7702E0414806F0F2FCFB68002BC6
:1037900007D0F86802F08EFF0346002B01D001230A
:1037A00000E00023002B21D03B69002B07D03869B3
:1037B00002F097FF0346002B01D0012300E0002315
:1037C000002B10D03B695B693B812F4BB3F819305C
:1037D0009BB23A899A4209D02B4B3A89A3F8192017
:1037E0000123FB7702E02A4806F0C2FCFB7F002B96
:1037F00033D0FB78002B30D0234B1A6891465A689F
:1038000090469A68964603F10C046E4604F1200C2B
:1038100035462346186859689A68DB680FC5103426
:1038200010366445F4D133462246106818609188FA
:10383000927999809A71494642467346154805F037
:10384000CBFB0346002B04D03321134806F090FC39
:103850000DE0124806F08CFC09E0FB7F83F00103C9
:10386000DBB2002B03D00E4806F082FCFFE700BF5E
:103870002437BD46BDE8F08378AA030880AA030870
:1038800088AA030890AA03081C00002098AA03082D
:10389000BCAA03080C0D0020CCA80308E8A8030864
:1038A000E0AA03080000000080B586B000AF786091
:1038B00002F0ECFE786102F0E9FE38619FED2C0B1E
:1038C0002F49786902F0D8FD2E4A2F49786902F015
:1038D000F7FD9FED290B2D49786902F0CDFD2C4BAA
:1038E000DB7D1846FCF7A6FE02460B4643EC102B88
:1038F0002849386902F0C0FD254BB3F819309BB256
:103900001846FCF797FE02460B4643EC102B224963
:10391000386902F0B1FD1E4BD3F81B305B681846C6
:10392000FCF788FE02460B4643EC102B1B49386916
:1039300002F0A2FD3A691A49786902F025FD78691A
:1039400001F0C2FEF860FB68002B09D0F968154849
:1039500006F096FC144806F093FCF86802F0F0FEBE
:10396000786900F0DFFD00BF1837BD4680BD00BF9D
:10397000000000000000F03F0000000000001840C0
:1039800044A70308A0A5030830A9030848A7030813
:103990001C00002078AA030888AA030800AB0308CB
:1039A00064A703083CA9030838AA030880B582B0BD
:1039B00000AF786039607B68012B0DD13B684FF612
:1039C000FF72934208D10AF0A5FC0346044AA2FB09
:1039D00003235B0B034A136000BF0837BD4680BD5D
:1039E00073B2E745BC47002080B500AF4FF6FF71CA
:1039F0000120FFF7DBFF80BD80B582B000AF002360
:103A00007B60184B1B6B174A43F480031363154B01
:103A10001B6B03F480037B607B6800220521392047
:103A20000BF042FE39200BF05BFE002205213A200C
:103A30000BF03AFE3A200BF053FE00220521452000
:103A40000BF032FE45200BF04BFE002205214620F4
:103A50000BF02AFE46200BF043FE00BF0837BD46A0
:103A600080BD00BF0038024080B500AF174B184A38
:103A70001A60164B4FF482725A60144B00229A60FF
:103A8000124B0022DA60114B00221A610F4B002208
:103A90005A610E4B4FF400729A610C4B1022DA619E
:103AA0000A4B00221A62094B00225A62074B00227D
:103AB0009A62064B0A22DA6204480DF0E1F80346E6
:103AC000002B01D0FDF720FE00BF80BDF458002080
:103AD000003C004080B58AB000AF786007F1140365
:103AE00000221A605A609A60DA601A617B681B686B
:103AF000194A93422CD100233B61184B1B6C174A87
:103B000043F400431364154B1B6C03F400433B6107
:103B10003B690023FB60114B1B6B104A43F004030D
:103B200013630E4B1B6B03F00403FB60FB684FF445
:103B3000E0537B610223BB610023FB6103233B62F3
:103B400006237B6207F11403194605480AF03CFF7F
:103B500000BF2837BD4680BD003C00400038024011
:103B60000008024080B500AF114B124A1A60104B9A
:103B70004FF4E1325A600E4B00229A600C4B002247
:103B8000DA600B4B00221A61094B0C225A61084B78
:103B900000229A61064B0022DA6105480DF046FECC
:103BA0000346002B01D0FDF7AFFD00BF80BD00BF75
:103BB0004C5900200010014080B500AF114B124A53
:103BC0001A60104B4FF4E1325A600E4B00229A609B
:103BD0000C4B0022DA600B4B00221A61094B0C22BD
:103BE0005A61084B00229A61064B0022DA610548AF
:103BF0000DF01CFE0346002B01D0FDF785FD00BF34
:103C000080BD00BF945900200044004080B500AF43
:103C1000114B124A1A60104B4FF4E1325A600E4BAE
:103C200000229A600C4B0022DA600B4B00221A61D2
:103C3000094B0C225A61084B00229A61064B002264
:103C4000DA6105480DF0F2FD0346002B01D0FDF7C7
:103C50005BFD00BF80BD00BFDC59002000140140A7
:103C600080B58EB000AF786007F1240300221A609F
:103C70005A609A60DA601A617B681B68674A9342EF
:103C800040F0918000233B62654B5B6C644A43F0DB
:103C900010035364624B5B6C03F010033B623B6A9E
:103CA0000023FB615E4B1B6B5D4A43F00203136311
:103CB0005B4B1B6B03F00203FB61FB69C0237B6260
:103CC0000223BB620023FB6203233B6307237B6366
:103CD00007F12403194653480AF076FE524B534A23
:103CE0001A60514B4FF000625A604F4B00229A60AD
:103CF0004D4B0022DA604C4B4FF480621A614A4B04
:103D000000225A61484B00229A61474B0022DA6137
:103D1000454B00221A62444B00225A6242480BF083
:103D200009F80346002B01D0FDF7EEFC7B683E4A04
:103D3000DA633D4A7B6893633D4B3E4A1A603C4BD5
:103D40004FF000625A603A4B40229A60384B002292
:103D5000DA60374B4FF480621A61354B00225A61AA
:103D6000334B00229A61324B0022DA61304B002241
:103D70001A622F4B00225A622D480AF0DBFF0346DD
:103D8000002B01D0FDF7C0FC7B68294A9A63284AC2
:103D90007B6893630022052125200BF085FC2520FC
:103DA0000BF09EFCE3E07B681B68234A934247D1FB
:103DB0000023BB611A4B1B6C194A43F40033136494
:103DC000174B1B6C03F40033BB61BB6900237B61A1
:103DD000134B1B6B124A43F008031363104B1B6B0E
:103DE00003F008037B617B6960237B620223BB6273
:103DF0000023FB6203233B6307237B6307F1240358
:103E000019460E480AF0E0FD0022052126200BF09D
:103E10004BFC26200BF064FCA9E000BF0010014021
:103E20000038024000040240245A0020406402404E
:103E3000845A0020B864024000440040000C024054
:103E40007B681B684C4A934240F0918000233B61A1
:103E50004A4B5B6C494A43F020035364474B5B6C0D
:103E600003F020033B613B690023FB60434B1B6B6A
:103E7000424A43F004031363404B1B6B03F00403FB
:103E8000FB60FB68C0237B620223BB620023FB62F2
:103E900003233B6308237B6307F124031946384857
:103EA0000AF092FD374B384A1A60364B4FF02062C9
:103EB0005A60344B00229A60324B0022DA60314B58
:103EC0004FF480621A612F4B00225A612D4B002261
:103ED0009A612C4B4FF48072DA612A4B00221A62ED
:103EE000284B00225A6227480AF024FF0346002B81
:103EF00001D0FDF709FC7B68224ADA63214A7B681E
:103F00009363224B224A1A60204B4FF020625A6082
:103F10001E4B40229A601D4B0022DA601B4B4FF46F
:103F200080621A61194B00225A61184B00229A6173
:103F3000164B0022DA61154B00221A62134B002245
:103F40005A6212480AF0F6FE0346002B01D0FDF734
:103F5000DBFB7B680D4A9A630C4A7B689363002203
:103F6000052147200BF0A0FB47200BF0B9FB00BF59
:103F70003837BD4680BD00BF001401400038024004
:103F800000080240E45A002028640240445B0020FC
:103F9000A064024080B500AF0AF022FA00BFFDE73E
:103FA00080B500AF024806F0E3F800BFFDE700BFB0
:103FB00004AB030880B400AF00BFFDE780B400AFDE
:103FC00000BFFDE780B400AF00BFFDE780B400AFE5
:103FD00000BFBD465DF8047B7047000080B500AFB0
:103FE00002480DF0B5FE00BF80BD00BF4C59002057
:103FF00080B500AF02480DF0ABFE00BF80BD00BF32
:104000009459002080B500AF024809F07BFB00BF47
:1040100080BD00BFA45B002080B500AF02480BF05C
:1040200021F800BF80BD00BFE45A002080B500AF7A
:1040300002480BF017F800BF80BD00BF245A0020D3
:1040400080B500AF02480BF045FF00BF80BD00BF48
:10405000ECBF002080B500AF02480BF003F800BFB2
:1040600080BD00BF845A002080B500AF02480AF02E
:10407000F9FF00BF80BD00BF445B002080B500AFEA
:1040800002480DF065FE00BF80BD00BFDC59002076
:1040900080B582B000AF00237B60124B5B6C114A8D
:1040A00043F4804353640F4B5B6C03F480437B60A9
:1040B0007B6800233B600B4B1B6C0A4A43F0805328
:1040C0001364084B1B6C03F080533B603B68002279
:1040D0000F216FF001000BF0E7FA00BF0837BD4673
:1040E00080BD00BF0038024080B58EB000AF786060
:1040F0000023FB620023BB620023FB60334B1B6C7D
:10410000324A43F020031364304B1B6C03F020034E
:10411000FB60FB6807F1100207F114031146184613
:104120000AF02CF93B6AFB62FB6A002B03D10AF010
:10413000FDF8786304E00AF0F9F803465B007B635E
:104140007B6B234AA2FB03239B0C013BBB62214BED
:10415000214A1A601F4B40F2E732DA601D4ABB6AFF
:1041600053601C4B00221A611A4B00229A60194BB3
:1041700000229A61174809F0FCF9034687F83330AA
:1041800097F83330002B1BD1124809F04BFA034645
:1041900087F8333097F83330002B11D137200BF0EC
:1041A0009FFA7B680F2B08D80022796837200BF024
:1041B0007BFA0A4A7B68136002E0012387F83330F8
:1041C00097F8333018463837BD4680BD0038024076
:1041D00083DE1B43A45B0020001400407C00002011
:1041E00080B400AF064BD3F88830054A43F470031F
:1041F000C2F8883000BFBD465DF8047B704700BF41
:1042000000ED00E080B400AF01231846BD465DF824
:10421000047B704780B483B000AF78603960054B91
:1042200016221A604FF0FF3318460C37BD465DF872
:10423000047B70475083012080B582B000AF786066
:104240004FF0FF317868FFF7E5FF00BFFDE780B56D
:1042500086B000AFF860B9607A6000237B610AE045
:10426000AFF300800146BB685A1CBA60CAB21A702C
:104270007B6901337B617A697B689A42F0DB7B68FA
:1042800018461837BD4680BD80B586B000AFF860CF
:10429000B9607A6000237B6109E0BB685A1CBA6090
:1042A0001B781846AFF300807B6901337B617A6924
:1042B0007B689A42F1DB7B6818461837BD4680BDA3
:1042C00080B483B000AF78604FF0FF3318460C37EE
:1042D000BD465DF8047B704780B483B000AF786062
:1042E00039603B684FF400525A60002318460C377F
:1042F000BD465DF8047B704780B483B000AF786042
:10430000012318460C37BD465DF8047B704780B426
:1043100085B000AFF860B9607A60002318461437A2
:10432000BD465DF8047B704780B487B000AF78600D
:10433000144A154BD31A7B617B693B61134B1B6895
:10434000002B02D1114B124A1A60104B1A687B687D
:1043500013443A699A4205D20E4B0C221A604FF070
:10436000FF3309E0094B1B68FB60084B1A687B6848
:104370001344064A1360FB6818461C37BD465DF8B7
:10438000047B70470000022000200000EC5B00204E
:10439000588301205083012080B582B000AF78603F
:1043A000786802F09EF90346002B03D14FF000021B
:1043B000064B02E07B68D3E9062343EC172BB0EEF3
:1043C000470AF0EE670A0837BD4680BD0000F87F57
:1043D00080B485B000AF786039607B68002B02D074
:1043E0003B68002B01D1012356E07A683B689A4272
:1043F0000DD1002350E07B681B78002B01D10023F6
:104400004AE07B6801337B603B6801333B607B683B
:104410001B78FB73FB7B0133224A13441B7803F0A8
:104420000303012B03D1FB7B03F1200200E0FA7BA5
:104430003B681B78BB73BB7B01331A490B441B7869
:1044400003F00303012B02D1BB7B203300E0BB7BD5
:104450009A42D0D07B681B787B737B7B0133114AF7
:1044600013441B7803F00303012B03D17B7B03F17F
:10447000200200E07A7B3B681B783B733B7B013377
:1044800008490B441B7803F00303012B02D13B7B4B
:10449000203300E03B7BD31A18461437BD465DF845
:1044A000047B7047080C040880B584B000AF7860C6
:1044B00039600023FB600023BB607B68002B01D1C7
:1044C000002315E07868FBF715FF03460133FB6016
:1044D0003B681B68F8689847B860BB68002B01D13F
:1044E000002305E0FA687968B86823F0CCFCBB6863
:1044F00018461037BD4680BD80B584B000AF7860E7
:104500007B681B6828209847F860FB68002B04D064
:1045100028220021F86823F08FFBFB68184610372B
:10452000BD4680BD80B584B000AF78600023FB60DD
:104530003DE07B681B68FB607B68DB6803F480738D
:10454000002B08D17B689B68002B04D07B689B689C
:104550001846FFF7E7FF7B68DB6803F48073002BE6
:104560000CD17B681B69002B08D0154B5B687A68FF
:104570001269104698477B6800221A617B68DB68E5
:1045800003F40073002B0CD17B681B6A002B08D04E
:104590000B4B5B687A68126A104698477B6800226A
:1045A0001A62074B5B6878689847FB687B607B689A
:1045B000002BBED100BF00BF1037BD4680BD00BF7D
:1045C0005C00002080B400AF2E231846BD465DF885
:1045D000047B70470000000080B58CB000AF7860AD
:1045E00039604FF000024FF00003C7E906230023B3
:1045F000FB60FFF7E7FF0346FB750023FB62002328
:10460000BB6200237B623B68002B03D03B681B68C6
:10461000002B01D10023C1E00023FB6230E03B68A6
:104620001A683B689968FB6A0B4413441B78452B56
:1046300017DC2B2B30DB2B3B01229A405C4B1340C9
:10464000002B14BF01230023DBB2002B0BD102F09F
:104650000803002B14BF01230023DBB2002B06D17B
:104660001AE0652B18D1BB6A0133BB6205E0BB6A57
:104670000133BB6201237B6200BFFB6A0133FB6233
:104680003B68002B0AD03B689A68FB6A1A443B6877
:104690005B689A42C3D301E000BF00E000BF3B6803
:1046A0001B69BA6A01321046984738613B69002B92
:1046B00001D1002372E03B681A683B689B68134491
:1046C000BA6A1946386923F0DEFB3A69BB6A1344BB
:1046D00000221A707B6A002B14D00023FB620DE0CD
:1046E0003A69FB6A13441B782E2B04D13A69FB6AA2
:1046F0001344FA7D1A70FB6A0133FB62FA6ABB6AE3
:104700009A42EDD307F10C031946386922F008FFED
:1047100087ED060BFB683A699A4205D13B685B69F5
:1047200038699847002339E07968D7E90623C1E959
:1047300006231DA3D3E90023D7E90601FCF77AFA83
:104740000346002B04D07B686FF000425A6115E0ED
:104750004FF00002174BD7E90601FCF761FA034658
:10476000002B04D07B684FF000425A6106E0D7E985
:104770000601FCF789FA02467B685A617B680822C9
:10478000DA603B689B68F9683A698A1A1A443B68A0
:104790009A603B685B69386998470123184630374F
:1047A000BD4680BDAFF300800000C0FFFFFFDF41CA
:1047B000E57F00040000E0C180B584B000AF786000
:1047C00039600023FB600023BB607B68002B03D0B3
:1047D0007B681B68002B01D1002383E07B685B684A
:1047E000002B07D07B689A687B685B689A4201D38C
:1047F000002377E03B68002B01DA002372E07B683E
:104800009A683B68134401333B607B685B683A6895
:104810009A4205D87B681A687B689B68134461E0FC
:104820007B681B69002B01D000235BE03B68B3F180
:10483000804F08D33B68002B03DB6FF00043BB6065
:1048400004E000234EE03B685B00BB607B681B6AB2
:10485000002B18D07B681B6A7A681268B96810460A
:104860009847F860FB68002B32D17B68DB697A6877
:104870001268104698477B6800225A607B680022C5
:104880001A6000232EE07B689B69B8689847F8603F
:10489000FB68002B0DD17B68DB697A6812681046D3
:1048A00098477B6800225A607B6800221A600023C8
:1048B00018E07B6819687B689B6801331A46F868C2
:1048C00023F0E1FA7B68DB697A6812681046984742
:1048D0007B68BA685A607B68FA681A607B689B6874
:1048E000FA68134418461037BD4680BD90B585B0B0
:1048F00000AF78600023FB607B68002B13D07B68DF
:104900001B68002B0FD07B681A687B689B68134478
:10491000FB607B689C68F868FBF7ECFC0346E218D8
:104920007B689A6000E000BF1437BD4690BD000070
:104930002DE9F04387B000AF87ED020B87ED001B38
:10494000B868FE6826F000413A687E6826F00043A9
:10495000FCF77AF90346002B04D0BC68FB6823F00F
:10496000004503E03C687B6823F00045C7E9044547
:10497000D7E90023D7E90201FBF71EFD02460B46EB
:10498000904623F000494FF000020C4BD7E9040198
:10499000FBF7CAFE02460B4601210C46404649463B
:1049A000FCF73EF90346002B01D100231C46E3B27D
:1049B00018461C37BD46BDE8F08300BF0000B03C80
:1049C000F0B593B000AF786039600023FB637B687B
:1049D000D3E90623C7E90C2300237B6400233B644F
:1049E00000237B6107F1180300221A605A609A6065
:1049F000DA601A619A82FFF7E5FD034687F82F30E7
:104A00004FF000024FF00003C7E902233B68002B80
:104A100001D10023B4E0D7E90C23D7E90C01FCF75E
:104A20001DF90346002B21D13C6B7B6B23F0004525
:104A300001231E464FF0FF32534B20462946FCF718
:104A40000DF90346002B0BD14FF0FF324E4B2046A1
:104A50002946FCF7E5F80346002B01D100231E464A
:104A6000F3B283F00103DBB2002B07D007F114038C
:104A70004649184622F05AFF78643FE07B685B693C
:104A80001846FBF7E7FD02460B46D7E90C01FCF799
:104A9000B3F80346002B09D07B685A6907F1140369
:104AA0003B49184622F042FF786427E007F11400E2
:104AB000D7E90C23374922F039FF786407F108025F
:104AC00007F114033449184622F050FF0346012B26
:104AD0000CD197ED027B97ED0C1BB0EE470AF0EE80
:104AE000670AFFF725FF0346002B07D107F11400E3
:104AF000D7E90C23294922F019FF78647B6C002B3D
:104B000002DB7B6C192B01DD002339E07B6C013368
:104B100019463868FFF750FEF863FB6B002B01D194
:104B200000232DE000233B641AE007F114023B6CE4
:104B300013441B7897F82F209A4205D1FA6B3B6CEF
:104B400013442E221A7008E0FA6B3B6C134407F1F1
:104B500014013A6C0A4412781A703B6C01333B64BE
:104B60007B6C3A6C9A42E0D3FA6B3B6C13440022A4
:104B70001A703B689A687B6C1A443B689A60012300
:104B800018464C37BD46F0BDFFFFEF7F1CAB030856
:104B900024AB030828AB030830AB030834AB03088D
:104BA00080B485B000AF78600023FB600023BB6059
:104BB0000023BB604CE07A68BB6813441B782F2B42
:104BC0000FD97A68BB6813441B78392B09D87A68E7
:104BD000BB6813441B781A46FB681344303BFB60E8
:104BE0002DE07A68BB6813441B78402B0FD97A6894
:104BF000BB6813441B78462B09D87A68BB681344FA
:104C00001B781A46FB681344373BFB6017E07A6851
:104C1000BB6813441B78602B0FD97A68BB681344B8
:104C20001B78662B09D87A68BB6813441B781A4630
:104C3000FB681344573BFB6001E000230CE0BB68BA
:104C4000022B02D8FB681B01FB60BB680133BB6011
:104C5000BB68032BAFD9FB6818461437BD465DF817
:104C6000047B704780B58AB000AFF860B9607A60A5
:104C700000237B620023FB61FB68BB61002387F894
:104C80002330002387F82230002387F821300023C7
:104C900087F82030BA68BB69D31A052B40F3B78078
:104CA000BB6902331846FFF77BFFF861FB69B3F578
:104CB0005C4F04D3FB69B3F5604FC0F0AA80FB6979
:104CC000B3F5584F37D3FB69B3F55C4F33D2BB69AB
:104CD00006337B6100233B610C2387F82130BA68DF
:104CE0007B69D31A052B40F396807B691B785C2B7C
:104CF00040F093807B6901331B78752B40F08D80E9
:104D00007B6902331846FFF74BFF38613B69B3F507
:104D10005C4FC0F084803B69B3F5604F7FD2FB6984
:104D20009A02434B13403A69C2F30902134303F555
:104D300080337B6204E0062387F82130FB697B62C5
:104D40007B6A7F2B03D8012387F823301FE07B6A1F
:104D5000B3F5006F06D2022387F82330C02387F80B
:104D6000203014E07B6AB3F5803F06D2032387F836
:104D70002330E02387F8203009E07B6AB3F5881FF1
:104D80004FD2042387F82330F02387F8203097F898
:104D90002330013B87F8223015E07B6ADBB203F059
:104DA0003F03DAB27B68196897F822300B4462F04F
:104DB0007F02D2B21A707B6A9B097B6297F822301D
:104DC000013B87F8223097F82230002BE5D197F885
:104DD0002330012B09D97B6AD9B27B681B6897F80D
:104DE00020200A43D2B21A7007E07B6ADAB27B68ED
:104DF0001B6802F07F02D2B21A707B681A6897F8BB
:104E000023301A447B681A6097F821300BE000BF0A
:104E100008E000BF06E000BF04E000BF02E000BF02
:104E200000E000BF002318462837BD4680BD00BF04
:104E300000FC0F0080B58AB000AF786039603B6835
:104E40001A683B689B68013313447B623B681A68AD
:104E50003B689B68013313443B620023FB600023E3
:104E6000FB613B681A683B689B6813441B78222BE4
:104E700040F0038100233B610023BB6117E03B6AE4
:104E80001B785C2B10D13B6A5A1C3B681B68D31AF9
:104E90001A463B685B689A4280F0F180BB69013337
:104EA000BB613B6A01333B623B6A01333B623B6857
:104EB0001B683A6AD31A1A463B685B689A4203D267
:104EC0003B6A1B78222BDAD13B681B683A6AD31AFB
:104ED0001A463B685B689A4280F0D3803B6A1B7835
:104EE000222B40F0CE803B681A683B689B681344D5
:104EF0003A6AD31A1A46BB69D31A3B613B681B69ED
:104F00003A69013210469847F861FB69002B00F0BE
:104F1000BA80FB69FB6094E07B6A1B785C2B08D04D
:104F20007A6A531C7B62FB68591CF96012781A700C
:104F300087E00223FB753A6A7B6AD31A002B40F3A1
:104F4000A4807B6A01331B78752B00F3A0805C2B57
:104F500004DA222B5CD02F2B5AD098E05C3B192B23
:104F600000F2958001A252F823F000BF1150010811
:104F70008F5001088F5001088F5001088F50010891
:104F80008F500108D54F01088F5001088F5001083C
:104F90008F500108E14F01088F5001088F50010820
:104FA0008F5001088F5001088F5001088F50010861
:104FB0008F500108ED4F01088F5001088F500108F4
:104FC0008F500108F94F01088F5001080550010862
:104FD00021500108FB685A1CFA6008221A702CE064
:104FE000FB685A1CFA600C221A7026E0FB685A1CF7
:104FF000FA600A221A7020E0FB685A1CFA600D223F
:105000001A701AE0FB685A1CFA6009221A7014E040
:105010007B6A5A1CFB68591CF96012781A700CE004
:1050200007F10C031A46396A786AFFF71BFE03463C
:10503000FB75FB7D002B2CD000BFFB7D7A6A1344EF
:105040007B627A6A3B6A9A42FFF466AFFB68002291
:105050001A707B681022DA607B68FA691A613B6813
:105060001B683A6AD31A1A463B689A603B689B6889
:105070005A1C3B689A60012320E000BF0AE000BF91
:1050800008E000BF06E000BF04E000BF02E000BF90
:1050900000E000BFFB69002B05D03B685B69F86945
:1050A00098470023FB617B6A002B06D03B681B6896
:1050B0007A6AD31A1A463B689A6000231846283742
:1050C000BD4680BD80B588B000AF786039600023F0
:1050D000FB6100233B610023BB610023FB600023D5
:1050E0007B613B68002B01D1002310E17B68002B22
:1050F00011D103213868FFF75FFB38613B69002B52
:1051000001D1002303E13B69834A11889278198019
:105110009A700123FBE07B68FB6124E0FB691B784C
:10512000222B0FDC082B13DB083B7C4A22FA03F30B
:1051300003F00103002B14BF01230023DBB2002B7B
:1051400002D105E05C2B03D17B6901337B6107E071
:10515000FB691B781F2B02D87B6905337B6100BF7D
:10516000FB690133FB61FB691B78002BD6D1FA691F
:105170007B68D31A1A467B691344FB60FB680333D0
:1051800019463868FFF718FB38613B69002B01D1DD
:105190000023BCE07B69002B17D13B6922221A70E7
:1051A0003B690133FA687968184622F06CFEFB68A7
:1051B00001333A69134422221A70FB6802333A69B8
:1051C000134400221A700123A1E03B6922221A70C5
:1051D0003B690133BB617B68FB6186E0FB691B783F
:1051E0001F2B0CD9FB691B78222B08D0FB691B787D
:1051F0005C2B04D0FB691A78BB691A706FE0BB693D
:105200005A1CBA615C221A70FB691B78222B3DDCA8
:10521000082B59DB083B1A2B56D801A252F823F071
:10522000A1520108C1520108B1520108C952010836
:10523000A9520108B9520108C9520108C95201080E
:10524000C9520108C9520108C9520108C9520108CE
:10525000C9520108C9520108C9520108C9520108BE
:10526000C9520108C9520108C9520108C9520108AE
:10527000C9520108C9520108C9520108C95201089E
:10528000C9520108C9520108995201085C2B1BD16F
:10529000BB695C221A7022E0BB6922221A701EE0F0
:1052A000BB6962221A701AE0BB6966221A7016E0A6
:1052B000BB696E221A7012E0BB6972221A700EE08E
:1052C000BB6974221A700AE0FB691B781A461449FC
:1052D000B86922F02BFBBB690433BB6100BFFB69DB
:1052E0000133FB61BB690133BB61FB691B78002B98
:1052F0007FF474AFFB6801333A69134422221A70B9
:10530000FB6802333A69134400221A7001231846DD
:105310002037BD4680BD00BF3CAB0308370000040A
:1053200040AB030880B582B000AF786039607B681D
:105330001B6939681846FFF7C5FE0346184608374B
:10534000BD4680BD80B483B000AF78607B68002B21
:1053500003D07B681B68002B01D100232CE07B6805
:10536000002B05D07B689A687B685B689A4206D3FD
:105370007B6821E07B689B685A1C7B689A607B682D
:10538000002B0DD07B689A687B685B689A4207D2D5
:105390007B681A687B689B6813441B78202BE9D9CB
:1053A0007B689A687B685B689A4204D17B689B68DB
:1053B0005A1E7B689A607B6818460C37BD465DF8BC
:1053C000047B704780B582B000AF78607B68002BAB
:1053D00007D07B681B68002B03D07B689B68002B81
:1053E00001D000231CE07B68002B18D07B689B68F1
:1053F0001A1D7B685B689A4211D27B681A687B68C9
:105400009B68134403220849184622F03DFC0346DA
:10541000002B04D17B689B68DA1C7B689A607B68F0
:1054200018460837BD4680BD48AB030880B586B036
:1054300000AFF860B9607A60FB68002B01D10023EF
:105440000CE0F868FAF756FF034601337B617B688E
:10545000BA687969F86800F005F803461846183705
:10546000BD4680BD80B58EB000AFF860B9607A608F
:105470003B6007F1180300221A605A609A60DA60F4
:105480001A615A619A6100237B63414B00221A60C2
:105490003F4B00225A60FB68002B42D0BB68002BB8
:1054A0003FD0FB68BB61BB68FB6100233B62394AAC
:1054B00007F1280307CA83E807003648FFF71CF8FE
:1054C00078637B6B002B2ED007F118031846FFF78B
:1054D00079FF03461846FFF735FF03461946786BF8
:1054E00000F002F90346002B1FD03B68002B0ED0C2
:1054F00007F118031846FFF725FF3A6AFB699A423D
:1055000015D2BA693B6A13441B78002B0FD17B6814
:10551000002B04D0BA693B6A1A447B681A607B6B23
:1055200031E000BF04E000BF02E000BF00E000BFC8
:105530007B6B002B02D0786BFEF7F4FFFB68002B2F
:1055400020D0FB683B6100237B613A6AFB699A4289
:1055500002D23B6A7B6105E0FB69002B02D0FB694C
:10556000013B7B617B68002B04D03A697B691A445C
:105570007B681A60064B1A4607F1100393E8030094
:1055800082E80300002318463837BD4680BD00BFBF
:10559000F05B00205C00002080B582B000AF786036
:1055A000002200217868FFF741FF034618460837BC
:1055B000BD4680BD80B58EB000AFF860B9607A603E
:1055C00000237B6307F1100324220021184622F0F8
:1055D00033FB7B681B683B4A1268104698470346BA
:1055E0003B61384B1B687B61BB687B627A6807F163
:1055F000280307CA83E807003B69002B42D007F164
:1056000010031946F86800F05BF90346002B3BD005
:1056100007F110031846FFF769F97B689B68002BB8
:105620000DD07B689B683869BA690132114698478A
:1056300078637B6B002B29D000233B6120E07B68E3
:105640001B68BA6901321046984778637B6B002B60
:105650001ED03969BB695A1C7B69934228BF134627
:105660001A46786B22F00FFCBB697A6B1344002258
:105670001A707B685B683A691046984700233B6163
:105680007B6B1AE000BF04E000BF02E000BF00E057
:1056900000BF3B69002B06D07B685B683A69104607
:1056A000984700233B617B6B002B05D07B685B68D0
:1056B000786B984700237B63002318463837BD4634
:1056C00080BD00BFC401040880B582B000AF78601F
:1056D000044A01217868FFF76DFF03461846083732
:1056E000BD4680BD5C00002080B582B000AF786010
:1056F00039603B68002B03D03B681B68002B01D14D
:105700000023D2E03B68002B1DD03B689B681A1D2C
:105710003B685B689A4216D83B681A683B689B688E
:10572000134404226349184622F0AEFA0346002BC4
:1057300009D17B680422DA603B689B681A1D3B68CC
:105740009A600123B1E03B68002B1DD03B689B6849
:105750005A1D3B685B689A4216D83B681A683B68DA
:105760009B68134405225449184622F08DFA0346DB
:10577000002B09D17B680122DA603B689B685A1DC7
:105780003B689A60012390E03B68002B20D03B6887
:105790009B681A1D3B685B689A4219D83B681A6877
:1057A0003B689B68134404224449184622F06CFA73
:1057B0000346002B0CD17B680222DA607B68012251
:1057C0005A613B689B681A1D3B689A6001236CE034
:1057D0003B68002B13D03B689A683B685B689A4231
:1057E0000DD23B681A683B689B6813441B78222BD8
:1057F00005D139687868FFF71DFB034655E03B6823
:10580000002B23D03B689A683B685B689A421DD2A4
:105810003B681A683B689B6813441B782D2B0FD09C
:105820003B681A683B689B6813441B782F2B0DD983
:105830003B681A683B689B6813441B78392B05D872
:1058400039687868FEF7C8FE03462EE03B68002BF7
:1058500013D03B689A683B685B689A420DD23B68FC
:105860001A683B689B6813441B785B2B05D1396829
:10587000786800F009F9034617E03B68002B13D065
:105880003B689A683B685B689A420DD23B681A682D
:105890003B689B6813441B787B2B05D1396878687B
:1058A00000F03CFA034600E0002318460837BD46E6
:1058B00080BD00BF1CAB03084CAB030854AB03080E
:1058C00080B584B000AF786039600023FB607B68EE
:1058D000002B02D03B68002B01D10023C9E07B687C
:1058E000DB68DBB2802B00F08E80802B00F3C08061
:1058F000202B49DC002B40F3BB80013B1F2B00F227
:10590000B78001A252F823F0B3590108D759010812
:10591000715A01088F590108715A0108715A01081A
:10592000715A0108FB590108715A0108715A01089E
:10593000715A0108715A0108715A0108715A010817
:10594000715A01084D5A0108715A0108715A01082B
:10595000715A0108715A0108715A0108715A0108F7
:10596000715A0108715A0108715A0108715A0108E7
:10597000715A0108715A0108715A0108715A0108D7
:10598000715A0108595A0108402B6BD070E005216B
:105990003868FEF711FFF860FB68002B01D1002387
:1059A00067E0FB68354A1068186012791A710123A4
:1059B0005FE006213868FEF7FFFEF860FB68002B09
:1059C00001D1002355E0FB682D4A106818609288C9
:1059D0009A8001234DE005213868FEF7EDFEF8605E
:1059E000FB68002B01D1002343E0FB68254A1068C7
:1059F000186012791A7101233BE039687868FEF764
:105A0000DFFF034635E00023BB607B681B69002B8A
:105A100001D100232DE07B681B691846FAF76AFC68
:105A200003460133BB60B9683868FEF7C5FEF8600D
:105A3000FB68002B01D100231BE07B681B69BA685F
:105A40001946F86822F01FFA012312E039687868D5
:105A5000FFF768FC03460CE03968786800F0D8F876
:105A6000034606E03968786800F064FA034600E00F
:105A7000002318461037BD4680BD00BF1CAB03088D
:105A80004CAB030854AB030880B586B000AF786018
:105A9000396000237B6100233B613B68DB68B3F521
:105AA0007A7F01D30023AFE03B68DB685A1C3B6878
:105AB000DA603B681A683B689B6813441B785B2B71
:105AC00040F094803B689B685A1C3B689A60386839
:105AD000FFF738FC3B68002B0DD03B689A683B68A9
:105AE0005B689A4207D23B681A683B689B6813441C
:105AF0001B785D2B61D03B68002B05D03B689A6812
:105B00003B685B689A4205D33B689B685A1E3B68BA
:105B10009A6072E03B689B685A1E3B689A603B68DB
:105B200010331846FEF7E8FCF860FB68002B5FD0E6
:105B30007B69002B04D1FB687B617B693B6107E0DB
:105B40003B69FA681A60FB683A695A60FB683B6116
:105B50003B689B685A1C3B689A603868FFF7F2FB09
:105B600039683869FFF7C0FD0346002B42D038681A
:105B7000FFF7E8FB3B68002B0DD03B689A683B6859
:105B80005B689A4207D23B681A683B689B6813447B
:105B90001B782C2BC3D03B68002B2DD03B689A6818
:105BA0003B685B689A4227D23B681A683B689B68EF
:105BB00013441B785D2B1FD100E000BF3B68DB68FE
:105BC0005A1E3B68DA607B69002B02D07B693A6918
:105BD0005A607B682022DA607B687A699A603B6849
:105BE0009B685A1C3B689A6001230DE000BF04E0EB
:105BF00000BF02E000BF00E000BF7B69002B02D0C5
:105C00007869FEF78FFC002318461837BD4680BD23
:105C100080B586B000AF7860396000237B610023D7
:105C2000FB607B689B683B613B68002B01D10023D4
:105C300070E001213868FEF7BFFD78617B69002BB9
:105C400001D1002366E07B695B221A703B689B6888
:105C50005A1C3B689A603B68DB685A1C3B68DA60F8
:105C60003DE039683869FFF72BFE0346002B01D170
:105C700000234FE03868FEF739FE3B691B68002BB4
:105C80002AD03B685B69002B01D0022300E001238E
:105C9000FB60FB68013319463868FEF78DFD7861BB
:105CA0007B69002B01D1002334E07B695A1C7A61A7
:105CB0002C221A703B685B69002B04D07B695A1C4C
:105CC0007A6120221A707B6900221A703B689A68F8
:105CD000FB681A443B689A603B691B683B613B69FF
:105CE000002BBED102213868FEF766FD78617B6922
:105CF000002B01D100230DE07B695A1C7A615D22E3
:105D00001A707B6900221A703B68DB685A1E3B6878
:105D1000DA60012318461837BD4680BD80B586B0CD
:105D200000AF7860396000237B6100233B613B68F2
:105D3000DB68B3F57A7F01D30023F7E03B68DB68CB
:105D40005A1C3B68DA603B68002B00F0DB803B6844
:105D50009A683B685B689A4280F0D4803B681A6816
:105D60003B689B6813441B787B2B40F0CB803B68DF
:105D70009B685A1C3B689A603868FFF7E3FA3B68F7
:105D8000002B0ED03B689A683B685B689A4208D249
:105D90003B681A683B689B6813441B787D2B00F0B6
:105DA00098803B68002B05D03B689A683B685B682D
:105DB0009A4205D33B689B685A1E3B689A60AEE0E6
:105DC0003B689B685A1E3B689A603B6810331846D4
:105DD000FEF792FBF860FB68002B00F095807B6972
:105DE000002B04D1FB687B617B693B6107E03B6969
:105DF000FA681A60FB683A695A60FB683B613B6865
:105E0000002B00F083803B689B685A1C3B685B68F2
:105E10009A427BD23B689B685A1C3B689A60386800
:105E2000FFF790FA39683869FFF704F80346002B4A
:105E30006ED03868FFF786FA3B691A693B691A62C7
:105E40003B6900221A613B68002B63D03B689A686B
:105E50003B685B689A425DD23B681A683B689B6806
:105E600013441B783A2B55D13B689B685A1C3B68FE
:105E70009A603868FFF766FA39683869FFF734FCCA
:105E80000346002B48D03868FFF75CFA3B68002BCC
:105E90000DD03B689A683B685B689A4207D23B68C2
:105EA0001A683B689B6813441B782C2B8DD03B6889
:105EB000002B33D03B689A683B685B689A422DD2CE
:105EC0003B681A683B689B6813441B787D2B25D17F
:105ED00000E000BF3B68DB685A1E3B68DA607B6904
:105EE000002B02D07B693A695A607B684022DA60F5
:105EF0007B687A699A603B689B685A1C3B689A6029
:105F0000012313E000BF0AE000BF08E000BF06E085
:105F100000BF04E000BF02E000BF00E000BF7B69FB
:105F2000002B02D07869FEF7FDFA002318461837D7
:105F3000BD4680BD80B588B000AF78603960002371
:105F4000FB610023FB607B689B68BB613B68002BA7
:105F500001D1002308E13B685B69002B01D00223DB
:105F600000E00123FB60FB68013319463868FEF747
:105F700023FCF861FB69002B01D10023F4E0FB69ED
:105F80005A1CFA617B221A703B68DB685A1C3B681A
:105F9000DA603B685B69002B04D0FB695A1CFA612C
:105FA0000A221A703B689A68FB681A443B689A6038
:105FB000A0E03B685B69002B22D03B68DB68194698
:105FC0003868FEF7F9FBF861FB69002B01D100236B
:105FD000CAE000237B6107E0FB695A1CFA610922D1
:105FE0001A707B6901337B613B68DB687A699A428E
:105FF000F2D33B689A683B68DB681A443B689A6056
:10600000BB691B6A39681846FFF75CF80346002B2A
:1060100001D10023A8E03868FEF768FC3B685B69A3
:10602000002B01D0022300E00123FB60F9683868EF
:10603000FEF7C2FBF861FB69002B01D1002393E05E
:10604000FB695A1CFA613A221A703B685B69002BA3
:1060500004D0FB695A1CFA6109221A703B689A68DD
:10606000FB681A443B689A603968B869FFF728FCF6
:106070000346002B01D1002376E03868FEF736FC9A
:106080003B685B69002B01D0012200E00022BB6964
:106090001B68002B01D0012300E000231344FB60A8
:1060A000FB68013319463868FEF786FBF861FB6927
:1060B000002B01D1002357E0BB691B68002B04D0E3
:1060C000FB695A1CFA612C221A703B685B69002B31
:1060D00004D0FB695A1CFA610A221A70FB6900227B
:1060E0001A703B689A68FB681A443B689A60BB69FF
:1060F0001B68BB61BB69002B7FF45BAF3B685B69CE
:10610000002B03D03B68DB68013300E00223194613
:106110003868FEF751FBF861FB69002B01D10023C1
:1061200022E03B685B69002B10D000233B6107E055
:10613000FB695A1CFA6109221A703B6901333B6101
:106140003B68DB68013B3A699A42F1D3FB695A1C10
:10615000FA617D221A70FB6900221A703B68DB68C5
:106160005A1E3B68DA60012318462037BD4680BDC1
:1061700080B586B000AFF860B9607A6000237B61BB
:10618000FB68002B02D0BB68002B01D1002333E059
:10619000FB689B687B617B68002B17D002E07B6902
:1061A0001B687B617B69002B1CD07B691B6A002B01
:1061B00018D07B691B6A1946B868FAF791F803464C
:1061C000002BECD10EE07B691B687B617B69002BA7
:1061D00008D07B691B6A1946B868FEF7F9F80346D0
:1061E000002BF0D17B69002B03D07B691B6A002B4D
:1061F00001D1002300E07B6918461837BD4680BDF9
:1062000080B582B000AF7860396001223968786863
:10621000FFF7AEFF034618460837BD4680BD80B481
:1062200083B000AF786039607B683A681A603B6879
:106230007A685A6000BF0C37BD465DF8047B704732
:1062400080B584B000AF786039600023FB603B68A4
:10625000002B06D07B68002B03D07A683B689A42FB
:1062600001D100231EE07B689B68FB60FB68002B6C
:1062700009D17B683A689A603B683A685A603B6823
:1062800000221A600DE0FB685B68002B09D0FB68F8
:106290005B6839681846FFF7C2FF7B689B683A68FD
:1062A0005A60012318461037BD4680BD80B582B0C4
:1062B00000AF7860396039687868FFF7C1FF03463E
:1062C00018460837BD4680BD80B483B000AF786003
:1062D0007B6818460C37BD465DF8047B704780B577
:1062E00086B000AFF860B9607A603B6000237B61E4
:1062F00000233B61FB68002B09D0BB68002B06D054
:106300007B68002B03D0FA687B689A4201D1002396
:1063100036E03B6A002B09D0B868FFF7D5FF7861FB
:106320007B68DB6843F400733B610EE03968B86852
:10633000FEF7BAF878617B69002B01D100231FE0DA
:106340007B68DB6823F400733B617B68DB6803F4E4
:106350000073002B09D17B681B6A002B05D03B68BA
:106360005B687A68126A104698477B687A691A6295
:106370007B683A69DA607968F868FFF761FF03467D
:1063800018461837BD4680BD80B586B002AFF860AC
:10639000B9607A6000230093054B7A68B968F868A1
:1063A000FFF79DFF034618461037BD4680BD00BF6E
:1063B0005C00002080B586B002AF7860396000F0E4
:1063C000A1F8F86000230093094BFA6839687868EF
:1063D000FFF785FF0346002B01D0FB6803E0F86858
:1063E000FEF7A0F8002318461037BD4680BD00BF59
:1063F0005C00002080B586B002AF7860396000F0A4
:1064000095F8F86000230093094BFA6839687868BA
:10641000FFF765FF0346002B01D0FB6803E0F86837
:10642000FEF780F8002318461037BD4680BD00BF38
:106430005C00002080B588B002AFF860B9607A6077
:10644000786800F087F8786100230093094B7A6937
:10645000B968F868FFF743FF0346002B01D07B695A
:1064600003E07869FEF75EF8002318461837BD464A
:1064700080BD00BF5C00002080B588B002AFF8602E
:10648000B96087ED000B97ED000B00F07DF87861A7
:1064900000230093094B7A69B968F868FFF71FFF7A
:1064A0000346002B01D07B6903E07869FEF73AF8D8
:1064B000002318461837BD4680BD00BF5C00002091
:1064C00080B588B002AFF860B9607A60786800F093
:1064D000A3F8786100230093094B7A69B968F868DA
:1064E000FFF7FDFE0346002B01D07B6903E07869CE
:1064F000FEF718F8002318461837BD4680BD00BFC8
:106500005C00002080B582B000AF0748FDF7F4FFC3
:1065100078607B68002B02D07B680222DA607B689F
:1065200018460837BD4680BD5C00002080B582B0AB
:1065300000AF0748FDF7E0FF78607B68002B02D0D2
:106540007B680122DA607B6818460837BD4680BD4B
:106550005C00002080B584B000AF78600948FDF78A
:10656000CBFFF860FB68002B07D07B68002B01D0C5
:10657000022200E00122FB68DA60FB68184610374F
:10658000BD4680BD5C00002080B584B000AF87EDC3
:10659000000B1F48FDF7B0FFF860FB68002B2CD004
:1065A000FB680822DA60F968D7E90023C1E906230D
:1065B00015A3D3E90023D7E90001FAF73BFB034613
:1065C000002B04D0FB686FF000425A6115E04FF0D9
:1065D0000002104BD7E90001FAF722FB0346002B1B
:1065E00004D0FB684FF000425A6106E0D7E9000191
:1065F000FAF74AFB0246FB685A61FB6818461037F7
:10660000BD4680BDAFF300800000C0FFFFFFDF414B
:106610005C0000200000E0C180B584B000AF78606D
:106620000F48FDF769FFF860FB68002B12D0FB688C
:106630001022DA600A497868FDF736FF0246FB68E7
:106640001A61FB681B69002B04D1F868FDF76AFF2B
:10665000002300E0FB6818461037BD4680BD00BF30
:106660005C00002080B582B000AF0748FDF744FF12
:1066700078607B68002B02D07B682022DA607B6820
:1066800018460837BD4680BD5C00002080B582B04A
:1066900000AF0748FDF730FF78607B68002B02D021
:1066A0007B684022DA607B6818460837BD4680BDAB
:1066B0005C00002080B483B000AF78607B68002B62
:1066C00001D1002307E07B68DB68DBB2022B0CBF43
:1066D00001230023DBB218460C37BD465DF8047B6E
:1066E000704780B483B000AF78607B68002B01D125
:1066F000002307E07B68DB68DBB2082B0CBF0123BB
:106700000023DBB218460C37BD465DF8047B7047AA
:1067100080B483B000AF78607B68002B01D1002388
:1067200007E07B68DB68DBB2102B0CBF0123002382
:10673000DBB218460C37BD465DF8047B704700009D
:1067400080B582B000AF7860044B5B68786898478A
:1067500000237B6000BF0837BD4680BD5C00002081
:1067600080B487B000AFF860B9607A607B68DB43C3
:106770007B6100233B6111E07B691A0AF9683B6980
:106780000B441B7819467B694B40DBB2094951F831
:10679000233053407B613B6901333B613A69BB68FD
:1067A0009A42E9D37B69DB4318461C37BD465DF846
:1067B000047B7047C801040880B48BB000AF7860D8
:1067C00039604FF0FF337B610023FB602C4B1B6B68
:1067D0002B4A43F480531363294B1B6B03F4805300
:1067E000FB60FB68274B01229A6000237B6209E073
:1067F0007B6A9B007A681344224A1B6813607B6A99
:1068000001337B623B689B087A6A9A42F0D33B680B
:1068100003F003033B613B69002B20D000233B6264
:106820003A683B69D31A7A681344FB610023BB6161
:106830000EE0FB695A1CFA611B781A46BB69DB0043
:1068400002FA03F33A6A13433B62BB690133BB614B
:10685000BA693B699A42ECD30A4A3B6A1360094B16
:106860001B687B61064B1B6B054A23F48053136343
:106870007B6918462C37BD465DF8047B704700BF26
:10688000003802400030024080B400AFBFF34F8FA9
:1068900000BF064BDB6803F4E0620449044B13437A
:1068A000CB60BFF34F8F00BF00BFFDE700ED00E0FE
:1068B0000400FA0580B588B000AF786039607B6865
:1068C000002B05D03B68002B02D03B680F2B01D971
:1068D000002321E007F110033A687968184621F097
:1068E000D2FA07F110023B68134400221A70002309
:1068F000FB6007F10C0107F110030A22184620F093
:1069000097FEFB68002B05D0FB681B78002B01D19C
:10691000012300E0002300BF18462037BD4680BD9C
:1069200080B586B000AF786039607B68002B05D0F9
:106930003B68002B02D03B680F2B01D9002315E0E8
:1069400007F108033A687968184621F09CFA07F1C4
:1069500008023B68134400221A7007F108030A2258
:106960000021184620F064FE034600BF1846183781
:10697000BD4680BD80B586B000AFF860B9607A6072
:10698000F868F9F7B7FC78617B68013B7A699A424D
:1069900008D27A687B69D31A013B1A46B968F8684D
:1069A00021F05FF900BF1837BD4680BD2DE9F043E7
:1069B000AFB00AAFF860B9607A60FB68002B01F0F5
:1069C0005880BB68002B01F054807B68002B01F0DD
:1069D0005080BB6800221A700023C7F88C30002357
:1069E00087F88B30FB68C7F8843034E07821D7F81B
:1069F000840021F029F9B866BB6E002B35D0BA6E41
:106A0000D7F88430D31A01337B667B6E4F2B1ED8A8
:106A1000D7F88C2013469B0013441B01AE4A134445
:106A20007A6ED7F88410184621F02DFAAA49D7F8C3
:106A30008C2013469B0013441B01CA187B6E134421
:106A400000221A70D7F88C300133C7F88C30BB6E37
:106A50000133C7F88430D7F884301B78002B05D079
:106A6000D7F88C300F2BC1D900E000BFD7F88C309D
:106A7000002B0ED17B68013B1A469849B86821F07B
:106A800015F97B68013BBA68134400221A7000F0C4
:106A9000F1BF0023C7F880300023FB67A2E1D7F8DD
:106AA00080304C2202FB03F38D4A13443B664C2298
:106AB0000021386E21F0C0F83B6E18332F2289492F
:106AC000184621F0F3F8FA6F13469B0013441B019C
:106AD000814A1344FB654321F86D21F0B5F8B86590
:106AE000BB6D002B07D0BB6D01334121184621F04F
:106AF000ABF8034600E000237B657B6D002B07D0DD
:106B00007B6D01334421184621F09EF8034600E0D6
:106B100000233B653B6D002B07D03B6D01334E21BD
:106B2000184621F091F8034600E00023FB64FB6C5B
:106B3000002B07D0FB6C01337821184621F084F834
:106B4000034600E00023BB64BB6D002B13D13B6EFA
:106B500018332F226449184621F0A8F83B6E012211
:106B600083F84820012387F88B30D7F88030013331
:106B7000C7F8803033E17B6D002B13D13B6E1833A7
:106B80002F225A49184621F091F83B6E012283F8D2
:106B90004820012387F88B30D7F880300133C7F8BD
:106BA00080301CE13B6D002B13D13B6E18332F223C
:106BB0004F49184621F07AF83B6E012283F84820AD
:106BC000012387F88B30D7F880300133C7F8803045
:106BD00005E1FB6C002B13D13B6E18332F22454986
:106BE000184621F063F83B6E012283F84820012308
:106BF00087F88B30D7F880300133C7F88030EEE06B
:106C0000BB6C002B13D13B6E18332F223A49184628
:106C100021F04CF83B6E012283F84820012387F8CD
:106C20008B30D7F880300133C7F88030D7E07A6DE9
:106C3000BB6DD31A013B7B643A6D7B6DD31A013B6C
:106C40003B64FA6C3B6DD31A013BFB63BA6CFB6C83
:106C5000D31A013BBB63BB6D0133796C1846FFF758
:106C600029FE034683F00103DBB2002B13D03B6EF9
:106C700018332F222149184621F018F83B6E0122C3
:106C800083F84820012387F88B30D7F88030013310
:106C9000C7F88030A3E07B6D0133396C1846FFF7ED
:106CA00009FE034683F00103DBB2002B2AD03B6EC2
:106CB00018332F221249184620F0F8FF3B6E0122AC
:106CC00083F84820012387F88B30D7F880300133D0
:106CD000C7F8803083E000BFF85B00205CAB03089E
:106CE000F860002070AB030874AB03088CAB03089A
:106CF000A4AB0308BCAB0308D4AB0308ECAB03089C
:106D000008AC03083B6D0133F96B1846FFF7D2FD61
:106D1000034683F00103DBB2002B13D03B6E183324
:106D20002F22B149184620F0C1FF3B6E012283F8A3
:106D30004820012387F88B30D7F880300133C7F81B
:106D400080304CE0FB6C0133B96B1846FFF7B2FDA5
:106D5000034683F00103DBB2002B13D03B6E1833E4
:106D60002F22A249184620F0A1FF3B6E012283F892
:106D70004820012387F88B30D7F880300133C7F8DB
:106D800080302CE0BB6D0133796C1846FFF7C8FDED
:106D900003461A463B6E1A607B6D0133396C184608
:106DA000FFF7BEFD03461A463B6E5A603B6D01334A
:106DB000F96B1846FFF7B4FD03461A463B6E9A601E
:106DC000FB6C0133B96B1846FFF7AAFD03461A4660
:106DD0003B6EDA60D7F880300133C7F88030FB6F44
:106DE0000133FB67FA6FD7F88C309A4204D2D7F898
:106DF00080300F2B7FF653AE97F88B3083F0010372
:106E0000DBB2002B00F0B0850023BB6700F0A6BD0D
:106E1000774ABB6F4C2101FB03F313441B68013B12
:106E2000112B00F2828501A252F823F0756E010841
:106E3000216F01083D6F0108596F0108C9700108F1
:106E40000F720108FD720108D9730108B5740108B9
:106E5000277501085775010889750108D57501085E
:106E60002D76010885760108DD7601083577010861
:106E7000757801085E4ABB6F4C2101FB03F3134494
:106E80000C331B68002B0DD1BB6F4C2202FB03F3AC
:106E90001833574A13442F225649184620F006FF4C
:106EA00000F059BD524ABB6F4C2101FB03F3134460
:106EB0000C331B68012B0DD1BB6F4C2202FB03F37B
:106EC00018334B4A13442F224B49184620F0EEFE4C
:106ED00000F041BD464ABB6F4C2101FB03F3134454
:106EE0000C331B68022B0DD1BB6F4C2202FB03F34A
:106EF00018333F4A13442F223E49184620F0D6FE4D
:106F000000F029BDBB6F4C2202FB03F31833384A53
:106F100013442F223949184620F0C8FE00F01BBD4B
:106F2000BB6F4C2202FB03F31833314A13442F2268
:106F30003049184620F0BAFE00F00DBDBB6F4C2260
:106F400002FB03F318332A4A13442F222949184617
:106F500020F0ACFE00F0FFBC294B1B684FF0FF3166
:106F600018460EF0C1FA224ABB6F4C2101FB03F315
:106F7000134404331B68002B46D000237B6723E0B7
:106F8000204A7B6F52F83330002B1AD01D4A7B6F9A
:106F9000DB0013441B7987F83130154ABB6F4C2155
:106FA00001FB03F3134408331968164A7B6F52F848
:106FB000332097F83130C9B21B0113440B330A4612
:106FC0001A707B6F01337B677B6F5F2BD8DDBB6FE4
:106FD0004C2202FB03F31833054A13442F220549C0
:106FE000184620F063FE68E024AC030840AC0308B8
:106FF000F860002070AB03085CAC03086CAC0308BD
:107000003C5100207C020020B74ABB6F4C2101FBA1
:1070100003F313440C331B685F2B42D8B24ABB6F97
:107020004C2101FB03F313440C331B68AF4A52F8A5
:107030003330002B35D0AC4ABB6F4C2101FB03F33E
:1070400013440C331B68A94ADB0013441B7987F8EF
:107050003230A54ABB6F4C2101FB03F313440833C4
:107060001868A14ABB6F4C2101FB03F313440C3396
:107070001B689E4A52F8332097F83230C1B21B0188
:1070800013440B330A461A70BB6F4C2202FB03F306
:107090001833954A13442F229549184620F006FECE
:1070A0000BE0BB6F4C2202FB03F318338E4A1344F0
:1070B0002F229049184620F0F9FD8F4B1B68184687
:1070C0000EF060FA00F047BC8B4B1B684FF0FF31AD
:1070D00018460EF009FA844ABB6F4C2101FB03F3FA
:1070E000134404331B68002B34D000233B6721E09A
:1070F0007E4A3B6F52F83330002B18D07B4A3B6FEF
:10710000DB0013441B7987F83330784A3B6F52F821
:10711000331097F833307448BA6F4C2404FB02F2F2
:107120000244083212681B010B4404331A603B6F9F
:1071300001333B673B6F5F2BDADDBB6F4C2202FBF9
:1071400003F31833684A13442F226949184620F084
:10715000ADFD56E0644ABB6F4C2101FB03F31344C1
:107160000C331B685F2B40D85F4ABB6F4C2101FB7F
:1071700003F313440C331B685C4A52F83330002B82
:1071800033D0594ABB6F4C2101FB03F313440C333A
:107190001B68564ADB0013441B7987F83430524A87
:1071A000BB6F4C2101FB03F313440C331B684F4AA4
:1071B00052F8331097F834304B48BA6F4C2404FB24
:1071C00002F20244083212681B010B4404331A60B5
:1071D000BB6F4C2202FB03F31833434A13442F22A4
:1071E0004349184620F062FD0BE0BB6F4C2202FBC6
:1071F00003F318333C4A13442F223E49184620F02B
:1072000055FD3D4B1B6818460EF0BCF9A3E33A4B05
:107210001B684FF0FF3118460EF066F9324ABB6F1B
:107220004C2101FB03F313440C331B685F2B48D83C
:107230002D4ABB6F4C2101FB03F313440C331B6835
:107240002A4A52F83330002B3BD0274ABB6F4C21DF
:1072500001FB03F313440C331B68244ADB00134483
:107260001B7987F83530204ABB6F4C2101FB03F3B3
:1072700013440C331B681D4A52F8332097F83530FD
:107280001B0113441A681849BB6F4C2000FB03F321
:107290000B4414331A60144ABB6F4C2101FB03F3F7
:1072A0001344103301221A70BB6F4C2202FB03F30C
:1072B00018330D4A13442F220D49184620F0F6FCCE
:1072C0000BE0BB6F4C2202FB03F31833064A134456
:1072D0002F220849184620F0E9FC074B1B68184686
:1072E0000EF050F937E300BFF86000207C02002068
:1072F00070AB030878AC03083C510020AE4B1B6810
:107300004FF0FF3118460EF0EFF8AC4ABB6F4C213E
:1073100001FB03F313440C331B685F2B4AD8A74AC5
:10732000BB6F4C2101FB03F313440C331B68A44ACD
:1073300052F83330002B3DD0A04ABB6F4C2101FBEB
:1073400003F313440C331B689D4ADB0013441B7981
:1073500087F83630994ABB6F4C2101FB03F3134485
:107360000C331B68964A52F8332097F836301B01CD
:10737000134408331B881846904ABB6F4C2101FB0D
:1073800003F31344143318608C4ABB6F4C2101FB88
:1073900003F31344103301221A70BB6F4C2202FB1B
:1073A00003F31833854A13442F228649184620F0E8
:1073B0007DFC0BE0BB6F4C2202FB03F318337F4ACA
:1073C00013442F228049184620F070FC7A4B1B682A
:1073D00018460EF0D7F8BEE2774B1B684FF0FF312E
:1073E00018460EF081F8754ABB6F4C2101FB03F380
:1073F00013440C331B685F2B4AD8704ABB6F4C2177
:1074000001FB03F313440C331B686D4A52F833300D
:10741000002B3DD0694ABB6F4C2101FB03F31344A1
:107420000C331B68664ADB0013441B7987F837303E
:10743000624ABB6F4C2101FB03F313440C331B68FE
:107440005F4A52F8332097F837301B0113440A3350
:107450001B781846594ABB6F4C2101FB03F31344B8
:1074600014331860554ABB6F4C2101FB03F31344DE
:10747000103301221A70BB6F4C2202FB03F3183346
:107480004E4A13442F224F49184620F00FFC0BE0C0
:10749000BB6F4C2202FB03F31833484A13442F22DC
:1074A0004949184620F002FC434B1B6818460EF071
:1074B00069F850E20021454802F047F805200DF038
:1074C000E6FF434B1A6891465A6890469A6896467A
:1074D00003F10C046E4604F1200C3546234618686F
:1074E00059689A68DB680FC5103410366445F4D1CA
:1074F00033462246106818609188927999809A7173
:10750000494642467346314801F066FDBB6F4C2246
:1075100002FB03F31833294A13442F222949184642
:1075200020F0C4FB17E2254ABB6F4C2101FB03F39B
:10753000134408331B68DAB2254B1A72BB6F4C2216
:1075400002FB03F318331D4A13442F221D4918462A
:1075500020F0ACFBFFE1194ABB6F4C2101FB03F3A8
:10756000134408331B68002B01D0FFF78DF9BB6F64
:107570004C2202FB03F31833104A13442F22114903
:10758000184620F093FBE6E10C4ABB6F4C2101FB4F
:1075900003F3134408331B68DAB20D4B5A75BB6F03
:1075A0004C2202FB03F31833044A13442F220549EB
:1075B000184620F07BFBCEE13C510020F860002013
:1075C0007C02002070AB030878AC03080C0D00208F
:1075D0001C000020A14ABB6F4C2101FB03F31344A4
:1075E00004331B68032B14D89C4ABB6F4C2101FB4E
:1075F00003F3134408331868984ABB6F4C2101FB0E
:1076000003F3134404331B68C1B2954A13440A467A
:107610005A72BB6F4C2202FB03F318338F4A134498
:107620002F229049184620F041FB94E18B4ABB6F12
:107630004C2101FB03F3134404331B68032B14D8C0
:10764000864ABB6F4C2101FB03F3134408331868CF
:10765000824ABB6F4C2101FB03F3134404331B68C4
:10766000C1B27F4A13440A465A73BB6F4C2202FBD5
:1076700003F31833794A13442F227A49184620F02D
:1076800015FB68E1754ABB6F4C2101FB03F3134402
:1076900004331B68032B14D8704ABB6F4C2101FBC9
:1076A00003F31344083318686C4ABB6F4C2101FB89
:1076B00003F3134404331B68C1B2694A13440A46F6
:1076C0005A74BB6F4C2202FB03F31833634A134412
:1076D0002F226449184620F0E9FA3CE15F4ABB6F6B
:1076E0004C2101FB03F3134404331B68052B14D80E
:1076F0005A4ABB6F4C2101FB03F31344083318684B
:10770000564ABB6F4C2101FB03F3134404331B683F
:10771000C1B2534A13440A465A70BB6F4C2202FB53
:1077200003F318334D4A13442F224E49184620F0D4
:10773000BDFA10E14C4B1B684FF0FF3118460DF0BD
:10774000D3FE464ABB6F4C2101FB03F313440C33B9
:107750001B685F2B6FD8414ABB6F4C2101FB03F3C1
:1077600013440C331B68414A52F83330002B62D06B
:107770003A4ABB6F4C2101FB03F3134404331B68EB
:10778000002B21D0354ABB6F4C2101FB03F313447E
:107790000C331B68354A52F833305A6E2F49BB6F91
:1077A0004C2000FB03F30B4414331A602B4ABB6FCD
:1077B0004C2101FB03F313440C331B682B4A52F892
:1077C000333000225A6620E0244ABB6F4C2101FB73
:1077D00003F313440C331B68244A52F833309A6E77
:1077E0001E49BB6F4C2000FB03F30B4414331A609B
:1077F0001A4ABB6F4C2101FB03F313440C331B6883
:107800001A4A52F8333000229A66144ABB6F4C2150
:1078100001FB03F31344103301221A70BB6F4C2297
:1078200002FB03F318330D4A13442F220D49184667
:1078300020F03CFA0BE0BB6F4C2202FB03F3183341
:10784000064A13442F220A49184620F02FFA064B05
:107850001B6818460DF096FE7DE000BFF860002022
:107860001C00002070AB03083C5100207C0200206B
:1078700078AC0308814ABB6F4C2101FB03F313442E
:1078800004331B68002B2FD07C4ABB6F4C2101FBBB
:1078900003F3134408331B68002B39D0784B1A6864
:1078A00091465A6890469A68964603F10C046E46D3
:1078B00004F1200C35462346186859689A68DB683D
:1078C0000FC5103410366445F4D133462246106893
:1078D00018609188927999809A7149464246734618
:1078E000684801F079FB13E0654BDB7D1846634A7D
:1078F000BB6F4C2101FB03F31344143318605F4A40
:10790000BB6F4C2101FB03F31344103301221A70A7
:10791000BB6F4C2202FB03F31833584A13442F2247
:107920005949184620F0C2F915E0BB6F4C2202FB02
:1079300003F31833514A13442F225449184620F0B8
:10794000B5F94E4ABB6F4C2101FB03F31344483396
:1079500001221A7000BFBB6F0133BB67BA6FD7F843
:1079600080309A42FFF454AA97F88B3083F00103D9
:10797000DBB2002B6FD00023FB6666E03F4AFB6E54
:107980004C2101FB03F3134448331B7883F00103BC
:10799000DBB2002B4AD0394AFB6E4C2101FB03F3CA
:1079A00013441B6807F11000394A20211FF08AFF99
:1079B00007F110037A681946B868FEF7DBFF2F4A13
:1079C000FB6E4C2101FB03F3134410331B78002B97
:1079D00015D02A4AFB6E4C2101FB03F313441433E8
:1079E0001B6807F110002B4A20211FF06BFF07F1E5
:1079F00010037A681946B868FEF7BCFF10E07A6891
:107A00002549B868FEF7B6FFFB6E4C2202FB03F374
:107A100018331A4A13447A681946B868FEF7AAFF61
:107A20007A681E49B868FEF7A5FF0BE0FB6E4C2292
:107A300002FB03F31833114A13447A681946B868F5
:107A4000FEF798FFFB6E0133FB66FA6ED7F88030C5
:107A50009A4293D30EE07B68013B1A461049B868FE
:107A600020F024F97B68013BBA68134400221A70A5
:107A700000E000BF9437BD46BDE8F083F860002009
:107A80001C0000200C0D002070AB030888AC03081C
:107A9000A0AC0308A8AC0308B0AC0308B4AC03085E
:107AA0001061002080B582B000AF78600F4A7B681B
:107AB0001360C82200210E4820F0BEF80C4B0022B3
:107AC0001A6001200BF0C3FC0346094A53614FF4CE
:107AD00080620021074820F0AFF8074802F048FB19
:107AE00000F078FD00BF0837BD4680BDB8650020B6
:107AF000BC65002084660020B8AC030880B584B063
:107B000000AF7860154B5B69642118460BF0E4FF09
:107B10000346012B0CBF01230023DBB2002B0DD049
:107B20000E4B1B68FB600D4B5B68BB600B4B5869D1
:107B30000023002200210BF0BDFC03E00323FB60C7
:107B40000623BB607B68002B02D07B68BA681A6092
:107B5000FB6818461037BD4680BD00BFBC650020DD
:107B600090B591B000AF786039607B68002B02D08F
:107B70003B68002B01D10A23B9E05F4B5B696421AC
:107B800018460BF0A9FF0346012B14BF0123002365
:107B9000DBB2002B01D00623A9E0574B1B68002B5A
:107BA00008D0554B58690023002200210BF082FCBD
:107BB00006239CE03B681B68002B04D03B681B68D5
:107BC000B3F5002F08D94C4B58690023002200213F
:107BD0000BF070FC02238AE0474B01221A60464BEF
:107BE00000225A60444B00229A60434B0022DA6024
:107BF000414B00221A61404B00221A773E4B4FF452
:107C000080529A613C4B7A6820331146982218467C
:107C100020F039F9384B3A6803F1B80413460FCB1A
:107C200084E80F00344B58690023002200210BF038
:107C300041FC324B1A6807F10C031146184601F05B
:107C400080FF3B681A68FB6913445A1EFB69B2FB4C
:107C5000F3F3BB633B6819687B685B681A46284886
:107C600002F086FAB96B274802F082FA0023FB6320
:107C700035E0214B9A69FB69B2FBF3F3FA6B1344CD
:107C80007B631E4B1B68796B184601F05EFC1A4B38
:107C90005B690A2118460BF01FFF0346012B0CBF3E
:107CA00001230023DBB2002B16D0134B1B68012BE2
:107CB0000BD0114B58690023002200210BF0FAFB76
:107CC000114802F055FA072311E00B4B58690023C5
:107CD000002200210BF0EEFBFB6B0133FB63FA6B20
:107CE000BB6B9A42C5D3094802F042FA00231846FA
:107CF0004437BD4690BD00BFBC650020B86500207C
:107D000004AD030840AD030864AD030890AD03085B
:107D100090B591B000AF786039605F4B5B696421CA
:107D200018460BF0D9FE0346012B14BF0123002394
:107D3000DBB2002B01D00623A9E0574B1B68002BB8
:107D400008D0554B58690023002200210BF0B2FBEC
:107D500006239CE03B681B68002B04D03B681B6833
:107D6000B3F5002F08D94C4B58690023002200219D
:107D70000BF0A0FB02238AE0474B01221A60464B1E
:107D800000225A60444B00229A60434B0022DA6082
:107D9000414B00221A61404B01221A773E4B4FF4AF
:107DA00001229A613C4B7A6820331146982218468A
:107DB00020F069F8384B3A6803F1B80413460FCB4A
:107DC00084E80F00344B58690023002200210BF097
:107DD00071FB324B1A6807F10C031146184601F08B
:107DE000B0FE3B681A68FB6913445A1EFB69B2FB7C
:107DF000F3F3BB633B6819687B685B681A462848E5
:107E000002F0B6F9B96B274802F0B2F90023FB6320
:107E100035E0214B9A69FB69B2FBF3F3FA6B13442B
:107E20007B631E4B1B68796B184601F08EFB1A4B67
:107E30005B690A2118460BF04FFE0346012B0CBF6D
:107E400001230023DBB2002B16D0134B1B68012B40
:107E50000BD0114B58690023002200210BF02AFBA4
:107E6000114802F085F9072311E00B4B58690023F4
:107E7000002200210BF01EFBFB6B0133FB63FA6B4E
:107E8000BB6B9A42C5D3094802F072F90023184629
:107E90004437BD4690BD00BFBC650020B8650020DA
:107EA000BCAD030840AD030800AE030834AE0308C0
:107EB00090B5ADF22C4D02AF07F58464A4F21444E2
:107EC000206007F58460A0F58360016007F5846198
:107ED000A1F21C410A6007F58462A2F58462136076
:107EE0008F4B5B69642118460BF0F6FD0346012BAE
:107EF00014BF01230023DBB2002B01D006230AE1CB
:107F0000874B1B68012B08D0854B58690023002242
:107F100000210BF0CFFA0523FDE0814BDB6807F56C
:107F20008462A2F2144212689A4212D07C4BD96841
:107F300007F58463A3F214431A687A4802F018F92B
:107F4000774B58690023002200210BF0B3FA052378
:107F5000E1E007F58463A3F21C431B68002B14D0F7
:107F600007F58463A3F21C431B68B3F5806F0CD83C
:107F70006B4B9A6807F58463A3F21C431B681A4491
:107F8000674BD3F8B8309A4208D9654B586900233B
:107F9000002200210BF08EFA0223BCE007F5846377
:107FA000A3F21C4107F58463A3F5836300220968EB
:107FB0001868FEF7D5FBC7F81C0407F58463A3F522
:107FC0008463D7F81C241B689A4212D007F5846397
:107FD000A3F58463D7F81C241968534802F0C8F845
:107FE0004F4B58690023002200210BF063FA042351
:107FF00091E04B4B1A6907F58463A3F21C4107F526
:108000008463A3F5836309681868FEF7A9FB034638
:10801000434A1361424B9A69414B9B681344C7F82A
:108020001834D7F818341B0AC7F81434D7F81834A2
:10803000DBB2C7F8103407F58463A3F21C4207F5DE
:108040008463A3F583631268196838481FF01BFF27
:10805000334BDB680133324AD360314B9A6807F502
:108060008463A3F21C431B6813442D4A93602C4B7A
:1080700058690023002200210BF01CFA2C4B1868D1
:1080800007F58463A3F21C431B680093D7F81034F0
:10809000264AD7F8141401F0E2FA254B186807F1C4
:1080A000100107F58463A3F21C431B680093D7F803
:1080B0001034D7F8142401F0C1FC07F58463A3F24F
:1080C0001C4307F110011A6818481FF08BFD034686
:1080D000002B1FD0174802F04BF8114B5B6964214D
:1080E00018460BF0F9FC0346012B0CBF01230023BB
:1080F000DBB2002B0CD00A4B03221A60084B032280
:108100005A60074B58690023002200210BF0D2F976
:10811000032300E00023184607F22447BD4690BD24
:10812000BC65002068AE030898AE03088466002092
:10813000B8650020D4AE0308B0B58CB000AF9C4B3E
:108140005B69642118460BF0C7FC0346012B14BF82
:1081500001230023DBB2002B01D006239CE1944BCA
:108160001B68012B08D0924B586900230022002184
:108170000BF0A0F905238FE18D4B9A688C4BD3F857
:10818000B8309A4217D08A4BD3F8B830884A9268F0
:108190001946884801F0ECFF854B03221A60844B96
:1081A00002225A60824B58690023002200210BF002
:1081B00081F9022370E1804B1B687D4A91697C4AFA
:1081C000D2F8B820184600F0CDF90346784A13617A
:1081D000774B1A69764BD3F8BC309A4217D0744B60
:1081E000D3F8BC30724A12691946744801F0C0FFD6
:1081F0006F4B03221A606E4B04225A606C4B586915
:108200000023002200210BF055F9042344E1684BC0
:1082100002221A60664BD3F8B810654B1A69644B9A
:108220009B69674801F0A4FF614B1B7F022B00F0A4
:10823000D180644B3B623B6A8822194662481FF03A
:1082400022FE5B4B1B7F012B1AD1594BD3F8B83060
:108250005D4A9362564BD3F8BC305B4AD362544BB1
:108260005B6A594A1363584B01225A63564B4FF4C9
:108270000122DA644E4BD3F8B830534A136519E043
:108280004B4BD3F8B830504A5361494BD3F8BC300C
:108290004D4A9361464B5B6A4B4AD3614A4B01227C
:1082A0001A62494B4FF480525A64414BD3F8B830AC
:1082B000454A93643E4B5B6A434AD3653C4BD3F8D3
:1082C000B830414A13663A4BD3F8BC303E4A536645
:1082D0003D4B3E4A9A6684213B48FEF76DFA0346C1
:1082E000394AC2F88430012387F82F3006F0E8F8C5
:1082F00007F1080300221A605A609A60DA601A6176
:1083000003233B6101237B610223BB6100237B606C
:108310003A1D07F108031146184606F033FA0346E2
:10832000002B0CBF01230023DBB2002B27D0264BF0
:10833000FB61244BBB62002387F82F3000237B6254
:1083400016E07B6A9B00FA6913441B6800221C46F6
:10835000154622462B46B96A022006F05DF8034610
:1083600087F82F30BB6A0433BB627B6A01337B62C0
:108370007B6A212B03D897F82F30002BE1D006F031
:10838000C1F897F82F30002B5FD0114801F0F0FEB4
:10839000074B03221A60064B03225A60044B5869AC
:1083A0000023002200210BF085F8032374E000BFB6
:1083B000BC65002000AF0308B865002038AF030893
:1083C00078AF030800C00008846A0020000001089C
:1083D000D0AF0308324B1B7F022B36D1304BD3F882
:1083E000C0302F4AD2F8B8202E49A82000FB03F352
:1083F0000B4404331A602A4BD3F8C030284AD2F811
:10840000BC202849A82000FB03F30B4408331A6062
:10841000244800F061FD0346002B14BF0123002314
:10842000DBB2002B11D0204801F0A2FE1C4B03222E
:108430001A601B4B03225A60194B58690023002213
:1084400000210BF037F8032326E0154B00221A60B9
:10845000134B00225A60124B00229A60104B0022EC
:10846000DA600F4B00221A610D4B00221A770C4B79
:1084700000229A61982200210C481FF0DDFB102297
:1084800000210B481FF0D8FB054B58690023002240
:1084900000210BF00FF8002318463037BD46B0BD61
:1084A000BC650020404D0020F4AF0308DC650020CF
:1084B0007466002080B500AF264B5B6964211846C6
:1084C0000BF00AFB0346012B14BF01230023DBB290
:1084D000002B01D006233AE01E4B1B68012B0CD069
:1084E0001C4B1B68022B08D01A4B58690023002232
:1084F00000210AF0DFFF052329E0164B00221A6055
:10850000144B07225A60134B00229A60114B002231
:10851000DA60104B00221A610E4B00221A770D4BC5
:1085200000229A61982200210B481FF085FB10223F
:1085300000210A481FF080FB064B586900230022E7
:1085400000210AF0B7FF064801F012FE002318468A
:1085500080BD00BFBC650020DC6500207466002083
:1085600020B0030880B588B000AFF860B9607A60C9
:108570000023FB614FF48062002115481FF05CFB73
:108580000023BB611AE07A68BB69D31AB3F5806F28
:1085900028BF4FF480637B61BA68BB69D1187B69DF
:1085A0000B4AF86801F0E8F9FA6979690848FEF7BA
:1085B000D7F8F861BA697B691344BB61BA697B6813
:1085C0009A42E0D3FB6918462037BD4680BD00BF04
:1085D00084660020B0B5B2B000AF244B07F1980418
:1085E0001D460FCD0FC495E80F0084E80F0007F17A
:1085F0009803C7F8C030D7F8C030C7F8C430D7F8F0
:10860000C0302033C7F8BC3025E0D7F8C4301B6831
:10861000C7F8B8303B461946D7F8B80000F014F94F
:108620000346002B0CBF01230023DBB2002B08D034
:108630007A683B460833D7F8B8100D4801F098FD2A
:1086400004E0D7F8B8100B4801F092FDD7F8C43019
:108650000433C7F8C430D7F8C420D7F8BC309A42E6
:10866000D3D100BF00BFC837BD46B0BDCCB10308F1
:1086700064B10308A4B1030890B591B000AF78606D
:1086800039606A4B5B69642118460BF025FA034692
:10869000012B14BF01230023DBB2002B01D00623E2
:1086A000BFE07B68002B02D03B68002B08D15F4BFA
:1086B00058690023002200210AF0FCFE0223B0E0EA
:1086C0003B681B68002B03D03B685B68002B08D11C
:1086D000564B58690023002200210AF0EBFE0A23C2
:1086E0009FE03B689B68524AA82101FB03F31344B7
:1086F0001B68BB63BB6BB3F1FF3F08D14B4B5869A1
:108700000023002200210AF0D5FE082389E0474B10
:1087100001221A60454B00225A60444B00229A60A5
:10872000424B0022DA60414B00221A613F4ABB6B88
:1087300093613E4B02221A773C4B7A6820331146F4
:10874000982218461FF09FFB384B3A6803F1B80493
:1087500013460FCB84E80F00364B1A6807F1080365
:108760001146184601F0EDF93B681A68BB691344DD
:108770005A1EBB69B2FBF3F37B633B6819687B68E5
:108780005B681A462C4801F0F3FC796B2B4801F02A
:10879000EFFC0023FB6335E0244B9A69BB69B2FB15
:1087A000F3F3FA6B13443B63224B1B68396B184697
:1087B00000F0CBFE1D4B5B690A2118460BF08CF9CB
:1087C0000346012B0CBF01230023DBB2002B16D084
:1087D000164B1B68012B0BD0144B58690023002249
:1087E00000210AF067FE164801F0C2FC072318E0DA
:1087F0000E4B58690023002200210AF05BFEFB6B40
:108800000133FB63FA6B7B6B9A42C5D30D4801F0D1
:10881000AFFC064B58690023002200210AF04AFEF3
:10882000002318464437BD4690BD00BFBC650020FC
:10883000404D0020B8650020ECB1030834B20308B5
:108840006CB20308A4B2030880B5CEB000AF07F540
:108850009C73A3F59A73186007F59C73A3F59C733A
:10886000196007F59C73A3F59C731B68002B01D15D
:10887000012346E0254B186807F59C73A3F59A730E
:108880001B6803F5007107F1A002982301F074F84A
:1088900007F59C73A3F59873184607F1A003982277
:1088A00019461FF0F0FA07F59C73A3F598731B683F
:1088B000174A934201D0012323E007F59C73A3F5E7
:1088C00098735B68002B07D007F59C73A3F598732A
:1088D0005B68B3F1FF3F01D1012312E007F1080308
:1088E00008331B78002B01D101230AE007F10801AE
:1088F00007F59C73A3F59C73982218681FF0C3FAC0
:108900000023184607F59C77BD4680BDB86500205A
:10891000EFBEADDE90B5EDB042AF78600B46FB70B8
:108920007B68002B00F09980FB78002B00F095808D
:108930004C4800F0A1FA0023C7F8A43087E0494A68
:10894000D7F8A430A82101FB03F313440C331B68B0
:10895000454A934276D1434AD7F8A430A82101FB77
:1089600003F31344A4331B68012B6BD10023C7F816
:10897000A03062E0D7F8A0201346DB009B1A1B0151
:108980001A467B68134493F86C301E2B4FD0D7F8EF
:10899000A0201346DB009B1A1B011A467B68134478
:1089A00007F108021146184602F0EEFED7F8A4308F
:1089B000A82202FB03F310332A4A13441A1D07F1BD
:1089C0000803083311461846F7F78AFC0346002BC4
:1089D0002ED1244AD7F8A430A82101FB03F3134475
:1089E00010331A68FB689A4222D9D7F8A0201346A0
:1089F000DB009B1A1B011A467B689C18194AD7F8A2
:108A0000A430A82101FB03F31A4418AB1146A82295
:108A100018461FF038FA684604F110036022194620
:108A20001FF031FA94E80F0000F020F800E000BFDA
:108A3000D7F8A0300133C7F8A030FB78D7F8A020D2
:108A40009A4297D3D7F8A4300133C7F8A430D7F8A7
:108A5000A430052B7FF673AF00E000BFAC37BD46F6
:108A600090BD00BF404D0020EFBEADDE84B090B59C
:108A7000D7B028AF07F1C80484E80F0007F11C0342
:108A8000194607F1C80002F07FFE07F59C7303F159
:108A9000140207F11C03083311461846F7F720FCAF
:108AA0000346002B01D001239CE0D7F848213B6A04
:108AB0009A4201D8012395E03A6AD7F8480197F81D
:108AC00028311C4607F11C0303F1080100940346FA
:108AD000484801F04DFB07F1C80002F0A9FF03462A
:108AE000002B14BF01230023DBB2002B08D007F1B9
:108AF0001C0308331946404801F03AFB012371E09A
:108B0000C8200CF0C4FC012387F8B730002387F895
:108B1000B630032387F8B53026E03B1D64221946A2
:108B200007F1C80002F0A0FE034687F8B73097F8B7
:108B3000B730002B02D13B7D012B1AD097F8B6300D
:108B4000013387F8B63097F8B630022B0CD897F877
:108B5000B61007F11C0308331A46284801F008FB39
:108B60004FF4FA700CF093FC97F8B630022BD4D97E
:108B700000E000BF97F8B730002B02D13B7D012BFE
:108B800009D007F11C030833032219461C4801F0E1
:108B9000EFFA012326E0684607F5A2739C221946E6
:108BA0001FF071F907F59C730ECB07F1C80000F0B8
:108BB0002DF80346002B14BF01230023DBB2002B4A
:108BC00008D007F11C03083319460E4801F0D0FA0B
:108BD000012307E007F11C03083319460A4801F096
:108BE000C7FA00231846BC37BD46BDE8904004B024
:108BF000704700BFE4B2030834B3030868B3030846
:108C0000A8B30308ECB3030820B4030884B080B50C
:108C1000C0B004AF786007F1FC0080E80E007B680C
:108C2000002B04D1874801F0A3FA012303E11823A4
:108C3000A7F8CA30002387F8E7300023C7F8EC30E4
:108C40004FF48073C7F8E83007F1B0034FF47A723D
:108C50001946786802F008FE0346002B14BF012372
:108C60000023DBB2002B04D0774801F081FA012306
:108C7000E1E097F8C030012B04D0744801F078FA95
:108C80000123D8E0D7F80031BB60D7F80431FB608E
:108C9000D7F80C313B617B6893F86C307B6107F14E
:108CA00008031C338C22002118461EF0C5FF07F173
:108CB000FC0303F1140107F108031C338B2218464F
:108CC0001EF0F4FF07F1080242F21073029307F15D
:108CD000CA03019307F1CC030093A8230621786807
:108CE00002F02AFE034687F8E73097F8E730002BBA
:108CF00003D1B7F8CA30182B04D0554801F038FA20
:108D0000012398E0D7F8D830524A934247D05248CE
:108D100001F02EFA01238EE0BA68D7F8EC30D31AAE
:108D2000C7F8E830D7F8E830B3F5807F03D94FF4BF
:108D30008073C7F8E830494B1868D7F8FC20D7F89B
:108D4000EC30D118D7F8E830454A00F015FE18236A
:108D5000A7F8CA30D7F8E8309AB242F210730293FB
:108D600007F1CA03019307F1CC03009313463C4A71
:108D70000121786802F0E0FD034687F8E73097F8B4
:108D8000E730002B04D0374801F0F2F9012352E01C
:108D9000D7F8EC20D7F8E8301344C7F8EC30BB68BC
:108DA000D7F8EC209A42B7D31823A7F8CA3042F27A
:108DB0001073029307F1CA03019307F1CC030093E8
:108DC000002300220521786802F0B6FD034687F8EB
:108DD000E73097F8E730002B04D0234801F0C8F9BA
:108DE000012328E0D7F8D830204A934204D0204805
:108DF00001F0BEF901231EE0642006F0C1FC182337
:108E0000A7F8CA3042F21073029307F1CA03019324
:108E100007F1CC030093002300220221786802F0BE
:108E20008BFD97F8DC30022B04D0124801F0A0F93A
:108E3000012300E000231846F037BD46BDE880401E
:108E400004B0704760B403087CB40308A0B40308FE
:108E5000D0B403084453524510B50308B865002048
:108E60000020001048B5030880B503084446525658
:108E7000C8B50308FCB5030880B582B000AF7860C0
:108E80007B68002B01D100231CE04FF47E737A68CD
:108E90000E490F4800F070FD4FF47D717868FDF7C2
:108EA0008BFC02467B68D3F8F4339A4214BF01234B
:108EB0000023DBB2002B04D0064801F059F900234F
:108EC00000E0012318460837BD4680BD0010180099
:108ED0000C0D002034B6030880B586B000AF786072
:108EE0004FF47D717868FDF767FC02467B68C3F834
:108EF000F4231449144800F028FB642006F040FCD9
:108F00004FF47E737A680F490F4800F0EEFC07F1CA
:108F1000080210230B490C4800F02EFD07F108034E
:108F20001022796818461EF05DFE0346002B04D01F
:108F3000064801F01DF9002300E001231846183708
:108F4000BD4680BD001018000C0D002064B603085B
:108F500080B500AF4FF47E72002110481EF06CFE09
:108F60000E4B4FF4C1121A600C4B4FF4E112C3F8D0
:108F7000A8200A4B0A4AC3F85021084B094AC3F8F3
:108F8000F821064B084AC3F8A022044B074AC3F84D
:108F900048230248FFF7A0FF00BF80BD404D0020DE
:108FA00000202000002024000020280000202C00A9
:108FB00080B584B000AF786039603323FB603B68D4
:108FC000BB607B68196AFB68BA68786800F0D4FCFB
:108FD00000BF1037BD4680BD84B080B594B002AFED
:108FE000786007F1540080E80E0033237B6407F1BA
:108FF00054033B647B681B6A1946786800F0A5FA45
:109000000521786800F08CFA7B685B8E1A467B6CD1
:10901000934209D87B68196A7B6C009300233A6CF1
:10902000786800F01CFB1CE07B689B6B7A6C9A42B2
:1090300009D87B68196A7B6C009300233A6C7868C6
:1090400000F099FB0DE07B681B6C7A6C9A4208D8A3
:109050007B68196A7B6C009300233A6C786800F097
:10906000E7FB07F1080319467868FFF7A1FF07F14E
:10907000540107F10803332218461EF0B3FDF863CC
:10908000FB6B002B01D0002300E00123184648377A
:10909000BD46BDE8804004B0704780B586B002AFE1
:1090A00078600B46FB707B68586807F10F02F91C6B
:1090B00064230093012308F0C7F8FB7B18461037A0
:1090C000BD4680BD80B586B000AF786000237B616F
:1090D00000233B610023FB600023BB607B68986832
:1090E0007B689B890022194605F00AFE9F2178685B
:1090F000FFF7D3FFA5217868FFF7CFFF03463B6159
:10910000A5217868FFF7C9FF0346FB60A5217868B1
:10911000FFF7C3FF0346BB607B6898687B689B8949
:109120000122194605F0ECFD3B691A04FB681B029D
:109130001343BA6813437B617B6918461837BD46F1
:1091400080BD90B585B000AF78607B6898687B681B
:109150009B890022194605F0D3FD4B217868FFF763
:109160009CFF0023FB7306E0A5217868FFF795FFBD
:10917000FB7B0133FB73FB7B032BF5D90023BB7314
:109180000DE0BC7BA5217868FFF787FF03461A46F0
:109190007B68234483F82920BB7B0133BB73BB7BF3
:1091A000072BEED97B6898687B689B89012219465A
:1091B00005F0A6FD00BF1437BD4690BD80B582B056
:1091C00000AF78607B6898687B689B8900221946AD
:1091D00005F096FD06217868FFF75FFF7B689868C9
:1091E0007B689B890122194605F08AFD0121786878
:1091F00000F096F900BF0837BD4680BD80B582B04B
:1092000000AF78600121786800F08AF97B6898687F
:109210007B689B890022194605F072FD052178685C
:10922000FFF73BFFA5217868FFF737FF03461A4693
:109230007B6883F84C200121786800F071F97B6825
:1092400093F84C3003F00103002BEBD17B68986856
:109250007B689B890122194605F052FD00BF083743
:10926000BD4680BD82B080B586B000AFF860B96001
:109270007A607B62FB68103307F12C0292E80300EE
:1092800083E80300FB68083307F1240292E8030037
:1092900083E80300FB68183307F1340292E8030007
:1092A00083E80300FB68BA685A60FB687A681A6250
:1092B000FB6A398E0122184605F022FD7B6B398F3F
:1092C0000122184605F01CFD7B6A398D01221846E3
:1092D00005F016FDFB68012283F84F2003E0012111
:1092E000F86800F01DF906F03FFA0346632B94BFBF
:1092F00001230023DBB2002BF1D17B6A398D0122DF
:10930000184605F0FDFC6421F86800F009F9F868DA
:10931000FFF7D8FE78617B699BB243F21702934254
:109320003AD843F2110293421ED2ADE0A3F5804336
:10933000113B092B00F2A88001A252F823F000BFD4
:109340004194010831940108219401081194010805
:1093500001940108F1930108E1930108CF930108FA
:10936000BD930108AB930108A3F54053113B062BB5
:1093700000F28A8001A252F823F000BF8194010814
:1093800079940108719401086994010861940108B5
:10939000599401085194010844F21A02934273D877
:1093A00044F211029342C1D26EE0FB680A2283F8B4
:1093B0002820FB684FF480625A646BE0FB68092246
:1093C00083F82820FB684FF400725A6462E0FB685F
:1093D000082283F82820FB684FF480725A6459E011
:1093E000FB68072283F82820FB6880225A6451E03A
:1093F000FB68062283F82820FB6840225A6449E073
:10940000FB68052283F82820FB6820225A6441E08B
:10941000FB68042283F82820FB6810225A6439E094
:10942000FB68032283F82820FB6808225A6431E095
:10943000FB68022283F82820FB6804225A6429E092
:10944000FB68012283F82820FB6802225A6421E08D
:10945000FB6880225A641DE0FB6840225A6419E0D0
:10946000FB6820225A6415E0FB6810225A6411E060
:10947000FB6808225A640DE0FB6804225A6409E084
:10948000FB6802225A6405E0FB68002283F84F2043
:1094900000232EE0FB684FF480725A86FB684FF47D
:1094A00080529A63FB685B6C1A01FB68DA63FB68A5
:1094B000DB6BFA68926B02FB03F3FA68528EB3FB24
:1094C000F2F2FB685A63FB689B6B1A01FB681A6433
:1094D000FB68DB6BFA68926B02FB03F39A0AFB688A
:1094E0009A64F868FFF72DFEFB68002283F84F208E
:1094F000012318461837BD46BDE8804002B07047CA
:1095000080B483B000AF78600B46FB707B68FA785C
:1095100083F8502000BF0C37BD465DF8047B7047D0
:1095200080B582B000AF786039607B6893F85030C6
:10953000002B03D038680BF0AAFF02E0386806F071
:109540001FF900BF0837BD4680BD80B582B000AFAF
:109550007860396003E001217868FFF7E1FF7B68FC
:1095600093F84F30012BF6D07B68012283F84F200F
:109570007868FFF743FE7B689A6B3B6802FB03F356
:109580003B607868FFF71AFE7B6898687B689B8968
:109590000022194605F0B4FB20217868FFF77DFD15
:1095A0007B6893F82830082B06D93B681B0EDBB28A
:1095B00019467868FFF771FD3B681B0CDBB2194652
:1095C0007868FFF76AFD3B681B0ADBB219467868CA
:1095D000FFF763FD3B68DBB219467868FFF75DFD76
:1095E0007B6898687B689B890122194605F088FB97
:1095F0007868FFF703FE01217868FFF791FF7B6829
:10960000002283F84F2000BF0837BD4680BD80B4DC
:1096100083B000AF786039607B689B6B3A6802FB6F
:1096200003F37A68528EB3FBF2F318460C37BD464B
:109630005DF8047B704780B483B000AF7860396018
:109640007B681B6C3A6802FB03F37A68528EB3FBAB
:10965000F2F318460C37BD465DF8047B704780B5C1
:1096600084B000AFF860B9607A603B6003E001212C
:10967000F868FFF755FFFB6893F84F30012BF6D0E1
:10968000FB68012283F84F20BA693B681344FA68EB
:10969000528E934202D8BB69002B05D1FB685B8ECA
:1096A0001A463B68D31ABB613A68BB691344FA682F
:1096B000528E934205D9FB685B8E1A463B68D31ADB
:1096C000BB61F868FFF79AFDF868FFF777FDFB6864
:1096D0009868FB689B890022194605F011FB02215E
:1096E000F868FFF7DAFCFB685B8E1A46BB6802FB82
:1096F00003F33A681344BB60FB6893F82830082BE7
:1097000006D9BB681B0EDBB21946F868FFF7C5FC2B
:10971000BB681B0CDBB21946F868FFF7BEFCBB68E0
:109720001B0ADBB21946F868FFF7B7FCBB68DBB26F
:109730001946F868FFF7B1FCFB685868BB699AB234
:109740006423796807F025FBFB689868FB689B89B0
:109750000122194605F0D4FAF868FFF74FFD012100
:10976000F868FFF7DDFEFB68002283F84F2000BF9A
:109770001037BD4680BD80B58AB002AFF860B960D1
:109780007A603B60FB689B6BBA6A9A4202D8BB6AFC
:10979000002B02D1FB689B6BBB623A68BB6A1A4420
:1097A000FB689B6B9A4205D9FB689A6B3B68D31A9E
:1097B000BB6101E0BB6ABB61B968F868FFF727FFCE
:1097C0000246FB685B8E19463B68B3FBF1F313441A
:1097D000FB61FB685B8E1A463B68B3FBF2F101FB51
:1097E00002F29B1A7B61BB6900937B697A68F96915
:1097F000F868FFF734FFFB690133FB61FB685B8EA0
:109800001A467B699A1ABB691344BB61FB685B8E7D
:109810001A467B69D31A7A6813447B6000237B6104
:10982000BB69002BDFDC00BF00BF2037BD4680BD19
:1098300080B58AB002AFF860B9607A603B60FB68BF
:109840001B6CBA6A9A4202D8BB6A002B02D1FB6831
:109850001B6CBB623A68BB6A1A44FB681B6C9A4279
:1098600005D9FB681A6C3B68D31ABB6101E0BB6A7F
:10987000BB61B968F868FFF7DEFE0246FB685B8EE5
:1098800019463B68B3FBF1F31344FB61FB685B8E45
:109890001A463B68B3FBF2F101FB02F29B1A7B61B3
:1098A000BB6900937B697A68F969F868FFF7D7FEAE
:1098B000FB690133FB61FB685B8E1A467B699A1A70
:1098C000BB691344BB61FB685B8E1A467B69D31A84
:1098D0007A6813447B6000237B61BB69002BDFDC6B
:1098E00000BF00BF2037BD4680BD80B58AB002AF43
:1098F000F860B9607A603B603B683B61FB685B8EF7
:109900001A46BB68B3FBF2F3FB61FB685B8E1A4639
:10991000BB68B3FBF2F101FB02F29B1A7B617A692F
:109920003B691344FA68528E934206D9FB685B8EFA
:109930001A467B69D31ABB6101E03B69BB61BB6915
:1099400000937B697A68F969F868FFF788FEFB691C
:109950000133FB61BB693A69D31A3B61BB697A6821
:1099600013447B6000237B613B69002BD7D100BF90
:1099700000BF2037BD4680BD80B584B000AFF86021
:10998000B9607A603B6003E00121F868FFF7C8FD29
:10999000FB6893F84F30012BF6D0FB68012283F867
:1099A0004F20FB689868FB689B890022194605F0E8
:1099B000A7F90B21F868FFF770FBFB6893F82830D4
:1099C000082B06D9BB681B0EDBB21946F868FFF7F7
:1099D00064FBBB681B0CDBB21946F868FFF75DFB44
:1099E000BB681B0ADBB21946F868FFF756FBBB6879
:1099F000DBB21946F868FFF750FB0021F868FFF763
:109A00004CFBFB6858683B689AB24FF4FA6379687C
:109A100007F002FBFB689868FB689B8901221946E6
:109A200005F06EF90121F868FFF77AFDFB68002266
:109A300083F84F2000BF1037BD4680BD80B584B08D
:109A400000AFF860B9607A603B6003E00121F8681C
:109A5000FFF766FDFB6893F84F30012BF6D0FB68EB
:109A6000012283F84F20FB685B8E1A46BB69934244
:109A700002D8BB69002B02D1FB685B8EBB613A68E0
:109A8000BB691344FA68528E934205D9FB685B8E1A
:109A90001A463B68D31ABB61FB685B8E1A467B682B
:109AA00002FB03F33A6813447B60FB689868FB6829
:109AB0009B890022194605F023F90B21F868FFF76E
:109AC000ECFAFB6893F82830082B06D97B681B0E4C
:109AD000DBB21946F868FFF7E0FA7B681B0CDBB2D3
:109AE0001946F868FFF7D9FA7B681B0ADBB21946FA
:109AF000F868FFF7D2FA7B68DBB21946F868FFF71F
:109B0000CCFA0021F868FFF7C8FAFB685868BB690F
:109B10009AB26423B96807F07FFAFB689868FB681B
:109B20009B890122194605F0EBF80121F868FFF73F
:109B3000F7FCFB68002283F84F2000BF1037BD46BA
:109B400080BDB0B483B000AF786039607A683B689C
:109B5000154603F128040FCC0FC50FCC0FC594E8B0
:109B6000030085E8030078680C37BD46B0BC704739
:109B700080B483B000AF78607B6800221A627B6893
:109B800018460C37BD465DF8047B704780B483B03F
:109B900000AF78607B6818460C37BD465DF8047BE3
:109BA000704780B582B000AF78607B685B6A002B3D
:109BB00040F0A6807B68DB69022B50D0022B00F3BB
:109BC000AE80002B3BD0012B40F0A9807B681A6946
:109BD0007B685B689A422CD17B681B6A002B15D18D
:109BE0007B68986A7B689B8D0122194605F088F88E
:109BF0007B685A697B689B69D21A7B681A617B68AB
:109C000000225A607B6801221A628BE07B68986AA6
:109C10007B689B8D0022194605F072F87B689A6973
:109C20007B681A617B6800225A607B6800221A6296
:109C300078E07B685B685A1C7B685A6072E07B68DE
:109C40001B6A012B6DD17B68986A7B689B8D002213
:109C5000194605F055F87B6800221A6261E07B68BE
:109C60001A697B685B689A4244D17B681B6A002B47
:109C70002DD17B68986A7B689B8D0122194605F07F
:109C80003FF87B685A697B689B69D21A7B681A61C6
:109C90007B6800225A607B6801221A627B689A689E
:109CA0007B68DB689A420CD17B6801225A627B6830
:109CB0000022DA617B6800229A607B680022DA6009
:109CC00030E07B689B685A1C7B689A602AE07B685E
:109CD000986A7B689B8D0022194605F011F87B6815
:109CE0009A697B681A617B6800225A607B6800224F
:109CF0001A6217E07B685B685A1C7B685A6011E047
:109D00007B68986A7B689B8D0122194604F0F8FFF6
:109D10007B6800225A607B6801221A6202E000BF61
:109D200000E000BF00BF0837BD4680BD80B584B0ED
:109D300000AFF860B9601346FB80FB68BA689A62AE
:109D4000FB68FA889A85FB8801221946B86804F0F6
:109D5000D7FFFB6801221A6000BF1037BD4680BDE7
:109D600080B483B000AF78607B6800225A6200BF85
:109D70000C37BD465DF8047B704780B483B000AFFC
:109D8000786039607B6800225A627B680222DA615F
:109D90007B68DA683B681A447B68DA6000BF0C377E
:109DA000BD465DF8047B704780B483B000AF786037
:109DB0007B6801225A6200BF0C37BD465DF8047B08
:109DC000704780B485B000AFF860B9607A603B60DE
:109DD000FB68BA68DA61FB687A685A61FB683A68BE
:109DE0009A6100BF1437BD465DF8047B704780B4AC
:109DF00083B000AF786039607B683A68DA6100BF91
:109E00000C37BD465DF8047B704780B483B000AF6B
:109E100078607B6800221A607B6800225A607B6849
:109E200000229A607B680022DA607B6800221A6157
:109E30007B684FF47A725A617B6864229A617B680E
:109E40000122DA617B6801221A627B6801225A6270
:109E50007B6800229A627B6800229A857B6818469C
:109E60000C37BD465DF8047B704780B483B000AF0B
:109E700078607B6818460C37BD465DF8047B7047F8
:109E800080B400AF064B5B68C3F30803002B14BF1C
:109E900001230023DBB21846BD465DF8047B704702
:109EA00000ED00E080B483B000AF00237B600FE0E2
:109EB0000D4A7B6813441B78002B06D10A4A7B6845
:109EC000134401221A707B6807E07B6801337B60D2
:109ED0007B68072BECDD4FF0FF3318460C37BD468F
:109EE0005DF8047B704700BFA043002080B485B0BC
:109EF00000AF0346FB71FB79072B0FD8EFF31083FC
:109F0000BB60BB68FB6072B600BFFB79064A0021EC
:109F1000D154FB68002B02D162B600E000BF1437B9
:109F2000BD465DF8047B7047A043002080B485B037
:109F300000AF0023FB6020E0EFF310837B607B68C1
:109F4000BB6072B600BF124AFB6813441B78002B3B
:109F50000BD10F4AFB68134401221A70BB68002B17
:109F600001D162B600BFFB680CE0BB68002B01D1D9
:109F700062B600BFFB680133FB60FB68072BDBDDCB
:109F80004FF0FF3318461437BD465DF8047B704729
:109F9000A043002090B589B000AF7860194A7B6873
:109FA0001360184B00221A73164B174A9A60154B10
:109FB00001225A73134BFF229A730822002113487F
:109FC0001DF03AFE0023BB610023FB6107F118037B
:109FD00018460BF070FA03460D4A13600D4B07F15B
:109FE00008040FCB84E80F0007F10803002118468E
:109FF0000BF0C7FB0346034A536000BF2437BD463E
:10A0000090BD00BF800D0020900D0020A0430020D7
:10A01000A843002090B6030880B586B000AF434B3C
:10A020001B7BDBB2002B0CBF01230023DBB2002B18
:10A0300077D03E4B59683B46002218460BF00AFC8D
:10A040003B68102B6DD17B683B613B69072B68D85F
:10A05000374A3B6913441B78012B62D13B6940F2BC
:10A06000026202FB03F3334A1344FB60FB68B3F85C
:10A070000036002B4ED0FB68B3F80036B3F5C06F46
:10A0800048D22A4B9868F968FB68B3F800361A463C
:10A090001DF0F9FE3B69DAB2244B9A73234B01227F
:10A0A0001A730123FB75214B1B689B6B002B09D096
:10A0B0001E4B1B689B6B93F83530DBB2012B01D133
:10A0C000012300E00023002B0BD0184B1868174B1E
:10A0D0009968FB68B3F800361A4607F083FC03461C
:10A0E000FB75FB7D002B1BD0104B18680F4B99683C
:10A0F000FB68B3F80026642307F0E8FB3B69DBB29A
:10A100001846FFF7F3FE094B00221A73074BFF2294
:10A110009A7305E03B69DBB21846FFF7E7FE00E003
:10A1200000BF00BF1837BD4680BD00BF800D0020B6
:10A13000A04300209013002080B500AF0B4B9B7B09
:10A14000DBB2072B94BF01230023DBB2002B08D026
:10A15000064B9B7BDBB21846FFF7C8FE034BFF2282
:10A160009A73024B00221A7300BF80BD800D00203D
:10A170000FB480B586B000AF3E4B5B7B002B6FD039
:10A180003B6A002B6CD04FF0FF337B61FFF778FE0A
:10A190000346002B14BF01230023DBB2002B03D0A6
:10A1A000FFF7C4FE786115E0334B1B680A2118469F
:10A1B0000BF09AF90346002B0CBF01230023DBB2FE
:10A1C000002B07D0FFF76EFE78612B4B1B681846FB
:10A1D0000BF0D8F97B69002B44DB7B6940F202620B
:10A1E00002FB03F3254A13443B6107F124037B6020
:10A1F00038697B683A6A40F2FD511DF051FCF86005
:10A20000FB68002B05DC7B69DBB21846FFF76EFEAE
:10A2100029E03A69FB6813440D221A70FB68013388
:10A220003A690321D154FB6802333A690421D154BD
:10A23000FB689BB203339AB23B69A3F800260D4B2F
:10A240005B6879690A2218460BF0C4FAB860BB68EB
:10A25000002B08D07B69DBB21846FFF747FE02E00F
:10A2600000BF00E000BF1837BD46BDE8804004B025
:10A27000704700BF800D0020A843002090130020ED
:10A280000FB480B586B000AF354B5B7B002B5ED042
:10A290003B6A002B5BD04FF0FF337B61FFF7F0FD93
:10A2A0000346002B14BF01230023DBB2002B03D095
:10A2B000FFF73CFE786115E02A4B1B680A2118461F
:10A2C0000BF012F90346002B0CBF01230023DBB275
:10A2D000002B07D0FFF7E6FD7861224B1B6818467C
:10A2E0000BF050F97B69002B33DB7B6940F2026293
:10A2F00002FB03F31C4A13443B6107F124037B6018
:10A3000038697B683A6A4FF4C0611DF0C9FBF86098
:10A31000FB68002B05DC7B69DBB21846FFF7E6FD26
:10A3200018E0FB689AB23B69A3F800260C4B5B6807
:10A3300079690A2218460BF04DFAB860BB68002B09
:10A3400008D07B69DBB21846FFF7D0FD02E000BF02
:10A3500000E000BF1837BD46BDE8804004B070473C
:10A36000800D0020A84300209013002080B483B00B
:10A3700000AF78607B681B781B021AB27B680133E0
:10A380001B781BB213431BB29BB218460C37BD4659
:10A390005DF8047B7047000080B485B000AF786042
:10A3A0000B467B80FF23FB73FF23BB7313E07B68AB
:10A3B0005A1C7A601A78BB7B5340DBB2BB60124AEE
:10A3C000BB6813441A78FB7B5340BB730F4ABB68CE
:10A3D00013441B78FB737B885A1E7A80002B14BFB2
:10A3E00001230023DBB2002BE1D1FB7B1B021AB25D
:10A3F000BB7B1BB213431BB29BB218461437BD463E
:10A400005DF8047B704700BFC8050408C80604084F
:10A4100080B584B000AF786039603B68032B01DC05
:10A42000002320E03B68013B7A6813441B781B0241
:10A430001AB23B68023B79680B441B781BB213438A
:10A440001BB2FB813B689BB2023B9BB2194678680A
:10A45000FFF7A2FF0346BB81FA89BB899A420CBF72
:10A4600001230023DBB218461037BD4680BD80B5FE
:10A4700086B000AFF860B9607A603B60BB68062BBD
:10A4800002DC4FF0FF3329E0F868FFF76FFF034667
:10A490001A463B681A80BB68063B7B61FB68063343
:10A4A0007A69194678681DF0EEFC7B699BB2194603
:10A4B0007868FFF771FF03467B827B697A681344F3
:10A4C0007A8AD2B21A707B8A1B0A99B27B690133ED
:10A4D0007A681344CAB21A707B6902331846183777
:10A4E000BD4680BD80B584B000AFF860B9607A60C9
:10A4F0007B80BB68032B05DC26481DF0DBF94FF0A1
:10A50000FF3342E0B968F868FFF782FF0346002B8B
:10A510000CBF01230023DBB2002B05D01E481DF029
:10A52000C9F96FF0010330E07B881B0A9BB2DAB2F5
:10A530007B681A707B6801337A88D2B21A707B68A4
:10A54000023300221A707B68033300221A70BB6842
:10A55000023B1A127B680433D2B21A70BB68DAB2BB
:10A560007B680533023AD2B21A707B680633FA6808
:10A5700012781A707B68D81DFB68591CBB68033BB6
:10A580001A461DF080FCBB68043318461037BD46E0
:10A5900080BD00BFA0B60308BCB6030880B485B078
:10A5A00000AF78600B467B804FF6FF73FB8113E0B2
:10A5B000FB891B021AB2FB891B0A9BB218467B68F7
:10A5C000591C79601B784340DBB20C4931F81330D9
:10A5D0001BB253401BB2FB817B885A1E7A80002B32
:10A5E00014BF01230023DBB2002BE1D1FB89184605
:10A5F0001437BD465DF8047B704700BFC8070408E8
:10A6000080B487B000AFF860B9607A60FB68002B57
:10A6100005D0BB68002B02D07B68002B07D1BB683C
:10A62000002B00F05A81BB6800221A8055E10023FC
:10A63000FB827B681978FA68FB8A581CF8821344FD
:10A640000A461A707B685978FA68FB8A581CF882A7
:10A6500013440A461A707B689978FA68FB8A581C7A
:10A66000F88213440A461A707B68D978FA68FB8A24
:10A67000581CF88213440A461A707B681979FA68E4
:10A68000FB8A581CF88213440A461A707B68597971
:10A69000FA68FB8A581CF88213440A461A707B68D1
:10A6A000D3F80630D9B2FA68FB8A581CF8821344F2
:10A6B0000A461A707B68D3F806301B0AD9B2FA68CA
:10A6C000FB8A581CF88213440A461A707B68D3F838
:10A6D00006301B0CD9B2FA68FB8A581CF882134466
:10A6E0000A461A707B68D3F806301B0ED9B2FA6896
:10A6F000FB8A581CF88213440A461A707B68D3F808
:10A700000A30D9B2FA68FB8A581CF88213440A4608
:10A710001A707B68D3F80A301B0AD9B2FA68FB8A30
:10A72000581CF88213440A461A707B68D3F80A3022
:10A730001B0CD9B2FA68FB8A581CF88213440A46EB
:10A740001A707B68D3F80A301B0ED9B2FA68FB8AFC
:10A75000581CF88213440A461A707B68D3F80E30EE
:10A76000D9B2FA68FB8A581CF88213440A461A7058
:10A770007B68D3F80E301B0AD9B2FA68FB8A581CE2
:10A78000F88213440A461A707B68D3F80E301B0C0B
:10A79000D9B2FA68FB8A581CF88213440A461A7028
:10A7A0007B68D3F80E301B0ED9B2FA68FB8A581CAE
:10A7B000F88213440A461A707B68D3F81230D9B273
:10A7C000FA68FB8A581CF88213440A461A707B68A0
:10A7D000D3F812301B0AD9B2FA68FB8A581CF882E7
:10A7E00013440A461A707B68D3F812301B0CD9B296
:10A7F000FA68FB8A581CF88213440A461A707B6870
:10A80000D3F812301B0ED9B2FA68FB8A581CF882B2
:10A8100013440A461A707B68D3F81630D9B2FA6826
:10A82000FB8A581CF88213440A461A707B68D3F8D6
:10A8300016301B0AD9B2FA68FB8A581CF8821344F6
:10A840000A461A707B68D3F816301B0CD9B2FA6826
:10A85000FB8A581CF88213440A461A707B68D3F8A6
:10A8600016301B0ED9B2FA68FB8A581CF8821344C2
:10A870000A461A707B68D3F81A30D9B2FA68FB8A94
:10A88000581CF88213440A461A707B68D3F81A30B1
:10A890001B0AD9B2FA68FB8A581CF88213440A468C
:10A8A0001A707B68D3F81A301B0CD9B2FA68FB8A8D
:10A8B000581CF88213440A461A707B68D3F81A3081
:10A8C0001B0ED9B2FA68FB8A581CF88213440A4658
:10A8D0001A70BB68FA8A1A8000E000BF1C37BD46B8
:10A8E0005DF8047B704780B485B000AF7860396054
:10A8F0007B68002B00F080813B68002B00F07C819E
:10A900000023FB817A68FB89591CF98113441A786A
:10A910003B681A707A68FB89591CF98113441A78CC
:10A920003B685A707A68FB89591CF98113441A787C
:10A930003B689A707A68FB89591CF98113441A782C
:10A940003B68DA707A68FB89591CF98113441A78DC
:10A950003B681A717A68FB89591CF98113441A788B
:10A960003B685A71FB897A6813441B781AB2FB89D9
:10A97000013379680B441B781B021BB213431BB2D3
:10A980009AB23B68DA80FB890233FB81FB897A68E3
:10A9900013441B781AB2FB89013379680B441B7886
:10A9A0001B021BB213431BB29AB23B681A81FB898C
:10A9B0000233FB81FB897A6813441B781AB2FB8946
:10A9C000013379680B441B781B021BB213431BB283
:10A9D0009AB23B685A81FB890233FB81FB897A6812
:10A9E00013441B781AB2FB89013379680B441B7836
:10A9F0001B021BB213431BB29AB23B689A81FB89BC
:10AA00000233FB81FB897A6813441B781AB2FB89F5
:10AA1000013379680B441B781B021BB213431BB232
:10AA20009AB23B68DA81FB890233FB81FB897A6841
:10AA300013441B781AB2FB89013379680B441B78E5
:10AA40001B021BB213431BB29AB23B681A82FB89EA
:10AA50000233FB81FB897A6813441B781AB2FB89A5
:10AA6000013379680B441B781B021BB213431BB2E2
:10AA70009AB23B685A82FB890233FB81FB897A6870
:10AA800013441B781946FB8901337A6813441B78F9
:10AA90001B0241EA0302FB89023379680B441B78ED
:10AAA0001B041A43FB89033379680B441B781B068C
:10AAB0001A433B685A61FB890433FB81FB897A683E
:10AAC00013441B781946FB8901337A6813441B78B9
:10AAD0001B0241EA0302FB89023379680B441B78AD
:10AAE0001B041A43FB89033379680B441B781B064C
:10AAF0001A433B689A61FB890433FB81FB897A68BE
:10AB000013441B781946FB8901337A6813441B7878
:10AB10001B0241EA0302FB89023379680B441B786C
:10AB20001B041A43FB89033379680B441B781B060B
:10AB30001A433B68DA61FB890433FB81FB897A683D
:10AB400013441B781946FB8901337A6813441B7838
:10AB50001B0241EA0302FB89023379680B441B782C
:10AB60001B041A43FB89033379680B441B781B06CB
:10AB70001A433B681A62FB890433FB81FB897A68BC
:10AB800013441B781946FB8901337A6813441B78F8
:10AB90001B0241EA0302FB89023379680B441B78EC
:10ABA0001B041A43FB89033379680B441B781B068B
:10ABB0001A433B685A62FB890433FB81FB897A683C
:10ABC00013441B781946FB8901337A6813441B78B8
:10ABD0001B0241EA0302FB89023379680B441B78AC
:10ABE0001B041A43FB89033379680B441B781B064B
:10ABF0001A433B689A6200E000BF1437BD465DF817
:10AC0000047B704780B483B000AF78607B68002B12
:10AC100077D07B6800221A707B6800225A707B68AC
:10AC200000229A707B680022DA707B6800221A7119
:10AC30007B6800225A717B6800229A710022DA71C7
:10AC40007B6800221A7200225A727B6800229A7274
:10AC50000022DA727B6800221A7300225A737B6822
:10AC600000229A730022DA737B6800221A74002291
:10AC70005A747B6800229A740022DA747B6800227E
:10AC80001A7500225A7500229A750022DA757B68BF
:10AC900000221A7600225A7600229A760022DA766C
:10ACA0007B6800221A7700225A7700229A770022C6
:10ACB000DA777B68002283F82020002283F82120A5
:10ACC000002283F82220002283F823207B680022C0
:10ACD00083F82420002283F82520002283F82620F0
:10ACE000002283F827207B68002283F82820002296
:10ACF00083F82920002283F82A20002283F82B20C1
:10AD000000E000BF0C37BD465DF8047B704780B49F
:10AD100083B000AF78607B68002B48D07B6800224E
:10AD20001A707B6800225A707B6800229A707B68D8
:10AD30000022DA707B6800221A717B6800225A7147
:10AD40007B6800229A710022DA7100221A720022B6
:10AD50005A727B6800229A720022DA7200221A73F9
:10AD600000225A737B6800229A730022DA73002251
:10AD70001A7400225A747B6800229A740022DA74D2
:10AD800000221A7500225A757B6800229A750022EB
:10AD9000DA7500221A7600225A767B6800229A76AB
:10ADA0000022DA7600221A7700225A7700E000BFEC
:10ADB0000C37BD465DF8047B7047000080B588B055
:10ADC00000AFF8607B600B46FB721346BB723B8D95
:10ADD000B3F5807F01D901235DE03B8D0533FB8313
:10ADE0002F4AFB7A13702E4ABB7A5370FB8BDAB270
:10ADF0002B4B9A703B8D002B08D07B68002B05D025
:10AE00003B8D1A46796827481DF03DF8FB8B023BC5
:10AE10009BB219462248FFF7C1FB0346BB83FB8B5D
:10AE2000023BBA8BD1B21E4AD154BB8B1B0A9AB2D9
:10AE3000FB8B013BD1B21A4AD154FB8B1A461849FD
:10AE4000F86806F0CFFD0346FB76FB7E002B01D0B1
:10AE5000FB7E20E004F088FC786110E004F084FCC4
:10AE600002467B69D31A632B8CBF01230023DBB21C
:10AE7000002B01D003230EE001200AF008FBFB6841
:10AE800093F84130DBB2202B14BF01230023DBB247
:10AE9000002BE3D1002318462037BD4680BD00BFFC
:10AEA000C0470020C347002080B586B000AFF860DF
:10AEB0007A603B600B467B817B89042B01D80023A1
:10AEC0004FE0FB681B78FB75FB685B78BB75FB6824
:10AED0009B787B757A7D7B899A4202DC7B7D042B93
:10AEE00001D800233DE07B7D9BB2023B9BB219461B
:10AEF000F868FFF753FB03467B827B7D023BFA68D1
:10AF000013441B781AB27B7D013BF9680B441B7814
:10AF10001B021BB213431BB23B827A8A3B8A9A42C2
:10AF200001D000231DE07B68002B08D07B68FA7DF0
:10AF30001A707B68BA7D5A707B687A7D9A703B681C
:10AF4000002B0CD03B6A002B09D07B7D9BB2053BCC
:10AF50009AB23B6A1A80FB68DA1C3B681A607B7DF8
:10AF60009BB218461837BD4680BD0000B0B59EB0F4
:10AF700004AF78610B46FB747B69002B02D0FB7C2D
:10AF8000002B04D1AB48FFF7F3F8002386E200233F
:10AF9000A7F8563000233B650023A7F86630A64B80
:10AFA0001B68002B04D1A548FFF7E2F8002375E2E7
:10AFB000A14B1B6841F2883118460AF095FAF865F2
:10AFC000FB6D002B04D09E48FFF7D2F8002365E20A
:10AFD000FB7C012219469B48FFF7CAF8002387F83B
:10AFE00065304EE297F86530013387F85B3097F8AB
:10AFF000653097F85B2019469348FFF7B9F8934BF3
:10B0000019683B46002218460AF024FC07F11C038D
:10B010003A4607CA83E80700FB69102BEFD097F880
:10B020005B1000230093002302228948FFF7C6FE2D
:10B03000034687F85A3097F85A30002B08D097F813
:10B04000653097F85A2019468248FFF791F813E2C5
:10B050007E4B196807F14403322218460AF0FAFBC6
:10B060007B6C102B08D097F8651097F85B207B6CF1
:10B070007948FFF77DF8FFE1BB6CA7F8583097F8E7
:10B080006510B7F8582097F85B307448FFF770F8F0
:10B0900007F1500007F14002B7F8581007F15603C6
:10B0A000009303466E48FFF7FFFE0346002B0CBFDC
:10B0B00001230023DBB2002B18D097F86510684BF2
:10B0C0001B781C46664B5B781D46654B9B781A4681
:10B0D000634BDB781846624B1B7902930190009218
:10B0E0002B4622465F48FFF743F8C5E197F8651005
:10B0F00097F84030184697F841301C4697F8423090
:10B10000B7F8562001920093234602465648FFF7AF
:10B110002FF897F8403097F85B209A4209D097F8BB
:10B12000651097F85B2097F840305048FFF720F8FB
:10B13000A2E197F84130022B09D097F8651097F8F3
:10B1400041301A4602234A48FFF712F894E13B6D5A
:10B15000002B03D0B7F85630172B09D897F8651095
:10B16000B7F856301A4618234248FFF701F883E132
:10B17000396D07F12803182218461CF084FE97F851
:10B180006510BA6AF86A3B6B97F8384001940093EF
:10B1900003463948FEF7ECFF97F83830022B08D009
:10B1A00097F8653097F85B2019463448FEF7E0FFC2
:10B1B00062E1B7F866201346DB009B1A1B011A46B2
:10B1C0007B69134497F85B2083F86020B7F866200A
:10B1D0001346DB009B1A1B011A467B69134497F840
:10B1E000402083F86120F96AB7F866201346DB0037
:10B1F0009B1A1B011A467B691344CAB283F86C2060
:10B20000B7F866201346DB009B1A1B011A467B69C0
:10B21000134400225A66B7F866201346DB009B1AD7
:10B220001B011A467B69134400229A6600233B6681
:10B2300073E000BFF4B603083851002018B70308C4
:10B240003CB7030860B7030888B7030860510020C3
:10B250004C590020B4B70308E8B703081CB803082A
:10B26000AC43002040B803087CB80308B0B803081A
:10B27000E4B8030810B9030844B9030884B9030803
:10B28000B7F866201346DB009B1A1B011A467B6940
:10B290001A443B6E1B011344043300221A60B7F8B2
:10B2A00066201346DB009B1A1B011A467B691A4471
:10B2B0003B6E1B01134400221A60B7F86620134648
:10B2C000DB009B1A1B011A467B691A443B6E1B016B
:10B2D00013440B3300221A70B7F866201346DB00C4
:10B2E0009B1A1B011A467B691A443B6E1B011344CF
:10B2F0000A3300221A70B7F866201346DB009B1A47
:10B300001B011A467B691A443B6E1B011344083328
:10B3100000221A803B6E01333B663B6E052BAFDD8E
:10B320003B6B062B46D1B7F866201346DB009B1A11
:10B330001B011A467B69134401225A73B7F8662031
:10B340001346DB009B1A1B011A467B69134401223A
:10B350005A77B7F866201346DB009B1A1B011A4682
:10B360007B691344012283F82D20B7F86620134629
:10B37000DB009B1A1B011A467B691344012283F8E8
:10B380003D20B7F866201346DB009B1A1B011A46C6
:10B390007B691344012283F84D20B7F866201346D9
:10B3A000DB009B1A1B011A467B691344012283F8B8
:10B3B0005D2045E0B7F866201346DB009B1A1B01B1
:10B3C0001A467B69134401225A73B7F86620134664
:10B3D000DB009B1A1B011A467B69134401225A7732
:10B3E000B7F866201346DB009B1A1B011A467B69DF
:10B3F0001344012283F82D20B7F866201346DB00A2
:10B400009B1A1B011A467B691344002283F83D20D6
:10B41000B7F866201346DB009B1A1B011A467B69AE
:10B420001344002283F84D20B7F866201346DB0052
:10B430009B1A1B011A467B691344002283F85D2086
:10B4400097F8651097F85B00B7F866201346DB00A5
:10B450009B1A1B011A467B69134493F86C301A46F9
:10B460003B6B0093134602460E48FEF781FEB7F889
:10B4700066300133A7F8663097F86530013387F8F6
:10B48000653097F86520FB7C9A42FFF4ABAD064B24
:10B490001B6818460AF076F8B7F866301846683721
:10B4A000BD46B0BDBCB903083851002080B58EB090
:10B4B00000AF786039607B68002B4AD03B68002B76
:10B4C00047D007F10C031846FFF79CFB07F10C036C
:10B4D00019467868FFF707FA3A7B3B68DA727A7B9D
:10B4E0003B68DA76BA7B3B6883F82B20FA7B3B68B3
:10B4F00083F83B203A7C3B6883F84B207A7C3B689E
:10B5000083F85B203A6A3B681A607A6A3B681A6182
:10B51000BA6A3B681A62FA6A3B681A633A6B3B681C
:10B520001A647A6B3B681A657A8A3B681A81BA8A10
:10B530003B681A83FA8A3B681A853A8B3B681A87FC
:10B540007A8B3B68A3F84820BA8B3B68A3F8582055
:10B5500000E000BF3837BD4680BD000080B59EB01A
:10B5600002AF78607B68002B04D13248FEF700FE02
:10B5700001235AE007F150031846FFF7C8FB7B6828
:10B58000DB7A87F850307B68DB7E87F851307B6848
:10B5900093F82B3087F852307B6893F83B3087F86C
:10B5A00053307B6893F84B3087F854307B6893F8BE
:10B5B0005B3087F855307B685B68C7F856307B682E
:10B5C0005B69C7F85A307B685B6AC7F85E307B6896
:10B5D0005B6BC7F862307B685B6CC7F866307B6872
:10B5E0005B6DC7F86A3000233B6107F114033C220E
:10B5F000002118461CF020FB0023FB8107F15002BC
:10B6000007F10E0107F110031846FEF7F9FF7B68FA
:10B6100093F86010FB8907F1100200931346002293
:10B620000548FFF7CBFB034600BF18467037BD4601
:10B6300080BD00BFF4B903084C59002080B594B018
:10B6400002AF78617B69002B04D14848FEF790FD7A
:10B65000002387E00023FB87454B1B68002B04D1A8
:10B660004448FEF785FD00237CE0414B1B6841F216
:10B670008831184609F038FF78647B6C002B04D0C1
:10B680003D48FEF775FD00236CE03C4B19683B46D6
:10B69000002218460AF0DEF807F124033A4607CAEA
:10B6A00083E807007B6A102BEFD07869FFF756FF1D
:10B6B0000346002B14BF01230023DBB2002B06D06E
:10B6C0002B4B1B68184609F05DFF00234AE02B4B0B
:10B6D000196807F13003642218460AF0BBF83B6B87
:10B6E000102B2CD17B6B3B6400233B620023FB8738
:10B6F0003B6C99B207F1200007F11C0207F13E03F1
:10B70000009303461E48FFF7CFFB7B7F002B06D03C
:10B71000174B1B68184609F035FF002322E03B6AEF
:10B72000002B05D03B6A79691846FFF7BFFE13E08E
:10B730000F4B1B68184609F025FF002312E03B6BF6
:10B74000402B09D10F48FEF713FD094B1B68184623
:10B7500009F018FF002305E0054B1B68184609F0A7
:10B7600011FF012318464837BD4680BDF4B90308D0
:10B770003851002018B703083CB703086051002077
:10B78000AC43002010BA030880B58CB002AF7860DB
:10B7900039607B68002B56D03B68002B53D02E4B72
:10B7A0001B68002B09D02C4B1B684FF47A7118468C
:10B7B00009F09AFE0346002B01D0012300E000238C
:10B7C000002B42D1032387F827307B6893F8601061
:10B7D00097F827200023009300232048FFF7EEFA74
:10B7E0001F4B196807F11403642218460AF032F857
:10B7F000194B1B68184609F0C5FE7B69102B27D131
:10B80000BB693B6200233B610023FB813B6A99B229
:10B8100007F1100007F1080207F10E030093034639
:10B820001048FFF741FB7B7A032B10D13B69002BBB
:10B830000ED0FB89972B0BD93B69982219463868A3
:10B840001CF021FB04E000BF02E000BF00E000BFED
:10B850002837BD4680BD00BF385100204C5900201C
:10B8600060510020AC43002080B58EB002AFF8607C
:10B87000B9607A60FB68002B02D0BB68002B01D155
:10B8800001234DE0022387F82F30FB6893F8601006
:10B8900097F82F200023009300232348FFF78EFA08
:10B8A000224B196807F11C037A68184609F0D2FF89
:10B8B000FB69102B2BD13B6ABB620023BB610023C9
:10B8C000FB82BB6A99B207F1180007F1100207F179
:10B8D0001603009303461648FFF7E6FA7B7C97F8B9
:10B8E0002F209A4201D001231AE0BB69002B0CD013
:10B8F000FB8A172B07D9BB6918221946B8681CF0B8
:10B90000C2FA00230CE001230AE0012308E0FB69EE
:10B91000402B04D10748FEF72BFC032300E0012352
:10B9200018463037BD4680BD4C590020605100207C
:10B93000AC43002010BA030880B58EB002AFF860A7
:10B940007A601A460B46FB7213463B81FB68002B5C
:10B9500005D0BB6B002B02D0FB6B002B01D1012368
:10B9600059E0FB6893F86010FA7A3B8900937B6892
:10B970002B48FFF723FA2B4B196807F11C033A6C8D
:10B98000184609F067FFFB69102B38D13B6AFB6250
:10B990000023BB610023FB82FB6A99B207F1180008
:10B9A00007F1100207F11603009303461E48FFF744
:10B9B0007BFA7B7CFA7A9A4201D001232BE0BB69A7
:10B9C000002B17D0FB8A002B14D0FB6B1A88FB8A44
:10B9D0009A4202D8FB6B1B8800E0FB8A7B85BB691F
:10B9E0007A8D1946B86B1CF04EFAFB6B7A8D1A8073
:10B9F000002310E0FB6B00221A8001230BE0FB699F
:10BA0000402B07D10948FEF7B3FBFB6B00221A80DD
:10BA1000032300E0012318463037BD4680BD00BF38
:10BA20004C59002060510020AC43002010BA03089C
:10BA300080B58CB002AF78607B68002B04D13148B0
:10BA4000FEF796FB012359E007F10C034FF47A72DD
:10BA500019467868FFF708FF0346002B14BF01233F
:10BA60000023DBB2002B04D02748FEF781FB012323
:10BA700044E03B7F012B01D100233FE03B7F022BC1
:10BA80000DD1072387F826307B6893F8601097F86C
:10BA900026200023009300231C48FFF78FF9642021
:10BAA00009F0F5FC002387F8273022E007F10C03AA
:10BAB000642219467868FFF7D7FE0346002B0CBFB7
:10BAC00001230023DBB2002B04D03B7F012B08D1E4
:10BAD000002313E097F82730013319460C48FEF78E
:10BAE00047FB642009F0D3FC97F82730013387F82F
:10BAF000273097F82730042BD8D901231846283748
:10BB0000BD4680BDF4B9030834BA03084C5900207F
:10BB100058BA030880B400AFBFF34F8F00BF064B85
:10BB2000DB6803F4E0620449044B1343CB60BFF3CA
:10BB30004F8F00BF00BFFDE700ED00E00400FA05F5
:10BB400080B500AF0C2200210A481CF075F84FF4B4
:10BB5000C062002108481CF06FF84FF48062002199
:10BB600006481CF069F80648FEF702FB0023184659
:10BB700080BD00BF0C6B0020186B002018710020E6
:10BB800084BA030880B584B002AF114B1B78002B38
:10BB900001D0012317E00F4B0193002300930023F2
:10BBA0004FF400720C490D4808F03EFB78607B684A
:10BBB000012B04D00A48FEF7DBFA022303E0094810
:10BBC000FEF7D6FA002318460837BD4680BD00BFF1
:10BBD0000C6B0020146B0020D8BA0308E9BB0108E5
:10BBE000E8BA03080CBB030880B584B000AF7860E6
:10BBF000624B01221A700022002110200AF0FAFB89
:10BC000003465E4A53605D4B5B68002B09D15C487C
:10BC1000FEF7AEFA594B00221A70002008F07CFCA7
:10BC2000A8E0564B5B6841F69072564918460AF0F8
:10BC30009BFC0346FB7397F90F30002B13D041F6A2
:10BC400090715148FEF794FA4C4B5B6818460AF025
:10BC50006FFC4A4B00225A60484B00221A700020A9
:10BC600008F05AFC86E0454B5B68FF2118460AF055
:10BC7000B3FC0346FB7397F90F30002B16D04348F3
:10BC8000FEF776FA3D4B5B6818460BF055F83B4BD8
:10BC90005B6818460AF04CFC384B00225A60374B60
:10BCA00000221A70002008F037FC63E041F6907122
:10BCB0003748FEF75DFA3EE0304B5B6807F108025B
:10BCC000114618460AF0B4FC0346FB7397F90F308F
:10BCD000002B22D12F48FEF74BFA02E0012008F09A
:10BCE000ABFCBB68184600F05DF80346002B05D19D
:10BCF000224B1B78002B01D0012300E00023002BF6
:10BD0000ECD1BB6818460BF017F8BB6818460AF070
:10BD10000FFC2148FEF72CFA0DE0184B1B78002B86
:10BD20000ED097F90F3019461C48FEF721FA4FF450
:10BD30007A7008F081FC114B1B78002BBCD100E01D
:10BD400000BF0E4B5B6818460AF0F6FF0B4B5B68B2
:10BD500018460AF0EDFB094B00225A60074B0022FF
:10BD60001A70064B00229A600D48FEF701FA002077
:10BD700008F0D2FB1037BD4680BD00BF0C6B002021
:10BD800054BB0308280B040878BB0308A4BB0308B2
:10BD9000D0BB0308F0BB03081CBC03084CBC030861
:10BDA00074BC030880B5ADF5916D02AF07F59063E3
:10BDB000A3F27C431860002387F87F3407F2244203
:10BDC00007F59063A3F27C43114618680AF038FE29
:10BDD000034687F8733497F97334002B0ED097F924
:10BDE000733413F1030F01D10023F2E397F9733495
:10BDF0001946C848FEF7BCF90123EAE3D7F8243412
:10BE000007F21E4207F5846118460CF0B3FBB7F841
:10BE10001E340B2B0CD8B7F81E341946BE48FEF75B
:10BE2000A7F9D7F8243418460CF084FB0223D0E39A
:10BE3000B7F81E34B3F5C06F0CD9B7F81E341946E5
:10BE4000B648FEF795F9D7F8243418460CF072FB83
:10BE50000323BEE3D7F82034B7F81E241946B048B0
:10BE60001CF011F8D7F8243418460CF063FBAC4BE7
:10BE7000C7F86C34D7F86C341B6887F86B34D7F884
:10BE80006C345B68C7F86434D7F86C349B68C7F8C7
:10BE9000603497F86B34013B112B00F2578301A2F9
:10BEA00052F823F0EDBE010801BF0108D1C001081E
:10BEB000A7C10108E3C1010809C2010829C001089E
:10BEC00045C20108EBC201084DC501084DC5010876
:10BED00083C301084DC501084DC501084DC50108C2
:10BEE0004DC50108FBC3010839C4010807F590637B
:10BEF000A3F27C4300220021186800F06FFB66E388
:10BF00000023C7F878340023C7F87434D7F86034B6
:10BF1000A72B19D9834BC7F87834834BC7F87434EF
:10BF2000D7F878341B68814A93423ED08048FEF7A8
:10BF30001FF907F59063A3F27C43092203211868D7
:10BF400000F04CFB052344E3D7F86424D7F86014D1
:10BF50007848FEF70DF907F10C03982200211846E6
:10BF60001BF06AFE07F59063A3F274436F4A1A60F0
:10BF700007F59063A3F27443D7F864245A6007F27C
:10BF80000C431022002118461BF056FED7F86034EF
:10BF9000C7F80C340023C7F8103407F10C03C7F8B6
:10BFA000783407F20C43C7F87434D7F874341B683C
:10BFB000002B05D0D7F874341B68B3F5002F11D9C6
:10BFC000D7F874341B6819465B48FEF7D1F807F5BB
:10BFD0009063A3F27C4302220321186800F0FEFA6A
:10BFE0000623F6E2D7F87414D7F87804FBF7B8FD07
:10BFF000034687F87F3497F87F34002B09D107F583
:10C000009063A3F27C4300220121186800F0E6FA55
:10C01000DDE297F87F2407F59063A3F27C430321C8
:10C02000186800F0DBFAD2E23E4BC7F838343E4BDA
:10C03000C7F83434D7F838341B683C4A93420DD0E3
:10C040003E48FEF795F807F59063A3F27C4309227A
:10C050000321186800F0C2FA0523BAE2D7F8343495
:10C060001B68B3F5002F11D9D7F834341B68194673
:10C070003348FEF77DF807F59063A3F27C43022274
:10C080000321186800F0AAFA0623A2E2D7F83414B4
:10C09000D7F83804FBF73CFE034687F87F3497F85F
:10C0A0007F34002B09D107F59063A3F27C43002273
:10C0B0000121186800F092FA89E297F87F2407F5C9
:10C0C0009063A3F27C430321186800F087FA7EE2B4
:10C0D000144BC7F82C34B7F81E341A46D7F860341E
:10C0E0000C339A4230D2B7F81E341946D7F8603470
:10C0F0000C331A461348FEF73BF807F59063A3F29A
:10C100007C4302220321186800F068FA052387F8AF
:10C110007F345CE290BC0308B8BC0308E0BC0308B1
:10C12000186B0020246B0020BC6B0020EFBEADDE3E
:10C1300008BD030830BD030868BD0308A0BD03089F
:10C14000D0BD030808BE03080022D7F86014D7F852
:10C150002C04FAF705FBC7F82804D7F82834D7F8D9
:10C160006024D7F82C14D7F86404FBF7A1FE03462B
:10C1700087F87F3497F87F34002B09D107F5906357
:10C18000A3F27C4300220121186800F027FA1EE286
:10C1900097F87F2407F59063A3F27C430321186886
:10C1A00000F01CFA13E2FBF7C7FF034687F87F3461
:10C1B00097F87F34002B09D107F59063A3F27C43F5
:10C1C00000220221186800F009FA00E297F87F24A3
:10C1D00007F59063A3F27C430321186800F0FEF991
:10C1E000F5E107F581631846FBF788FCC7F83004D2
:10C1F000D7F8082407F59063A3F27C43D7F83014EE
:10C20000186800F0EBF9E2E1FCF754F9034687F80F
:10C210007F3497F87F34002B09D107F59063A3F2A0
:10C220007C4300220021186800F0D8F9CFE197F88C
:10C230007F2407F59063A3F27C430321186800F084
:10C24000CDF9C4E1CC4BC7F84434CC4BC7F84034EB
:10C25000D7F8403480221A60D7F8403400225A6060
:10C26000D7F8403400229A60D7F844341B68C44A97
:10C27000934214D1D7F840340C339822D7F84414A1
:10C2800018461BF000FED7F8403403F11401D7F82C
:10C2900040341B691A46BB48FDF76AFF0AE0D7F82D
:10C2A00040340C339822002118461BF0C5FCB648D8
:10C2B000FDF75EFF07F59063A3F27C400023009337
:10C2C0000123A422AD4900680AF034FC034687F834
:10C2D0003F3497F93F34002B00F04B8197F93F34FE
:10C2E0001946AA48FDF744FF43E1A44BC7F84C3474
:10C2F000D7F84C3480221A60D7F84C3404225A60A4
:10C30000D7F84C3400229A60D7F84C344FF0AA3258
:10C31000DA600023C7F8043407F59063A3F27C4089
:10C3200007F20443009301231022944900680AF0A5
:10C3300001FC034687F84B3497F94B34002B06D0A9
:10C3400097F94B3419469248FDF712FF02E09148E5
:10C35000FDF70EFF9048FDF70BFF40F6B83009F0EF
:10C3600096F807F59063A3F27C4318680AF0E4FCA2
:10C3700007F59063A3F27C4318680AF0D9F8FFF739
:10C38000C9FB864BC7F85434854BC7F85034D7F8EF
:10C3900054341B687A4A93420DD08248FDF7E8FE78
:10C3A00007F59063A3F27C4309220321186800F08B
:10C3B00015F905230DE1D7F85014D7F85404FCF70C
:10C3C0005BF9034687F87F3497F87F34002B09D157
:10C3D00007F59063A3F27C4300220121186800F066
:10C3E000FDF8F4E097F87F2407F59063A3F27C430F
:10C3F0000321186800F0F2F8E9E06B48FCF73CFD17
:10C4000007F59063A3F27C400023009301234FF4CF
:10C410007E72654900680AF08DFB034687F85B343D
:10C4200097F95B34002B00F0D18097F95B34194603
:10C430005E48FDF79DFEC9E0D7F86434C7F85C3468
:10C44000D7F85C145A48FDF793FED7F85C34052BF7
:10C450000ED9D7F85C145748FDF78AFE07F59063AC
:10C46000A3F27C4302220321186800F0B7F8AEE083
:10C4700007F10C031846FCF7FFFC0346002B0CBF2A
:10C4800001230023DBB2002B0CD04B48FDF770FEDC
:10C4900007F59063A3F27C4303220321186800F0A0
:10C4A0009DF894E007F59063A3F27442D7F85C34EA
:10C4B000A82101FB03F313440C331B68304A934259
:10C4C0000ED0D7F85C143D48FDF752FE07F5906397
:10C4D000A3F27C4309220321186800F07FF876E07C
:10C4E00007F59063A3F27442D7F85C34A82101FBEE
:10C4F00003F31344A43301221A6007F10C03184616
:10C50000FCF7EAFC0346002B0CBF01230023DBB23F
:10C51000002B0CD02A48FDF72BFE07F59063A3F201
:10C520007C4303220321186800F058F84FE0D7F845
:10C530005C142448FDF71CFE07F59063A3F27C43CE
:10C5400000220121186800F049F840E097F86B34A8
:10C5500019461D48FDF70CFE07F59063A3F27C43D6
:10C5600001220321186800F039F8072387F87F3487
:10C570002DE000BF2BE000BF000201081871002071
:10C58000EFBEADDE4CBE030868BE030898BE0308CC
:10C59000C0BE0308E8BE030804BF0308246B0020E4
:10C5A000BC6B002014BF0308404D002048BF0308A7
:10C5B00080BF0308B8BF0308E8BF030828C003080A
:10C5C00050C003087CC00308B4C0030800BF97F83C
:10C5D0007F34184607F59067BD4680BD80B588B0AA
:10C5E00002AFF860B9607A60134B7B617B6980228F
:10C5F0001A607B69BA685A607B697A689A607B695D
:10C600004FF0AA32DA6000230093012310220A4976
:10C61000F8680AF08FFA0346FB7497F91330002B81
:10C6200005D097F9133019460448FDF7A1FD00BF66
:10C630001837BD4680BD00BF18710020C0BE03087A
:10C6400080B582B000AF7860044B1B68184609F0D3
:10C650004FF800BF0837BD4680BD00BFE4BF0020D3
:10C6600080B582B000AF7860044B1B68184609F0B3
:10C670003FF800BF0837BD4680BD00BFE8BF0020BF
:10C6800080B582B000AF7860786803F0E7FE0346BB
:10C6900003F08003802B04D1044B1B68184609F07B
:10C6A00027F800BF0837BD4680BD00BFE4BF0020AB
:10C6B000B0B5ACB000AF7860002387F8A730002396
:10C6C000C7F8A8300023C7F8A03007F13C03642264
:10C6D000002118461BF0B0FA904B914A1A6044238F
:10C6E00087F83430842387F83530232387F83630B1
:10C6F000842387F83730442387F83830762387F847
:10C700003930864A07F134035360844B4FF40002FA
:10C710009A60824B834ADA60804B834A1A617F4B6E
:10C720004FF4C0625A617D4803F04EF8034687F823
:10C73000A730382200217D481BF07EFA7B4B212256
:10C740001A607A4B4FF440025A61784B00221A610A
:10C7500077480DF069F87B68062283F834206F4B28
:10C760005B681A787B6883F82E206C4B5B685A787C
:10C770007B6883F82F20694B5B689A787B6883F825
:10C780003020664B5B68DA787B6883F83120634B36
:10C790005B681A797B6883F83220604B5B685A7952
:10C7A0007B6883F833207B6840F2DC529A857B6893
:10C7B00093F8353043F00A03DAB27B6883F835200A
:10C7C0000023FB6200233B6307F12C030121184681
:10C7D00008F00EFF0346574A136000237B620023D4
:10C7E000BB6207F124030121184608F001FF03464C
:10C7F000514A13604F4B1B680021184608F02AFF6E
:10C800004D4B1B680021184608F024FF4B4B07F1E5
:10C8100008041D460FCD0FC495E8070084E8070003
:10C8200007F108037968184608F0E5FD44494548D2
:10C8300000F03EFD434800F06DFD97F8A730002B57
:10C8400065D1404800F00EFEC7F8A000D7F8A03030
:10C85000012B06DC78680DF067FC78680DF0E0FBD2
:10C8600057E0D7F8A030023B032B2BD801A252F897
:10C8700023F000BF85C8010897C80108A7C80108B0
:10C88000B7C801084FF40063C7F8AC304FF48043D9
:10C89000C7F8A8301FE00023C7F8AC304FF480433E
:10C8A000C7F8A83017E04FF40063C7F8AC30002396
:10C8B000C7F8A8300FE00023C7F8AC300023C7F852
:10C8C000A83008E04FF40063C7F8AC304FF4804361
:10C8D000C7F8A83000BF07F13C0319460F4803F022
:10C8E00063FCD7F8AC307B65D7F8A8303B6507F11F
:10C8F0003C031946094803F041FD084802F0E2FFF5
:10C9000078680DF00FFB78680DF0CEFB01E0F4F7CE
:10C91000FBFE00BFB037BD46B0BD00BFECBF00207E
:10C920000080024044BF0020A4BE00209CC0002024
:10C93000C8090408E4BF0020E8BF0020D4C00308F1
:10C9400068000020D4C0002080B592B000AF7860AD
:10C95000396000237B6400233B64002387F83F3069
:10C9600007F10C033022002118461BF065F907F18E
:10C970000C033022002118461BF05EF93B683B6433
:10C9800045E07B6C032B02D96FF00B036CE03B6C32
:10C9900059687A6C13465B0013449B0048333B4450
:10C9A0003C3B19603B6C5B8919467A6C13465B0013
:10C9B00013449B0048333B44383B19607B6C002B8D
:10C9C00011D07B6C5A1E07F10C00796C0B465B0092
:10C9D0000B449B00C11813465B0013449B00483373
:10C9E0003B44343B19603B6C1B68002B09D17A6CCB
:10C9F00013465B0013449B0048333B44343B002206
:10CA00001A607B6C01337B643B6C1B683B643B6C42
:10CA1000002BB6D13B681B891A46154B5A60144A45
:10CA200007F10C039360124A3B68536338680EF0B9
:10CA300037F80F490F4803F052F80346002B0ED188
:10CA400000BF0D4B1B684FF0FF31184608F002FE87
:10CA50000346002BF5D1074803F0E0F902E03868FF
:10CA60000DF078FF97F93F3018464837BD4680BD36
:10CA70009CC00020ECBF0020E8BF002080B584B03F
:10CA800000AF78600023FB60074B1B78002B05D1BB
:10CA900007F10C031946054803F07DF8FB681846BA
:10CAA0001037BD4680BD00BFA0BE0020ECBF0020F7
:10CAB00080B584B000AF78600023FB607B68BB600A
:10CAC0000F4B1B684FF0FF31184608F0C3FD0346BB
:10CAD000002BF5D1B868FFF7D1FFF860FB68002B99
:10CAE0000AD0BB681B69B968F86898470346002BF1
:10CAF00002D0F8680DF02EFFFB68002BEAD1DFE7CB
:10CB0000E4BF002080B582B000AF78607B68002B66
:10CB100006D10E4B4FF4F4720D490E481AF062FE26
:10CB20007B68732283F836207B68742283F8372071
:10CB30007B68094A5A617B68084A9A617868FFF7FE
:10CB4000B7FD002318460837BD4680BDF0C0030876
:10CB500058C1030868C10308F545030849C901081D
:10CB600080B584B000AF78607B68FB60F9680948E5
:10CB70000CF04AFF084B1B78012B07D1064B002213
:10CB80001A70064B1B68184608F0B2FD00BF10373C
:10CB9000BD4680BDC8090408A0BE0020E4BF002037
:10CBA00080B500AF02F0E0FD0346184680BD0000EE
:10CBB00080B58EB000AF786007F1240300221A60C0
:10CBC0005A609A60DA601A617B681B684A4A93422D
:10CBD00040F08D8000233B62484B1B6B474A43F07B
:10CBE00000731363454B1B6B03F000733B623B6A9E
:10CBF0000023FB61414B1B6B404A43F0806313638E
:10CC00003E4B1B6B03F08063FB61FB690023BB6140
:10CC10003A4B1B6B394A43F000631363374B1B6B72
:10CC200003F00063BB61BB6900237B61334B1B6B6B
:10CC3000324A43F004031363304B1B6B03F00403CD
:10CC40007B617B6900233B612C4B1B6B2B4A43F0C0
:10CC500001031363294B1B6B03F001033B613B6929
:10CC60000023FB60254B1B6B244A43F00203136334
:10CC7000224B1B6B03F00203FB60FB6832237B62D9
:10CC80000223BB620023FB6203233B630B237B6312
:10CC900007F1240319461A4801F096FE86237B62A9
:10CCA0000223BB620023FB6203233B630B237B63F2
:10CCB00007F124031946134801F086FE4FF4605330
:10CCC0007B620223BB620023FB6203233B630B23D3
:10CCD0007B6307F1240319460B4801F075FE00221F
:10CCE00005213D2002F0E0FC3D2002F0F9FC00BFF0
:10CCF0003837BD4680BD00BF00800240003802408A
:10CD000000080240000002400004024080B500AF6D
:10CD1000024803F04DFB0023184680BDECBF002005
:10CD200080B400AF00231846BD465DF8047B704711
:10CD300080B584B000AFF860B9607A607B68BA688B
:10CD4000F968074803F09CF90346002B02D04FF026
:10CD5000FF3300E0002318461037BD4680BD00BFFA
:10CD6000ECBF002080B584B000AFF860B9607A6095
:10CD70007B68BA68F968074803F0CDF90346002BD1
:10CD800002D04FF0FF3300E0002318461037BD46B5
:10CD900080BD00BFECBF002080B500AF02F0E4FC16
:10CDA0000346184680BD000080B5A0B000AF786093
:10CDB00007F108036422002118461AF03DFF002302
:10CDC0003B670023FB670023BB6700237B677B680F
:10CDD000FB663A4800F046FB3867FB6E93F8353047
:10CDE0009B0803F00103DBB2002B0CD03B6F012B3F
:10CDF00009DC334802F0F4FDF86E0DF011F9F86E1D
:10CE00000DF092F955E0FB6E93F8353003F0040312
:10CE1000002B4ED13B6F012B4BDD3B6F023B032BB5
:10CE20002AD801A252F823F039CE01084BCE0108CE
:10CE30005BCE01086BCE01084FF400637B674FF4B3
:10CE40008043BB670123FB6717E000237B674FF438
:10CE50008043BB670123FB670FE04FF400637B67F0
:10CE60000023BB670123FB6707E000237B670023E8
:10CE7000BB670123FB6700E000BFFB6F002B18D0EE
:10CE800007F1080319460E4803F08EF97B6F3B62E9
:10CE9000BB6FFB6107F108031946094803F06EFAFE
:10CEA000074802F00FFDF86E0DF03CF8F86E0DF03B
:10CEB000FBF8642008F0EBFA8BE700BFD4C0002039
:10CEC000ECBF002080B586B002AF786012480CF04D
:10CED00027FDF860FB68002B14D0FB6803F12002EB
:10CEE0007B681A60FB680D4A1A617B681B684FF407
:10CEF000C06201920093FB684122002100200DF0E6
:10CF00006FFB05E0064B01221A707B6800221A6055
:10CF100000BF1037BD4680BDC809040861CB0108B9
:10CF2000A0BE002080B489B000AFF860B9607A601C
:10CF30007B80FB68BB61BB687B610023FB617B6816
:10CF4000203BFB61FB6900221A60FB6900221A8109
:10CF5000FB697A885A81BB691B68002B03D1BB69C6
:10CF6000FA691A6003E07B691B68FA691A607B69D9
:10CF7000FA691A60BB691B68FB6109E0FB691A89E1
:10CF80007B8813449AB2FB691A81FB691B68FB61B9
:10CF9000FB69002BF2D100BF00BF2437BD465DF80E
:10CFA000047B704780B582B000AF786078680DF080
:10CFB000D1FC00BF0837BD4680BD0000B0B58CB0C5
:10CFC00004AFA94B00221A70A74B00225A70A64B3F
:10CFD00000229A70A44B0022DA70A44B00221A702F
:10CFE000A24B00225A70A14B00229A709F4B002244
:10CFF000DA709F4B00221A709D4B00225A709C4B96
:10D0000000229A709A4B0022DA709A4B5B7D002BBB
:10D010002FD1984B5A7A944B1A70964B9A7A924B1E
:10D020005A70944BDA7A904B9A70924B1A7B8E4BD3
:10D03000DA70904B5A7B8D4B1A708E4B9A7B8B4BD0
:10D040005A708C4BDA7B894B9A708A4B1A7C874BCF
:10D05000DA70884B5A7C864B1A70864B9A7C844BCC
:10D060005A70844BDA7C824B9A70824B1A7D804BCB
:10D07000DA70002100200BF065FC7B4B1B781A0650
:10D08000794B5B781B041A43774B9B781B02134345
:10D09000754AD27813431A06734B1B781906724BE4
:10D0A0005B781B041943704B9B781B020B436E4942
:10D0B000C9780B431B0203F47F031A436A4B1B78A6
:10D0C0001906694B5B781B041943674B9B781B025D
:10D0D0000B436549C9780B431B0A03F47F431A438A
:10D0E000614B1B781906604B5B781B0419435E4B40
:10D0F0009B781B020B435C49C9780B431B0E1343FF
:10D100005D4A1360594B1B781A06584B5B781B0419
:10D110001A43564B9B781B021343544AD27813434D
:10D120001A06524B1B781906504B5B781B041943A7
:10D130004E4B9B781B020B434C49C9780B431B0297
:10D1400003F47F031A43494B1B781906474B5B785E
:10D150001B041943454B9B781B020B434349C97879
:10D160000B431B0A03F47F431A43404B1B781906F9
:10D170003E4B5B781B0419433C4B9B781B020B43D3
:10D180003A49C9780B431B0E13433C4A1360384B92
:10D190001B781A06364B5B781B041A43344B9B787A
:10D1A0001B021343324AD27813431A06304B1B78C2
:10D1B00019062F4B5B781B0419432D4B9B781B02E0
:10D1C0000B432B49C9780B431B0203F47F031A431B
:10D1D000274B1B781906264B5B781B041943244BFD
:10D1E0009B781B020B432249C9780B431B0A03F4AB
:10D1F0007F431A431E4B1B7819061D4B5B781B049B
:10D2000019431B4B9B781B020B431949C9780B43ED
:10D210001B0E13431A4A13601A4B02931A4B0193C5
:10D2200000230093164B154A134918480CF042FC92
:10D2300016480CF067FE15480CF074FE14491348AC
:10D240000CF0ACFF134B3C1D1D460FCD0FC495E8F1
:10D25000070084E807003B1D0C49184608F0CBF88E
:10D2600000BF203718E000BF3CC1002040C10020B3
:10D2700044C100201C00002030C1002034C1002027
:10D2800038C100205588020805CB0108F4C00020F1
:10D290009DD2010898C10308BD46B0BD80B483B0DB
:10D2A00000AF786000BF0C37BD465DF8047B704767
:10D2B00080B483B000AF786039607B68002B0BD0FE
:10D2C0003B68DB68002B07D03B689B68002B03D0D2
:10D2D0003B681B69002B02D14FF0FF3314E03B6821
:10D2E0001A687B689A603B685A687B68DA603B68BA
:10D2F000DA687B685A613B689A687B681A613B68A8
:10D300001A697B689A61002318460C37BD465DF8A0
:10D31000047B704780B586B000AF78600023FB6067
:10D320000023BB6000237B6100233B617B685B685B
:10D33000002B7CD17B689B68002B02D07B689B68AC
:10D3400098477B6820221A6000237B611CE07B6881
:10D350005B6907F108021221786998470346002BA0
:10D3600003DA6FF004033B610BE0BB6803F01F03BB
:10D370007A699A4205D17B687A691A6000233B6119
:10D3800005E07B6901337B617B691F2BDFD97B68FB
:10D390001B681F2B02D96FF002033B613B69002B16
:10D3A00045D17B681B697A6810684FF40042002100
:10D3B00098470346002B37DB7B685B697A68106807
:10D3C00007F10802002198470346002B28DB7B6801
:10D3D0009B6998470346FB601CE07B689B69984704
:10D3E00003461A46FB68D31AB3F5FA7F0ED87B685A
:10D3F0005B697A68106807F10802002198470346C4
:10D40000002B07DA6FF004033B6110E06FF00103BB
:10D410003B610CE0BB6803F40043002BDDD106E068
:10D420006FF004033B6102E06FF003033B613B6973
:10D43000002B12D17B689B6998470346FB6000BFB5
:10D440007B689B69984703461A46FB68D31AB3F575
:10D45000FA6FF5D97B6801225A603B691846183784
:10D46000BD4680BD80B584B000AF78600023FB600E
:10D470007B685B697A68106807F10C0201219847A4
:10D480000346002B02DA6FF004036EE07B685B69F1
:10D490007A68106807F10C02012198470346002BB7
:10D4A00002DA6FF0040360E0FB6803F00403002B72
:10D4B00001D1012359E07B685B697A68106807F144
:10D4C0000C02002198470346002B02DA6FF0040398
:10D4D0004BE0FB6803F48053002B1BD1FB6803F483
:10D4E0000053002B06D0FB6803F48073002B01D09F
:10D4F00002233AE0FB6803F40053002B01D003231E
:10D5000033E0FB6803F48073002B01D004232CE08C
:10D5100005232AE07B685B697A68106807F10C02D2
:10D520001F2198470346002B02DA6FF004031CE02A
:10D53000FB6803F48053002B01D1062315E0FB6840
:10D5400003F01C03182B01D102230EE0FB6803F04B
:10D550001C03082B01D1032307E0FB6803F01C0325
:10D56000142B01D1042300E0052318461037BD46D3
:10D5700080BD80B582B000AF78607B68002B01D1A0
:10D58000012341E07B6893F83D30DBB2002B06D1EC
:10D590007B68002283F83C20786800F039F87B68CB
:10D5A000022283F83D207B681A687B6804331946A1
:10D5B000104600F0BFF97B68012283F846207B68A3
:10D5C000012283F83E207B68012283F83F207B689C
:10D5D000012283F840207B68012283F841207B6888
:10D5E000012283F842207B68012283F843207B6874
:10D5F000012283F844207B68012283F845207B6860
:10D60000012283F83D20002318460837BD4680BD1F
:10D6100080B483B000AF786000BF0C37BD465DF8C2
:10D62000047B704780B485B000AF78607B6893F866
:10D630003D30DBB2012B01D001234EE07B6802229A
:10D6400083F83D207B681B68DA687B681B6842F0C2
:10D650000102DA607B681B68234A934222D07B6810
:10D660001B68B3F1804F1DD07B681B681F4A934233
:10D6700018D07B681B681E4A934213D07B681B68D6
:10D680001C4A93420ED07B681B681B4A934209D008
:10D690007B681B68194A934204D07B681B68184A50
:10D6A000934211D17B681B689B6803F00703FB6002
:10D6B000FB68062B10D07B681B681A687B681B68A8
:10D6C00042F001021A6007E07B681B681A687B68F9
:10D6D0001B6842F001021A60002318461437BD4649
:10D6E0005DF8047B704700BF00000140000400406B
:10D6F00000080040000C00400004014000400140D0
:10D700000018004080B584B000AF78607B681B686B
:10D71000DB68FB607B681B681B69BB60BB6803F050
:10D720000203002B20D0FB6803F00203002B1BD068
:10D730007B681B686FF002021A617B6801221A770E
:10D740007B681B689B6903F00303002B03D0786898
:10D7500000F0D2F805E0786800F0C4F8786800F0CE
:10D76000D5F87B6800221A77BB6803F00403002B0E
:10D7700020D0FB6803F00403002B1BD07B681B68E0
:10D780006FF004021A617B6802221A777B681B68BB
:10D790009B6903F44073002B03D0786800F0ACF869
:10D7A00005E0786800F09EF8786800F0AFF87B68D4
:10D7B00000221A77BB6803F00803002B20D0FB6817
:10D7C00003F00803002B1BD07B681B686FF0080276
:10D7D0001A617B6804221A777B681B68DB6903F097
:10D7E0000303002B03D0786800F086F805E0786822
:10D7F00000F078F8786800F089F87B6800221A77E2
:10D80000BB6803F01003002B20D0FB6803F010036B
:10D81000002B1BD07B681B686FF010021A617B68BD
:10D8200008221A777B681B68DB6903F44073002BBE
:10D8300003D0786800F060F805E0786800F052F8EE
:10D84000786800F063F87B6800221A77BB6803F001
:10D850000103002B0CD0FB6803F00103002B07D061
:10D860007B681B686FF001021A617868F3F73AFF72
:10D87000BB6803F08003002B0CD0FB6803F080032F
:10D88000002B07D07B681B686FF080021A617868F4
:10D8900000F006F9BB6803F04003002B0CD0FB68D6
:10D8A00003F04003002B07D07B681B686FF0400239
:10D8B0001A61786800F034F8BB6803F02003002B8D
:10D8C0000CD0FB6803F02003002B07D07B681B689B
:10D8D0006FF020021A61786800F0D8F800BF1037A6
:10D8E000BD4680BD80B483B000AF786000BF0C3708
:10D8F000BD465DF8047B704780B483B000AF7860AC
:10D9000000BF0C37BD465DF8047B704780B483B020
:10D9100000AF786000BF0C37BD465DF8047B7047F0
:10D9200080B483B000AF786000BF0C37BD465DF8AF
:10D93000047B704780B485B000AF786039607B6845
:10D940001B68FB607B68464A934213D07B68B3F147
:10D95000804F0FD07B68434A93420BD07B68424A8A
:10D96000934207D07B68414A934203D07B68404A88
:10D97000934208D1FB6823F07003FB603B685B684F
:10D98000FA681343FB607B68354A93422BD07B686F
:10D99000B3F1804F27D07B68324A934223D07B6813
:10D9A000314A93421FD07B68304A93421BD07B6838
:10D9B0002F4A934217D07B682E4A934213D07B683C
:10D9C0002D4A93420FD07B682C4A93420BD07B6840
:10D9D0002B4A934207D07B682A4A934203D07B6844
:10D9E000294A934208D1FB6823F44073FB603B68EB
:10D9F000DB68FA681343FB60FB6823F080023B6836
:10DA00005B691343FB607B68FA681A603B689A683D
:10DA10007B68DA623B681A687B689A627B68104AA6
:10DA2000934203D07B68124A934203D13B681A6940
:10DA30007B681A637B6801225A617B681B6903F06B
:10DA40000103012B05D17B681B6923F001027B6870
:10DA50001A6100BF1437BD465DF8047B704700BFF4
:10DA6000000001400004004000080040000C00409D
:10DA700000040140004001400044014000480140D2
:10DA800000180040001C00400020004080B483B01B
:10DA900000AF786000BF0C37BD465DF8047B70476F
:10DAA00080B483B000AF786000BF0C37BD465DF82E
:10DAB000047B704780B586B000AF78607B68002B30
:10DAC00001D1012367E27B681B6803F00103002B8F
:10DAD00075D0884B9B6803F00C03042B0CD0854B4E
:10DAE0009B6803F00C03082B12D1824B5B6803F494
:10DAF0008003B3F5800F0BD17E4B1B6803F400331A
:10DB0000002B5BD07B685B68002B57D1012342E27E
:10DB10007B685B68B3F5803F06D1764B1B68754A1E
:10DB200043F4803313601DE07B685B68B3F5A02F7E
:10DB30000CD1704B1B686F4A43F4802313606D4B0C
:10DB40001B686C4A43F4803313600BE0694B1B681D
:10DB5000684A23F480331360664B1B68654A23F4DC
:10DB6000802313607B685B68002B13D001F0FCFD01
:10DB7000386108E001F0F8FD02463B69D31A642BD6
:10DB800001D9032307E25B4B1B6803F40033002B2E
:10DB9000F0D014E001F0E8FD386108E001F0E4FDA8
:10DBA00002463B69D31A642B01D90323F3E1514B9D
:10DBB0001B6803F40033002BF0D100E000BF7B684A
:10DBC0001B6803F00203002B63D04A4B9B6803F0F1
:10DBD0000C03002B0BD0474B9B6803F00C03082B66
:10DBE0001CD1444B5B6803F48003002B16D1414BDE
:10DBF0001B6803F00203002B05D07B68DB68012B58
:10DC000001D00123C7E13B4B1B6823F0F8027B687E
:10DC10001B69DB00374913430B603AE07B68DB6824
:10DC2000002B20D0344B01221A6001F09DFD386199
:10DC300008E001F099FD02463B69D31A022B01D995
:10DC40000323A8E12B4B1B6803F00203002BF0D049
:10DC5000284B1B6823F0F8027B681B69DB00254911
:10DC600013430B6015E0244B00221A6001F07CFD89
:10DC7000386108E001F078FD02463B69D31A022BB7
:10DC800001D9032387E11B4B1B6803F00203002B20
:10DC9000F0D17B681B6803F00803002B36D07B684B
:10DCA0005B69002B16D0154B01221A6001F05CFD58
:10DCB000386108E001F058FD02463B69D31A022B97
:10DCC00001D9032367E10B4B5B6F03F00203002BC9
:10DCD000F0D01BE0094B00221A6001F045FD3861CD
:10DCE0000EE001F041FD02463B69D31A022B07D931
:10DCF000032350E10038024000004742800E4742B3
:10DD0000884B5B6F03F00203002BEAD17B681B6832
:10DD100003F00403002B00F097800023FB75814B78
:10DD20001B6C03F08053002B0FD10023BB607D4B95
:10DD30001B6C7C4A43F0805313647A4B1B6C03F0DA
:10DD40008053BB60BB680123FB75774B1B6803F4F2
:10DD50008073002B18D1744B1B68734A43F4807393
:10DD6000136001F001FD386108E001F0FDFC02469E
:10DD70003B69D31A022B01D903230CE16A4B1B68C0
:10DD800003F48073002BF0D07B689B68012B06D1D5
:10DD9000644B1B6F634A43F0010313671CE07B680D
:10DDA0009B68052B0CD15F4B1B6F5E4A43F004034D
:10DDB00013675C4B1B6F5B4A43F0010313670BE077
:10DDC000584B1B6F574A23F001031367554B1B6FCA
:10DDD000544A23F0040313677B689B68002B15D01B
:10DDE00001F0C2FC38610AE001F0BEFC02463B696A
:10DDF000D31A41F28832934201D90323CBE0494B35
:10DE00001B6F03F00203002BEED014E001F0ACFC1A
:10DE100038610AE001F0A8FC02463B69D31A41F2DE
:10DE20008832934201D90323B5E03E4B1B6F03F0C8
:10DE30000203002BEED1FB7D012B05D1394B1B6C6E
:10DE4000384A23F0805313647B689B69002B00F0F1
:10DE5000A180344B9B6803F00C03082B5CD07B68DB
:10DE60009B69022B41D1314B00221A6001F07CFCEE
:10DE7000386108E001F078FC02463B69D31A022BB6
:10DE800001D9032387E0274B1B6803F00073002BA5
:10DE9000F0D17B68DA697B681B6A1A437B685B6A2E
:10DEA0009B011A437B689B6A5B08013B1B041A4376
:10DEB0007B68DB6A1B061B4913434B601B4B01222B
:10DEC0001A6001F051FC386108E001F04DFC024697
:10DED0003B69D31A022B01D903235CE0114B1B6869
:10DEE00003F00073002BF0D054E0104B00221A60B6
:10DEF00001F03AFC386108E001F036FC02463B696B
:10DF0000D31A022B01D9032345E0064B1B6803F00B
:10DF10000073002BF0D13DE07B689B69012B07D19A
:10DF2000012338E0003802400070004060004742A2
:10DF30001B4B5B68FB607B689B69012B28D0FB68EF
:10DF400003F480027B68DB699A4221D1FB6803F00D
:10DF50003F027B681B6A9A421AD1FA6847F6C0737F
:10DF600013407A68526A9201934211D1FB6803F41C
:10DF700040327B689B6A5B08013B1B049A4207D1D5
:10DF8000FB6803F070627B68DB6A1B069A4201D073
:10DF9000012300E0002318461837BD4680BD00BFAE
:10DFA0000038024080B584B000AF786039607B688B
:10DFB000002B01D10123CCE0684B1B6803F0070361
:10DFC0003A689A420CD9654B3A68D2B21A70634BE0
:10DFD0001B6803F007033A689A4201D00123B8E0B6
:10DFE0007B681B6803F00203002B20D07B681B6852
:10DFF00003F00403002B05D0594B9B68584A43F4A7
:10E00000E05393607B681B6803F00803002B05D086
:10E01000534B9B68524A43F460439360504B9B6858
:10E0200023F0F0027B689B684D4913438B607B684B
:10E030001B6803F00103002B44D07B685B68012B55
:10E0400007D1474B1B6803F40033002B19D1012380
:10E050007FE07B685B68022B03D07B685B68032BE7
:10E0600007D13F4B1B6803F00073002B09D101233C
:10E070006FE03B4B1B6803F00203002B01D101232F
:10E0800067E0374B9B6823F003027B685B68344989
:10E0900013438B6001F068FBF8600AE001F064FB59
:10E0A0000246FB68D31A41F28832934201D9032316
:10E0B0004FE02B4B9B6803F00C027B685B689B0076
:10E0C0009A42EBD1254B1B6803F007033A689A424A
:10E0D0000CD2224B3A68D2B21A70204B1B6803F064
:10E0E00007033A689A4201D0012332E07B681B683B
:10E0F00003F00403002B08D0194B9B6823F4E05273
:10E100007B68DB68164913438B607B681B6803F0F0
:10E110000803002B09D0124B9B6823F460427B68F4
:10E120001B69DB000E4913438B6000F02DF802469B
:10E130000B4B9B681B0903F00F030A49CB5C22FAC7
:10E1400003F3094A1360094B1B681846F5F7CCFF27
:10E15000002318461037BD4680BD00BF003C02407A
:10E1600000380240AC010408580000207C00002068
:10E1700080B400AF034B01221A6000BFBD465DF8BA
:10E18000047B70474C0047422DE9B04F90B000AF80
:10E1900000237B630023FB6300233B630023BB63FB
:10E1A000594B9B6803F00C03082B0DD0082B00F291
:10E1B000A180002B02D0042B03D09BE0534BBB6308
:10E1C0009BE0534BBB6398E04F4B5B6803F03F030E
:10E1D0007B634D4B5B6803F48003002B28D04A4BD4
:10E1E0005B689B0900223B627A623B6AC3F30800CA
:10E1F0000021474B03FB01F2002300FB03F3134410
:10E20000434AA0FB0212FA620A46BA62FA6A13444F
:10E21000FB627B6B0022BB61FA61D7E90623D7E979
:10E220000A01F2F779FD02460B461346FB6353E001
:10E23000354B5B689B0900223B617A613B69C3F304
:10E24000080A4FF0000B52465B464FF000004FF0BB
:10E250000001590141EAD261500102460B46B2EB7E
:10E260000A0863EB0B094FF000024FF000034FEA7E
:10E27000891343EA98634FEA8812B2EB080463EB10
:10E2800009054FF000024FF00003EB0043EA54731E
:10E29000E20014461D4614EB0A033B6045EB0B03FA
:10E2A0007B604FF000024FF00003D7E9004529469C
:10E2B0008B02214643EA915321468A0210461946B1
:10E2C0007B6B0022BB60FA60D7E90223F2F724FDE2
:10E2D00002460B461346FB630B4B5B681B0C03F0BB
:10E2E000030301335B003B63FA6B3B6BB2FBF3F35D
:10E2F000BB6302E0054BBB6300BFBB6B18464037F6
:10E30000BD46BDE8B08F00BF003802400024F400D5
:10E31000001BB70080B400AF034B1B681846BD4616
:10E320005DF8047B704700BF5800002080B500AF47
:10E33000FFF7F0FF0246054B9B689B0A03F00703BB
:10E340000349CB5C22FA03F3184680BD0038024033
:10E35000BC01040880B500AFFFF7DCFF0246054BA7
:10E360009B685B0B03F007030349CB5C22FA03F3C2
:10E37000184680BD00380240BC01040880B483B058
:10E3800000AF786039607B680F221A60124B9B687F
:10E3900003F003027B685A600F4B9B6803F0F002A6
:10E3A0007B689A600C4B9B6803F4E0527B68DA60F0
:10E3B000094B9B68DB0803F4E0527B681A61074B4A
:10E3C0001B6803F007023B681A6000BF0C37BD46AC
:10E3D0005DF8047B704700BF00380240003C0240FB
:10E3E00080B500AF064BDB6803F08003802B04D1BF
:10E3F00000F00AF8034B80221A7000BF80BD00BFF6
:10E40000003802400E38024080B400AF00BFBD4665
:10E410005DF8047B7047000080B586B000AFF860FF
:10E42000B960C7E900230123FB75234B1B7E012B39
:10E4300001D102233BE0204B01221A764CF25030EE
:10E4400000F070F80346FB75FB7D002B2BD1FB68B9
:10E45000002B05D13B781946B86800F01BF916E08F
:10E46000FB68012B05D13B881946B86800F0EEF82F
:10E470000DE0FB68022B05D13B681946B86800F037
:10E48000C3F804E0D7E90023B86800F08BF84CF239
:10E49000503000F047F80346FB75084B1B69074AEC
:10E4A00023F001031361044B00221A76FB7D18460A
:10E4B0001837BD4680BD00BF48C10020003C024067
:10E4C00080B483B000AF0023FB710B4B1B69002BA2
:10E4D0000BDA094B094A5A60074B094A5A60064B46
:10E4E0001B69002B01DA0123FB71FB7918460C37FD
:10E4F000BD465DF8047B7047003C02402301674540
:10E50000AB89EFCD80B400AF054B1B69044A43F0E3
:10E510000043136100231846BD465DF8047B704735
:10E52000003C024080B584B000AF78600023FB60FF
:10E530001A4B0022DA6101F017F9F86010E07B68ED
:10E54000B3F1FF3F0CD07B68002B07D001F00CF932
:10E550000246FB68D31A7A689A4201D2032319E073
:10E560000F4BDB6803F48033002BE8D10C4BDB68E6
:10E5700003F00103002B02D0094B0122DA60084BA3
:10E58000DB6803F0F203002B03D000F0A5F80123B1
:10E5900000E0002318461037BD4680BD48C100206A
:10E5A000003C024080B485B000AFF860C7E90023AA
:10E5B000144B1B69134A23F440731361114B1B69FD
:10E5C000104A43F4407313610E4B1B690D4A43F02C
:10E5D00001031361FB683A681A60BFF36F8F00BFD5
:10E5E000D7E900014FF000024FF000030A000023BA
:10E5F000F968043113460B6000BF1437BD465DF85F
:10E60000047B7047003C024080B483B000AF786068
:10E6100039600D4B1B690C4A23F4407313610A4B9C
:10E620001B69094A43F400731361074B1B69064ACF
:10E6300043F0010313617B683A681A6000BF0C372E
:10E64000BD465DF8047B7047003C024080B483B057
:10E6500000AF78600B467B800D4B1B690C4A23F49E
:10E66000407313610A4B1B69094A43F480731361B9
:10E67000074B1B69064A43F0010313617B687A88E4
:10E680001A8000BF0C37BD465DF8047B704700BFA1
:10E69000003C024080B483B000AF78600B46FB7052
:10E6A0000C4B1B690B4A23F440731361094B094A55
:10E6B0001B691361074B1B69064A43F00103136191
:10E6C0007B68FA781A7000BF0C37BD465DF8047B92
:10E6D000704700BF003C024080B400AF274BDB68AE
:10E6E00003F01003002B08D0254BDB6943F0100327
:10E6F000234AD361214B1022DA60204BDB6803F000
:10E700002003002B08D01E4BDB6943F008031C4A92
:10E71000D3611A4B2022DA60184BDB6803F0400308
:10E72000002B08D0164BDB6943F00403144AD36175
:10E73000124B4022DA60114BDB6803F08003002BA0
:10E7400008D00F4BDB6943F002030D4AD3610B4B3A
:10E750008022DA60094BDB6803F00203002B08D04B
:10E76000074BDB6943F02003054AD361034B0222C8
:10E77000DA6000BFBD465DF8047B7047003C024094
:10E7800048C1002080B584B000AF786039600123B3
:10E79000FB730023BB60314B1B7E012B01D1022395
:10E7A00058E02E4B01221A764CF25030FFF7BAFE99
:10E7B0000346FB73FB7B002B48D13B684FF0FF32D5
:10E7C0001A607B681B68012B15D17B681B69DAB264
:10E7D0007B685B681946104600F044F84CF25030F4
:10E7E000FFF7A0FE0346FB731D4B1B691C4A23F079
:10E7F0000403136128E07B689B68BB601CE07B68B6
:10E800001B69DBB21946B86800F050F84CF2503082
:10E81000FFF788FE0346FB73114B1B69104A23F078
:10E82000FA031361FB7B002B03D03B68BA681A60C4
:10E830000AE0BB680133BB607B68DA687B689B6871
:10E840001344BA689A42DAD300F078F8034B0022F6
:10E850001A76FB7B18461037BD4680BD48C10020A4
:10E86000003C024080B483B000AF03463960FB71C6
:10E870000D4B1B690C4A23F4407313610A4B1B694F
:10E88000094A43F004031361074B1A69FB791B0221
:10E890001343054A43F48033136100BF0C37BD4670
:10E8A0005DF8047B704700BF003C024080B485B037
:10E8B00000AF78600B46FB700023FB60FB78002BF9
:10E8C00002D10023FB6010E0FB78012B03D14FF451
:10E8D0008073FB6009E0FB78022B03D14FF40073D7
:10E8E000FB6002E04FF44073FB60134B1B69124A5C
:10E8F00023F440731361104B1A690F49FB681343EB
:10E900000B610D4B1B690C4A23F0F80313610A4B92
:10E910001A697B68DB001343074A43F00203136163
:10E92000054B1B69044A43F48033136100BF14375D
:10E93000BD465DF8047B7047003C024080B400AFE8
:10E94000204B1B6803F40073002B17D01D4B1B6872
:10E950001C4A23F4007313601A4B1B68194A43F4D2
:10E9600000631360174B1B68164A23F4006313609F
:10E97000144B1B68134A43F400731360114B1B685C
:10E9800003F48063002B17D00E4B1B680D4A23F451
:10E99000806313600B4B1B680A4A43F48053136077
:10E9A000084B1B68074A23F480531360054B1B6810
:10E9B000044A43F48063136000BFBD465DF8047BE6
:10E9C000704700BF003C024080B489B000AF78605F
:10E9D000396000237B6100233B610023BB6100237E
:10E9E000FB616BE10122FB6902FA03F37B613B6887
:10E9F0001B687A6913403B613A697B699A4240F02F
:10EA00005A813B685B6803F00303012B05D03B6828
:10EA10005B6803F00303022B30D17B689B68BB610A
:10EA2000FB695B00032202FA03F3DB43BA6913407C
:10EA3000BB613B68DA68FB695B0002FA03F3BA6901
:10EA40001343BB617B68BA699A607B685B68BB6192
:10EA50000122FB6902FA03F3DB43BA691340BB618D
:10EA60003B685B681B0903F00102FB6902FA03F3D0
:10EA7000BA691343BB617B68BA695A603B685B68DB
:10EA800003F00303032B17D07B68DB68BB61FB69D2
:10EA90005B00032202FA03F3DB43BA691340BB6154
:10EAA0003B689A68FB695B0002FA03F3BA69134397
:10EAB000BB617B68BA69DA603B685B6803F003039B
:10EAC000022B23D1FB69DA087B68083253F8223025
:10EAD000BB61FB6903F007039B000F2202FA03F3FB
:10EAE000DB43BA691340BB613B681A69FB6903F0F9
:10EAF00007039B0002FA03F3BA691343BB61FB6986
:10EB0000DA087B680832B96943F822107B681B6811
:10EB1000BB61FB695B00032202FA03F3DB43BA69C2
:10EB20001340BB613B685B6803F00302FB695B0059
:10EB300002FA03F3BA691343BB617B68BA691A60CE
:10EB40003B685B6803F44033002B00F0B480002383
:10EB5000FB60604B5B6C5F4A43F4804353645D4BE6
:10EB60005B6C03F48043FB60FB685B4AFB699B08BA
:10EB7000023352F82330BB61FB6903F003039B00AF
:10EB80000F2202FA03F3DB43BA691340BB617B68CF
:10EB9000524A93422BD07B68514A934225D07B68DE
:10EBA000504A93421FD07B684F4A934219D07B68EA
:10EBB0004E4A934213D07B684D4A93420DD07B68F6
:10EBC0004C4A934207D07B684B4A934201D10723BA
:10EBD0000EE008230CE006230AE0052308E00423E6
:10EBE00006E0032304E0022302E0012300E0002307
:10EBF000FA6902F0030292009340BA691343BB61C1
:10EC00003549FB699B080233BA6941F823203B4B25
:10EC10009B68BB613B69DB43BA691340BB613B68DE
:10EC20005B6803F48013002B03D0BA693B6913437C
:10EC3000BB61324ABB699360304BDB68BB613B69A7
:10EC4000DB43BA691340BB613B685B6803F40013A4
:10EC5000002B03D0BA693B691343BB61274ABB69E8
:10EC6000D360264B5B68BB613B69DB43BA691340E9
:10EC7000BB613B685B6803F40033002B03D0BA69C7
:10EC80003B691343BB611D4ABB6953601B4B1B6847
:10EC9000BB613B69DB43BA691340BB613B685B689E
:10ECA00003F48033002B03D0BA693B691343BB6183
:10ECB000124ABB691360FB690133FB61FB690F2BCF
:10ECC0007FF690AE00BF00BF2437BD465DF8047BE1
:10ECD000704700BF00380240003801400000024089
:10ECE0000004024000080240000C024000100240F4
:10ECF0000014024000180240001C0240003C014089
:10ED000080B483B000AF78600B467B8013467B7085
:10ED10007B78002B03D07A887B689A6103E07B883C
:10ED20001A047B689A6100BF0C37BD465DF8047B0E
:10ED30007047000080B586B000AF786000237B612B
:10ED400000F012FD38617B68002B01D1012399E0AE
:10ED50007B68022283F835207B68002283F8342008
:10ED60007B681B681A687B681B6822F001021A60C6
:10ED70000FE000F0F9FC02463B69D31A052B08D9D5
:10ED80007B6820225A657B68032283F835200323A1
:10ED900078E07B681B681B6803F00103002BE8D157
:10EDA0007B681B681B687B617A69384B13407B6109
:10EDB0007B685A687B689B681A437B68DB681A43E8
:10EDC0007B681B691A437B685B691A437B689B6994
:10EDD0001A437B68DB691A437B681B6A13437A69B1
:10EDE00013437B617B685B6A042B07D17B68DA6A1B
:10EDF0007B681B6B13437A6913437B617B681B68D9
:10EE00007A691A607B681B685B697B617B6923F0A8
:10EE100007037B617B685B6A7A6913437B617B686C
:10EE20005B6A042B17D17B689B6A7A6913437B6109
:10EE30007B68DB6A002B0ED0786800F001FB03468C
:10EE4000002B08D07B6840225A657B68012283F83A
:10EE50003520012316E07B681B687A695A6178685F
:10EE600000F0B8FA0346FB607B68DB6D3F229A40F6
:10EE7000FB689A607B6800225A657B68012283F8F0
:10EE80003520002318461837BD4680BD3F8010F05E
:10EE900080B586B000AFF860B9607A603B6000234F
:10EEA000FB75FB689B6D3B61FB6893F83430012B6D
:10EEB00001D1022340E0FB68012283F83420FB6883
:10EEC00093F83530DBB2012B2FD1FB68022283F897
:10EED0003520FB6800225A653B687A68B968F86893
:10EEE00000F04AFAFB68DB6D3F229A403B699A606A
:10EEF000FB681B681A68FB681B6842F016021A6000
:10EF0000FB681B6C002B07D0FB681B681A68FB684A
:10EF10001B6842F008021A60FB681B681A68FB68ED
:10EF20001B6842F001021A6005E0FB68002283F8CA
:10EF300034200223FB75FB7D18461837BD4680BD83
:10EF400080B584B000AF78607B689B6DFB6000F09B
:10EF50000BFCB8607B6893F83530DBB2022B08D02D
:10EF60007B6880225A657B68002283F83420012365
:10EF700052E07B681B681A687B681B6822F01602E7
:10EF80001A607B681B685A697B681B6822F08002E4
:10EF90005A617B681B6C002B03D17B689B6C002B38
:10EFA00007D07B681B681A687B681B6822F0080220
:10EFB0001A607B681B681A687B681B6822F0010274
:10EFC0001A6013E000F0D0FB0246BB68D31A052B91
:10EFD0000CD97B6820225A657B68032283F8352090
:10EFE0007B68002283F83420032315E07B681B68CC
:10EFF0001B6803F00103002BE4D17B68DB6D3F222B
:10F000009A40FB689A607B68012283F835207B6810
:10F01000002283F83420002318461037BD4680BDF7
:10F0200080B483B000AF78607B6893F83530DBB292
:10F03000022B04D07B6880225A6501230CE07B6898
:10F04000052283F835207B681B681A687B681B687B
:10F0500022F001021A60002318460C37BD465DF805
:10F06000047B704780B586B000AF78600023BB603A
:10F070008E4B1B688E4AA2FB03239B0A7B617B6835
:10F080009B6D3B613B691B68FB607B68DB6D082205
:10F090009A40FB681340002B1AD07B681B681B68E2
:10F0A00003F00403002B13D07B681B681A687B688D
:10F0B0001B6822F004021A607B68DB6D08229A400C
:10F0C0003B699A607B685B6D43F001027B685A651F
:10F0D0007B68DB6D01229A40FB681340002B12D045
:10F0E0007B681B685B6903F08003002B0BD07B6897
:10F0F000DB6D01229A403B699A607B685B6D43F04F
:10F1000002027B685A657B68DB6D04229A40FB68CB
:10F110001340002B12D07B681B681B6803F00203AE
:10F12000002B0BD07B68DB6D04229A403B699A6010
:10F130007B685B6D43F004027B685A657B68DB6D1E
:10F1400010229A40FB681340002B43D07B681B6859
:10F150001B6803F00803002B3CD07B68DB6D10229A
:10F160009A403B699A607B681B681B6803F48023A4
:10F17000002B18D07B681B681B6803F40023002B4E
:10F1800008D17B681B6C002B24D07B681B6C7868D3
:10F1900098471FE07B689B6C002B1BD07B689B6CA7
:10F1A0007868984716E07B681B681B6803F48073D7
:10F1B000002B07D17B681B681A687B681B6822F0EC
:10F1C00008021A607B681B6C002B03D07B681B6CE9
:10F1D000786898477B68DB6D20229A40FB68134073
:10F1E000002B00F08F807B681B681B6803F0100306
:10F1F000002B00F087807B68DB6D20229A403B6902
:10F200009A607B6893F83530DBB2052B36D17B688A
:10F210001B681A687B681B6822F016021A607B68FC
:10F220001B685A697B681B6822F080025A617B6800
:10F230001B6C002B03D17B689B6C002B07D07B6879
:10F240001B681A687B681B6822F008021A607B68DA
:10F25000DB6D3F229A403B699A607B68012283F80C
:10F2600035207B68002283F834207B681B6D002BDF
:10F270007ED07B681B6D7868984779E07B681B6857
:10F280001B6803F48023002B1DD07B681B681B6860
:10F2900003F40023002B0DD17B685B6C002B31D075
:10F2A0007B685B6C786898472CE000BF58000020B2
:10F2B000B5814E1B7B68DB6B002B23D07B68DB6B3F
:10F2C000786898471EE07B681B681B6803F48073AE
:10F2D000002B0FD17B681B681A687B681B6822F0C3
:10F2E00010021A607B68012283F835207B680022B7
:10F2F00083F834207B68DB6B002B03D07B68DB6BEF
:10F30000786898477B685B6D002B32D07B685B6DBB
:10F3100003F00103002B22D07B68052283F83520FF
:10F320007B681B681A687B681B6822F001021A6000
:10F33000BB680133BB607A699A4207D37B681B685C
:10F340001B6803F00103002BF2D100E000BF7B68D3
:10F35000012283F835207B68002283F834207B6803
:10F36000DB6C002B05D07B68DB6C7868984700E08D
:10F3700000BF1837BD4680BD80B485B000AFF860CF
:10F38000B9607A603B60FB681B681A68FB681B68A1
:10F3900022F480221A60FB681B683A685A60FB6896
:10F3A0009B68402B08D1FB681B687A689A60FB68F1
:10F3B0001B68BA68DA6007E0FB681B68BA689A6085
:10F3C000FB681B687A68DA6000BF1437BD465DF8D9
:10F3D000047B704780B485B000AF78607B681B68A1
:10F3E000DBB2103B144AA2FB03231B09FB60134A48
:10F3F000FB6813441B781A467B68DA65FB68032BAD
:10F4000009D97B681B6823F47F7323F003031A1D5B
:10F410007B689A6507E07B681B6823F47F7323F0A1
:10F4200003037A6893657B689B6D18461437BD4665
:10F430005DF8047B704700BFABAAAAAAD4090408F0
:10F4400080B485B000AF78600023FB737B689B6A53
:10F45000BB607B689B69002B1FD1BB68032B56D810
:10F4600001A252F823F000BF79F401088BF40108DF
:10F4700079F401080FF501087B68DB6A03F08073FB
:10F48000002B46D00123FB7343E07B68DB6AB3F1BA
:10F49000C07F40D10123FB733DE07B689B69B3F5DE
:10F4A000005F21D1BB68032B37D801A252F823F0AB
:10F4B000C1F40108C7F40108C1F40108D9F4010836
:10F4C0000123FB7330E07B68DB6A03F08073002B61
:10F4D00025D00123FB7322E07B68DB6AB3F1C07F98
:10F4E0001FD10123FB731CE0BB68022B03D9BB684F
:10F4F000032B03D018E00123FB7315E07B68DB6A64
:10F5000003F08073002B0ED00123FB730BE000BFD0
:10F510000AE000BF08E000BF06E000BF04E000BF53
:10F5200002E000BF00E000BFFB7B18461437BD4679
:10F530005DF8047B704700BF80B485B000AF786091
:10F540007B6803F00703FB600C4BDB68BB60BA68A9
:10F550004FF6FF031340BB60FB681A02BB681343FE
:10F5600043F0BF6343F40033BB60044ABB68D3601D
:10F5700000BF1437BD465DF8047B704700ED00E026
:10F5800080B400AF044BDB681B0A03F00703184686
:10F59000BD465DF8047B704700ED00E080B483B0A9
:10F5A00000AF0346FB7197F90730002B0BDBFB79AB
:10F5B00003F01F02074997F907305B09012000FAA1
:10F5C00002F241F8232000BF0C37BD465DF8047BF2
:10F5D000704700BF00E100E080B483B000AF034695
:10F5E0003960FB7197F90730002B0ADB3B68DAB210
:10F5F0000C4997F907301201D2B20B4483F800236B
:10F600000AE03B68DAB20849FB7903F00F03043BD8
:10F610001201D2B20B441A7600BF0C37BD465DF81A
:10F62000047B704700E100E000ED00E080B489B0A9
:10F6300000AFF860B9607A60FB6803F00703FB6114
:10F64000FB69C3F10703042B28BF0423BB61FB69DB
:10F650000433062B02D9FB69033B00E000237B61E6
:10F660004FF0FF32BB6902FA03F3DA43BB681A407A
:10F670007B699A404FF0FF317B6901FA03F3D9436C
:10F680007B680B40134318462437BD465DF8047B66
:10F69000704780B582B000AF78607868FFF74CFFA4
:10F6A00000BF0837BD4680BD80B586B000AF0346B9
:10F6B000B9607A60FB7300237B61FFF761FF7861BB
:10F6C0007A68B9687869FFF7B1FF024697F90F3099
:10F6D00011461846FFF780FF00BF1837BD4680BDB2
:10F6E00080B582B000AF0346FB7197F9073018462A
:10F6F000FFF754FF00BF0837BD4680BD80B500AF9F
:10F700000E4B1B680D4A43F4007313600B4B1B68D0
:10F710000A4A43F480631360084B1B68074A43F4AA
:10F72000807313600320FFF7B4FF0F20F4F7DCFCB5
:10F73000F4F7AEFC0023184680BD00BF003C024039
:10F7400080B400AF064B1B781A46064B1B68134467
:10F75000044A136000BFBD465DF8047B704700BFDC
:10F760008000002068C1002080B400AF034B1B68FC
:10F770001846BD465DF8047B704700BF68C1002095
:10F7800080B584B000AF7860FFF7EEFFB8607B68AB
:10F79000FB60FB68B3F1FF3F05D00A4B1B781A46AC
:10F7A000FB681344FB6000BFFFF7DEFF0246BB6847
:10F7B000D31AFA689A42F7D800BF00BF1037BD4687
:10F7C00080BD00BF8000002080B584B000AF7860AD
:10F7D0007B68002B01D101236CE07B68D3F8843077
:10F7E000002B06D17B682322C3F884207868FDF7BC
:10F7F000DFF90023BB60314B5B6C304A43F480433C
:10F8000053642E4B5B6C03F48043BB60BB682C4B92
:10F810005B682B4A23F400035360294B5A687B68CA
:10F820009B68274913434B60254B5B687B681B68CB
:10F8300003F580531B687A68126843F0010302F5F0
:10F8400080521360FFF790FFF86011E0FFF78CFF24
:10F850000246FB68D31AB3F5FA7F09D97B68042204
:10F86000C3F888207B68E022C3F88420012321E0CC
:10F870007B681B6803F580531B6803F00103002BB2
:10F88000E4D1786800F056FF786800F0FDFF7868F2
:10F8900001F053F87B685B681A460021786800F035
:10F8A000BBFF7B680022C3F888207B681022C3F866
:10F8B0008420002318461037BD4680BD0038024022
:10F8C0000038014080B584B000AF78607B68D3F821
:10F8D0008430102B7FD17B682322C3F884207B687F
:10F8E00001229A657B681B68DA6B7B681B6842F4AF
:10F8F0000272DA637B681B68D3F80C317A6812688D
:10F9000043F4003343F06003C2F80C317B681B689A
:10F91000D3F810217B681B6842F40312C3F810214E
:10F920007B680422DA66786800F0F8F97B681B6867
:10F930001A687B681B6842F008021A607B681B68C3
:10F940001B68FB600120FFF71BFF7B681B68FA68E0
:10F950001A607B681B681A687B681B6842F00402A7
:10F960001A607B681B681B68FB600120FFF708FFBB
:10F970007B681B68FA681A60786800F07CFD7B6819
:10F980001B6803F580539B697A68126843F400533F
:10F9900002F5805293617B681B6803F580539B6975
:10F9A0007A68126843F0020302F5805293617B6823
:10F9B0001B6803F58053DB697A68126843F4D0331F
:10F9C00043F0C10302F58052D3617B682322C3F860
:10F9D0008420002300E0012318461037BD4680BD77
:10F9E00080B586B000AF78607B68D3F88430232B75
:10F9F00070D17B682322C3F884207B681B6803F5E1
:10FA00008053DB697A68126823F4D03323F0C10392
:10FA100002F58052D3617B681B6803F580539B69B4
:10FA20007A68126823F4005302F5805293617B6870
:10FA30001B6803F580539B697A68126823F0020300
:10FA400002F5805293617B681B681A687B681B68AB
:10FA500022F004021A607B681B681B683B6101206E
:10FA6000FFF78EFE7B681B683A691A60786800F0C1
:10FA700002FD7B681B681A687B681B6822F008021D
:10FA80001A607B681B681B683B610120FFF778FEEA
:10FA90007B681B683A691A6000237B610EE07B6813
:10FAA0007A69123253F82230FB60FB685B6843F0DE
:10FAB0000042FB685A607B6901337B617B69032BE1
:10FAC000EDD97B6800229A657B681022C3F88420F8
:10FAD000002300E0012318461837BD4680BD80B5DD
:10FAE00082B000AF786039603B68002B09D17B6839
:10FAF000D3F8883043F001027B68C3F888200123E3
:10FB000045E07B68D3F88430232B3FD13B685A6BA8
:10FB10007B68DA6301223968786800F07BFF03466E
:10FB2000002B09D07B68D3F8883043F002027B6851
:10FB3000C3F8882001232AE0BFF34F8F00BF7B6802
:10FB40009B6A5A1C7B689A627B689B6A032B04D968
:10FB50007B689B6A1A1F7B689A627B681B6803F547
:10FB600080535B6903F00403002B0DD07B681B6896
:10FB700003F580531A46042353617B681B6803F521
:10FB800080531A4600235360002300E001231846E7
:10FB90000837BD4680BD80B588B000AF7860396059
:10FBA00000237B610023FB733B68002B09D17B683A
:10FBB000D3F8883043F001027B68C3F88820012322
:10FBC000A8E07B68D3F88430232B01D00123A1E087
:10FBD0007B68DB6DFB617B68FA69123253F8223077
:10FBE000BB617B68DB6EC3F10403BB606AE0BB6989
:10FBF0001B6803F48073002B07D0BB69DA697B684C
:10FC00009A67BB699A697B685A67BB691B6803F48A
:10FC10000073002B03D17B68DB6F002B40D0BB69E6
:10FC20001B6803F40073002B05D07B6800221A6662
:10FC30007B6800225A667B685B693B61BB691B6815
:10FC400003F48073002B0CD0BB691B681B0CC3F33F
:10FC50000D03043B3B61BB691A687B681A6701238B
:10FC6000FB73BB699A68BB691A627B6803F17C000D
:10FC70007B6803F18001BB691B6A1A463B699BB232
:10FC8000FDF750F97B681B6E5A1C7B681A667B680F
:10FC90005A6E3B691A447B685A66BB6900221A6235
:10FCA000FB690133FB61FB69032B02D9FB69043B50
:10FCB000FB617B68FA69123253F82230BB617B69C1
:10FCC00001337B61BB691B68002B06DB7A69BB686B
:10FCD0009A4202D2FB7B002B89D07B68DA6E7B696B
:10FCE0001A447B68DA667B68DB6E002B02D078688A
:10FCF00000F014F87B68FA69DA65FB7B012B08D108
:10FD00007B68DA6F3B681A607B680022DA67002341
:10FD100000E0012318462037BD4680BD80B588B07D
:10FD200000AF78600023BB600123FB747B689B6E8F
:10FD3000FB617B68FA69123253F822307B617B6881
:10FD4000DB6EBB613DE07B691B6A002B12D107F1C2
:10FD500008031846FDF7B6F8BB68002B02D1002354
:10FD6000FB7407E0BB681A467B691A62BB681A46D7
:10FD70007B699A60FB7C002B23D07B689B6D002BFA
:10FD800003D17B69244A5A6003E07B694FF48C42BB
:10FD90005A607B691B6843F000427B691A60FB690B
:10FDA0000133FB61FB69032B02D9FB69043BFB6157
:10FDB0007B68FA69123253F822307B61BB69013BE0
:10FDC000BB61BB69002B02D0FB7C002BBBD17B68E5
:10FDD000DB6EBA699A421AD0FB69013303F0030360
:10FDE000FB60BFF35F8F00BF7B681969FA68134639
:10FDF0009B001344DB00CA187B681B6803F5805323
:10FE00009A607B68FA699A667B68BA69DA6600BFAD
:10FE10002037BD4680BD00BF0046008080B586B05B
:10FE200000AF78607B681833BB60BB689B6A7B61FE
:10FE3000BB68DB6A3B610123FB733FE00123BB73BB
:10FE40007B69013B7B61BA683B6904339B001344C7
:10FE50005B68002B06D13B69013303F003033B6170
:10FE60000023BB73BB7B002B28D07B68D9683A6921
:10FE700013469B001344DB000B441B68002B1BDB69
:10FE8000BA683B6904339B0013445B681846FDF76E
:10FE900089F8BA683B6904339B00134400225A6016
:10FEA0003B69013303F003033B61BB687A699A62E3
:10FEB000BB683A69DA6201E00023FB737B69002BBF
:10FEC00002D0FB7B002BB9D1002318461837BD4662
:10FED00080BD000080B582B000AF78607B681B6891
:10FEE00003F580535B6903F04003402B12D17B681C
:10FEF0001B6803F58053DB6903F04003402B09D1F5
:10FF00007B681B6803F580531A46504B5361786831
:10FF1000FCF796FB7B681B6803F580535B6903F075
:10FF20000103012B13D17B681B6803F58053DB6948
:10FF300003F00103012B0AD17B681B6803F5805392
:10FF40001A464FF0011353617868FCF789FB7B6810
:10FF50001B6803F580535B6903F40043B3F5004F5E
:10FF60004CD17B681B6803F58053DB6903F40043C5
:10FF7000B3F5004F42D17B68D3F8883043F00802D4
:10FF80007B68C3F888207B681B6803F580535B6936
:10FF900003F40053B3F5005F1AD17B681B6803F5C7
:10FFA00080535A692A4B13407A68C2F88C307B68B8
:10FFB0001B6803F58053DB697A68126823F4C03349
:10FFC00002F58052D3617B68E022C3F8842012E0FE
:10FFD0007B681B6803F580535A6948F280631340BD
:10FFE0007A68C2F88C307B681B6803F580531A4628
:10FFF00048F2806353617868FCF742FB7B681B68BA
:020000040802F0
:100000009B6B03F00803082B0ED17B681B68DB6A2F
:1000100003F060027B68C3F89420786800F01CF855
:100020007B680022C3F894200A4B5B6903F4002329
:10003000002B06D0074B4FF400225A61786800F07D
:1000400015F800BF0837BD4680BD00BF4000010065
:1000500000207E00003C014080B483B000AF786097
:1000600000BF0C37BD465DF8047B704780B483B099
:1000700000AF786000BF0C37BD465DF8047B704769
:1000800080B586B000AFF860B9607A603B60FB680D
:100090001B681B697B617B6903F01C037B61BB6888
:1000A000DB029BB27A6913437B617B689B0103F49B
:1000B000F8637A6913437B617B6923F002037B61F8
:1000C0007B6943F001037B61FB681B687A691A61F5
:1000D000FFF74AFB38610DE0FFF746FB02463B693C
:1000E000D31AB3F5803F01D3012310E0FB681B68EE
:1000F0001B697B617B6903F00103002BECD1FB687A
:100100001B685B699BB21A463B681A60002318465D
:100110001837BD4680BD80B586B000AFF860B960C5
:100120007A603B60FB681B681B697B617B6903F03D
:100130001C037B61BB68DB029BB27A6913437B6162
:100140007B689B0103F4F8637A6913437B617B69E5
:1001500043F002037B617B6943F001037B613B68F1
:100160009AB2FB681B685A61FB681B687A691A615E
:10017000FFF7FAFA38610DE0FFF7F6FA02463B693D
:10018000D31AB3F5803F01D3012309E0FB681B6854
:100190001B697B617B6903F00103002BECD1002319
:1001A00018461837BD4680BD80B483B000AF786074
:1001B00039603B68002B01D10123D9E07B681B68C3
:1001C0001B6803F01003002B14BF01230023DBB2D4
:1001D0001A463B6883F828207B681B681B6803F07D
:1001E00060023B685A627B681B681B6803F40073FB
:1001F000002B0CBF01230023DBB21A463B6883F8B7
:1002000020207B681B681B6803F48033002B14BF1D
:1002100001230023DBB21A463B68DA777B681B6850
:100220001B6803F40053002B0CBF01230023DBB237
:100230001A463B689A777B681B681B6803F48053F7
:10024000002B14BF01230023DBB21A463B681A7748
:100250007B681B681B6803F400623B689A617B68DB
:100260001B681B6803F480423B685A617B681B680B
:100270001B6803F48003002B0CBF01230023DBB2B7
:100280001A463B685A747B681B681B6803F40003BA
:10029000002B0CBF01230023DBB21A463B681A7403
:1002A0007B681B681B6803F08003002B14BF0123CD
:1002B0000023DBB21A463B68DA737B681B681B6855
:1002C00003F460223B689A607B681B681B6803F438
:1002D0008063002B14BF01230023DBB21A463B6866
:1002E0001A717B681B689B6903F00203002B14BF23
:1002F00001230023DBB21A463B6883F854207B6855
:100300001B689B6903F08003002B0CBF01230023B3
:10031000DBB21A463B6883F84C207B681B689B69FC
:1003200003F030023B681A657B681B689B691B0CF5
:100330009AB23B689A647B681B689B6903F004036C
:10034000002B14BF01230023DBB21A463B6883F85D
:1003500056207B681B689B6903F00803002B14BFC1
:1003600001230023DBB21A463B6883F855200023A3
:1003700018460C37BD465DF8047B704780B582B0E7
:1003800000AF786039603B68002B01D101230BE09E
:100390007B68D3F88430102B05D13968786800F079
:1003A0008FF8002300E0012318460837BD4680BDC2
:1003B00080B584B000AF78607B681B681B69FB6008
:1003C000FB6823F01C03FB60FDF7A4FFB860BB686B
:1003D0001D4A934208D9BB681C4A934204D8FB6863
:1003E00043F00803FB6027E0BB68184A934208D932
:1003F000BB68174A934204D2FB6843F00C03FB60CE
:100400001AE0BB68124A934203D3BB68114A934275
:1004100011D9BB680F4A934208D9BB680E4A934270
:1004200004D8FB6843F00403FB6005E0FB6843F07D
:100430001003FB6000E000BF7B681B68FA681A616C
:1004400000BF1037BD4680BDFF2C3101BF0E160224
:1004500000879303FFE0F5057FD1F00880B483B0F7
:1004600000AF78607B68D3F88C3018460C37BD46F7
:100470005DF8047B704780B584B000AF78600023DE
:10048000FB607B681B6803F580539B697A68126880
:1004900043F4801302F5805293617B681B6803F577
:1004A00080539B69FB600120FFF76AF97B681A683B
:1004B000FB6802F58052936100BF1037BD4680BDD6
:1004C00080B584B000AF786039607B681B681B68BA
:1004D000FB60FA68514B1340FB603B681B7C002BB0
:1004E00002D14FF4000200E000223B685B7C002B4D
:1004F00002D14FF4800300E000231A433B689B685D
:100500001A433B68DB7F1B041A433B685B69134358
:100510003A68927F002A02D14FF4005200E0002294
:100520001A433B681B7F1B031A433B689B691A43B2
:100530003B681B799B0213433A6892F82020002AFB
:1005400002D14FF4007200E000221A433B68DB7BCB
:10055000DB011A433B685B6A1A433B6893F8283017
:100560001B011343FA681343FB607B681B68FA683E
:100570001A607B681B681B68FB600120FFF700F9AD
:100580007B681B68FA681A607B681B689B69FB6064
:10059000FA684FF641731340FB603B689B6C1B0489
:1005A0003A6892F84C20002A01D1802200E0002213
:1005B0001A433B681B6D13433A6892F85520012A91
:1005C00001D1082200E0002213433A6892F8562035
:1005D000012A01D1042200E0002213433A6892F874
:1005E0005420012A01D1022200E000221343FA68BC
:1005F0001343FB607B681B68FA689A617B681B6821
:100600009B69FB600120FFF7BBF87B681B68FA68F9
:100610009A6100BF1037BD4680BD00BF0F8120FF2B
:1006200080B584B000AF786039607B681B6803F5E3
:1006300080539B69FB60FA683D4B1340FB603B684D
:100640001B7B002B02D14FF0806200E000223B6850
:100650005B7B5B0613433A68527F002A02D14FF45A
:10066000801200E000221A433B689B7B5B051A4323
:100670003B685B691A433B681B7FDB011A433B689D
:100680009B7F9B011A433B681B6A1A433B6893F8A4
:1006900024309B001343FA681343FB607B681B689C
:1006A00003F580531A46FB6893617B681B6803F56A
:1006B00080539B69FB600120FFF762F87B681B6831
:1006C00003F580531A46FB6893613B681B795A0611
:1006D0003B689B681A433B689B691A433B681B69EC
:1006E0001A433B6893F82530DB011A433B689B6A49
:1006F0009B001A433B681B6813437A68126843F4F3
:10070000000302F5805213607B681B6803F5805379
:100710001B68FB600120FFF733F87B681B6803F55B
:1007200080531A46FB68136000BF1037BD4680BD7A
:10073000233FDEF880B5A6B000AF7860012387F8CC
:100740004430012387F845300023FB63002387F8FA
:100750005330012387F85230002387F850300123AB
:1007600087F83830002387F85430002387F8433067
:100770000023BB65002387F85C300023FB67002360
:1007800087F880300023C7F88430002387F88A3048
:10079000002387F888304FF48043BB644FF4006334
:1007A000FB64002387F8893007F134031946786821
:1007B000FFF786FE01233B7501237B75012387F834
:1007C00025300123BB750023FB61002387F824300B
:1007D000002387F826300023BB62012387F82C30E2
:1007E00001233B734FF480333B614FF480033B6242
:1007F0004FF40053BB61012387F82D3000233B6386
:100800000023BB6007F1080319467868FFF708FF6B
:1008100000BF9837BD4680BD80B487B000AFF86098
:10082000B9607A607B6805331B781B027A680432F2
:10083000127813437B61BA68114B13441A467B69E3
:1008400013607B6803331B781A067B6802331B78BE
:100850001B041A437B6801331B781B0213437A681D
:10086000127813437B61BA68064B13441A467B69BE
:10087000136000BF1C37BD465DF8047B704700BFA6
:10088000408002404480024080B485B000AF786070
:100890000023FB603EE07B68D968FA6813469B0042
:1008A0001344DB000B44BB60BB6800221A60BB68CA
:1008B00000225A60BB6800229A60BB680022DA609E
:1008C000B9687B68FA68063243F82210BB681B6877
:1008D00043F48012BB681A60FB68022B0CD87B685B
:1008E000D968FB685A1C13469B001344DB000B4479
:1008F0001A46BB68DA6004E07B68DB681A46BB68AE
:10090000DA60BB681B6843F44002BB681A60FB688E
:100910000133FB60FB68032BBDD97B6800229A6220
:100920007B68DA687B681B6803F580531A6100BF37
:100930001437BD465DF8047B704780B485B000AFC6
:1009400078600023FB6046E07B681969FA6813460B
:100950009B001344DB000B44BB60BB6800221A60A1
:10096000BB6800225A60BB6800229A60BB68002204
:10097000DA60BB6800221A62BB6800225A62BB6858
:100980004FF000421A60BB684FF48C425A60BB685B
:100990005B6823F00042BB685A60B9687B68FA68FC
:1009A000123243F82210FB68022B0CD87B681969BD
:1009B000FB685A1C13469B001344DB000B441A4689
:1009C000BB68DA6004E07B681B691A46BB68DA60C2
:1009D000FB680133FB60FB68032BB5D97B68002201
:1009E000DA657B6800221A667B6800229A667B685B
:1009F0000022DA667B6800229A657B681A697B6848
:100A00001B6803F58053DA6000BF1437BD465DF8FC
:100A1000047B704780B48DB000AFF860B9607A6035
:100A2000FB6818337B617B691B69FB627B691B690F
:100A30003B6100237B627B69FA6A53F822303B6298
:100A4000BB689B68FB610023BB613B6A1B6803F0CA
:100A50000043B3F1004F07D07A69FB6A04339B006F
:100A600013445B68002B01D0022303E17B6A01334E
:100A70007B62FB691B681A463B6A9A603B6A5B684B
:100A800023F4FF5323F01F03FA6952681A433B6AA9
:100A90005A60BB681B6803F00103002B08D03B6A57
:100AA0001B6823F44002BB685B691A433B6A1A6007
:100AB000BB681B6803F02003002B08D03B6A1B684F
:100AC00023F04062BB681B691A433B6A1A60BB682B
:100AD0001B6803F00403002B05D03B6A1B6843F03E
:100AE00080023B6A1A603B6A1B6843F080523B6A93
:100AF0001A60BFF35F8F00BF3B6A1B6843F0004280
:100B00003B6A1A6084E03B6A1B6823F000523B6A30
:100B10001A607B68002B06D03B6A1B6843F080425A
:100B20003B6A1A6005E03B6A1B6823F080423B6A1F
:100B30001A60FB6A0133FB62FB6A032B02D9FB6A72
:100B4000043BFB627B69FA6A53F822303B623B6AE2
:100B50001B6823F080523B6A1A603B6A1B6803F0F3
:100B60000043B3F1004F07D07A69FB6A04339B005E
:100B700013445B68002B29D03B69FB627B69FA6AEE
:100B800053F822303B620023BB6219E0BFF35F8F52
:100B900000BF3B6A1B6823F000423B6A1A60FB6A95
:100BA0000133FB62FB6A032B02D9FB6A043BFB6245
:100BB0007B69FA6A53F822303B62BB6A0133BB623D
:100BC000BA6A7B6A9A42E1D3022353E07B6A01331B
:100BD0007B62FB699B68FB61FB691B681A463B6A89
:100BE0009A603B6A5B6823F4FF5323F01F03FA69A2
:100BF00052681A433B6A5A60BB690133BB61BFF359
:100C00005F8F00BF3B6A1B6843F000423B6A1A607B
:100C1000FB699B68002B7FF476AF7B68002B06D0C6
:100C20003B6A1B6843F080423B6A1A6005E03B6AFE
:100C30001B6823F080423B6A1A603B6A1B6843F0E2
:100C400000523B6A1A607B695A6A7969FB6A04330D
:100C50009B000B445A607B69FA6A1A6172B600BF46
:100C60007B699A6ABB6913445A1C7B699A6262B6B3
:100C700000BF002318463437BD465DF8047B70473B
:100C800080B582B000AF78607B68002B01D1012372
:100C90007BE07B685B6A002B08D17B685B68B3F5FF
:100CA000827F09D07B680022DA6105E07B68002240
:100CB0001A617B6800225A617B6800229A627B6815
:100CC00093F85130DBB2002B06D17B68002283F809
:100CD00050207868F2F7FEFE7B68022283F85120EC
:100CE0007B681B681A687B681B6822F040021A60E8
:100CF0007B685B6803F482727B689B6803F404433F
:100D00001A437B68DB6803F400631A437B681B6942
:100D100003F002031A437B685B6903F001031A4383
:100D20007B689B6903F400731A437B68DB6903F0FB
:100D300038031A437B681B6A03F0800342EA03010D
:100D40007B689B6A03F400527B681B680A431A6045
:100D50007B689B691B0C03F004017B685B6A03F0F2
:100D600010027B681B680A435A607B681B68DA695B
:100D70007B681B6822F40062DA617B6800225A6596
:100D80007B68012283F85120002318460837BD46AE
:100D900080BD80B588B000AFF860B9603B60134695
:100DA000FB800023FB77FB6893F85030012B01D1C7
:100DB00002232DE1FB68012283F85020FEF7D4FCCA
:100DC000B861FB88FB82FB6893F85130DBB2012BE2
:100DD00002D00223FB7716E1BB68002B02D0FB8810
:100DE000002B02D10123FB770DE1FB68032283F87E
:100DF0005120FB6800225A65FB68BA681A63FB68D9
:100E0000FA889A86FB68FA88DA86FB6800229A6379
:100E1000FB6800229A87FB680022DA87FB680022C1
:100E20005A64FB6800221A64FB689B68B3F5004FA4
:100E30000FD1FB681B681A68FB681B6822F0400230
:100E40001A60FB681B681A68FB681B6842F48042E2
:100E50001A60FB681B681B6803F04003402B07D037
:100E6000FB681B681A68FB681B6842F040021A6046
:100E7000FB68DB68B3F5006F4FD1FB685B68002B44
:100E800002D0FB8A012B42D1FB681B6B1A88FB68DE
:100E90001B68DA60FB681B6B9A1CFB681A63FB68B3
:100EA000DB8E9BB2013B9AB2FB68DA862FE0FB68CF
:100EB0001B689B6803F00203022B12D1FB681B6BBB
:100EC0001A88FB681B68DA60FB681B6B9A1CFB685E
:100ED0001A63FB68DB8E9BB2013B9AB2FB68DA8631
:100EE00015E0FEF741FC0246BB69D31A3A689A4204
:100EF00003D83B68B3F1FF3F02D13B68002B06D11A
:100F00000323FB77FB68012283F851207BE0FB6819
:100F1000DB8E9BB2002BCAD150E0FB685B68002BD4
:100F200002D0FB8A012B44D1FB681A6BFB681B685B
:100F30000C3312781A70FB681B6B5A1CFB681A631F
:100F4000FB68DB8E9BB2013B9AB2FB68DA8630E02D
:100F5000FB681B689B6803F00203022B13D1FB683C
:100F60001A6BFB681B680C3312781A70FB681B6BDA
:100F70005A1CFB681A63FB68DB8E9BB2013B9AB27A
:100F8000FB68DA8615E0FEF7EFFB0246BB69D31A71
:100F90003A689A4203D83B68B3F1FF3F02D13B68FD
:100FA000002B06D10323FB77FB68012283F8512035
:100FB00029E0FB68DB8E9BB2002BC9D1BA69396886
:100FC000F86800F0DFFB0346002B02D0FB6820220C
:100FD0005A65FB689B68002B0AD100233B61FB68C4
:100FE0001B68DB683B61FB681B689B683B613B6976
:100FF000FB685B6D002B02D00123FB7703E0FB68ED
:10100000012283F85120FB68002283F85020FB7FE7
:1010100018462037BD4680BD80B588B002AFF86065
:10102000B9603B601346FB800023FB75FB6893F8B7
:101030005130DBB2012B02D00223FB75FBE0FB68D1
:101040005B68B3F5827F12D1FB689B68002B0ED1E1
:10105000FB68042283F85120FA883B68009313460A
:10106000BA68B968F86800F0EFF80346E8E0FB6892
:1010700093F85030012B01D10223E1E0FB680122FB
:1010800083F85020FEF770FB3861BB68002B02D05C
:10109000FB88002B02D10123FB75CCE0FB68042206
:1010A00083F85120FB6800225A65FB68BA689A638E
:1010B000FB68FA889A87FB68FA88DA87FB6800225F
:1010C0001A63FB6800229A86FB680022DA86FB68B6
:1010D00000221A64FB6800225A64FB689B68B3F51F
:1010E000004F0FD1FB681B681A68FB681B6822F071
:1010F00040021A60FB681B681A68FB681B6822F4D0
:1011000080421A60FB681B681B6803F04003402B99
:1011100007D0FB681B681A68FB681B6842F0400236
:101120001A60FB68DB68002B6AD132E0FB681B6841
:101130009B6803F00103012B15D1FB681B6803F1C9
:101140000C02FB689B6B1278D2B21A70FB689B6B27
:101150005A1CFB689A63FB68DB8F9BB2013B9AB217
:10116000FB68DA8715E0FEF7FFFA02463B69D31AFF
:101170003A689A4203D83B68B3F1FF3F02D13B681B
:10118000002B06D10323FB75FB68012283F8512055
:1011900051E0FB68DB8F9BB2002BC7D135E0FB68C9
:1011A0001B689B6803F00103012B13D1FB681B68CC
:1011B000DA68FB689B6B92B21A80FB689B6B9A1C87
:1011C000FB689A63FB68DB8F9BB2013B9AB2FB68BA
:1011D000DA8715E0FEF7C8FA02463B69D31A3A6887
:1011E0009A4203D83B68B3F1FF3F02D13B68002B22
:1011F00006D10323FB75FB68012283F851201AE016
:10120000FB68DB8F9BB2002BC9D13A693968F8685B
:1012100000F052FA0346002B02D0FB6820225A65E8
:10122000FB685B6D002B02D00123FB7503E0FB68BC
:10123000012283F85120FB68002283F85020FB7DB7
:1012400018461837BD4680BD80B58CB000AFF86039
:10125000B9607A607B800123FB62002387F82B3022
:10126000FB6893F85030012B01D1022398E1FB6811
:10127000012283F85020FEF777FA7862FB6893F832
:10128000513087F82330FB685B68FB617B887B8388
:1012900097F82330012B0FD0FB69B3F5827F07D17C
:1012A000FB689B68002B03D197F82330042B03D0F5
:1012B000022387F82B306DE1BB68002B05D07B68DB
:1012C000002B02D07B88002B03D1012387F82B3021
:1012D00060E1FB6893F85130DBB2042B03D0FB686C
:1012E000052283F85120FB6800225A65FB687A6862
:1012F0009A63FB687A88DA87FB687A889A87FB6842
:10130000BA681A63FB687A88DA86FB687A889A86F4
:10131000FB6800221A64FB6800225A64FB681B68A1
:101320001B6803F04003402B07D0FB681B681A685A
:10133000FB681B6842F040021A60FB68DB68B3F58B
:10134000006F7CD1FB685B68002B02D07B8B012B8C
:101350006AD1FB681B6B1A88FB681B68DA60FB6844
:101360001B6B9A1CFB681A63FB68DB8E9BB2013B0C
:101370009AB2FB68DA8657E0FB681B689B6803F04B
:101380000203022B1BD1FB68DB8E9BB2002B16D015
:10139000FB6A012B13D1FB681B6B1A88FB681B6867
:1013A000DA60FB681B6B9A1CFB681A63FB68DB8EB8
:1013B0009BB2013B9AB2FB68DA860023FB62FB68B2
:1013C0001B689B6803F00103012B19D1FB68DB8FBD
:1013D0009BB2002B14D0FB681B68DA68FB689B6B20
:1013E00092B21A80FB689B6B9A1CFB689A63FB683D
:1013F000DB8F9BB2013B9AB2FB68DA870123FB6269
:10140000FEF7B2F902467B6AD31ABA6B9A420BD83E
:10141000BB6BB3F1FF3F07D0032387F82B30FB688A
:10142000012283F85120B5E0FB68DB8E9BB2002BD4
:10143000A2D1FB68DB8F9BB2002B9DD180E0FB68C3
:101440005B68002B02D07B8B012B6FD1FB681A6B82
:10145000FB681B680C3312781A70FB681B6B5A1CF4
:10146000FB681A63FB68DB8E9BB2013B9AB2FB6898
:10147000DA865BE0FB681B689B6803F00203022BC3
:101480001CD1FB68DB8E9BB2002B17D0FB6A012BB3
:1014900014D1FB681A6BFB681B680C3312781A7046
:1014A000FB681B6B5A1CFB681A63FB68DB8E9BB2E4
:1014B000013B9AB2FB68DA860023FB62FB681B687B
:1014C0009B6803F00103012B19D1FB68DB8F9BB2F2
:1014D000002B14D0FB681B68DA68FB689B6BD2B2E8
:1014E0001A70FB689B6B5A1CFB689A63FB68DB8F66
:1014F0009BB2013B9AB2FB68DA870123FB62FEF7DD
:1015000033F902467B6AD31ABA6B9A4203D8BB6B93
:10151000B3F1FF3F02D1BB6B002B07D1032387F848
:101520002B30FB68012283F8512033E0FB68DB8E0F
:101530009BB2002B9ED1FB68DB8F9BB2002B99D115
:101540007A6AB96BF86800F01DF90346002B06D0E3
:10155000012387F82B30FB6820225A651AE0FB68CC
:101560009B68002B0AD100237B61FB681B68DB684A
:101570007B61FB681B689B687B617B69FB685B6DBB
:10158000002B03D0012387F82B3003E0FB680122F6
:1015900083F85120FB68002283F8502097F82B3005
:1015A00018463037BD4680BD80B588B000AFF860C2
:1015B000B9603B601346FB71FEF7D6F80246BB6A82
:1015C0009B1A3A681344FB61FEF7CEF8B861394BB9
:1015D0001B685B011B0DFA6902FB03F37B6154E09E
:1015E0003B68B3F1FF3F50D0FEF7BEF80246BB693F
:1015F000D31AFA699A4202D9FB69002B3DD1FB68E4
:101600001B685A68FB681B6822F0E0025A60FB689E
:101610005B68B3F5827F11D1FB689B68B3F5004F1F
:1016200004D0FB689B68B3F5806F07D1FB681B682B
:101630001A68FB681B6822F040021A60FB689B6A0C
:10164000B3F5005F0FD1FB681B681A68FB681B6865
:1016500022F400521A60FB681B681A68FB681B685A
:1016600042F400521A60FB68012283F85120FB68A3
:10167000002283F85020032317E07B69002B01D15F
:101680000023FB617B69013B7B61FB681B689A68F7
:10169000BB681340BA689A420CBF01230023DBB237
:1016A0001A46FB799A429BD1002318462037BD4643
:1016B00080BD00BF5800002080B586B002AFF86042
:1016C000B9607A60FB685B68B3F5827F11D1FB6813
:1016D0009B68B3F5004F04D0FB689B68B3F5806F3F
:1016E00007D1FB681B681A68FB681B6822F0400280
:1016F0001A60FB685B68B3F5827F2AD1FB689B6840
:10170000B3F5806F12D07B680093BB680022802104
:10171000F868FFF749FF0346002B2DD0FB685B6D8F
:1017200043F02002FB685A65032326E07B680093A0
:10173000BB6800220121F868FFF736FF0346002B43
:101740001AD0FB685B6D43F02002FB685A650323E7
:1017500013E07B680093BB6800220121F868FFF763
:1017600023FF0346002B07D0FB685B6D43F020028C
:10177000FB685A65032300E0002318461037BD4676
:1017800080BD000080B588B002AFF860B9607A60B3
:101790007B680093BB6801220221F868FFF704FF11
:1017A0000346002B07D0FB685B6D43F02002FB680B
:1017B0005A65032332E01B4B1B681B4AA2FB032321
:1017C0005B0D4FF47A7202FB03F37B61FB685B688D
:1017D000B3F5827F12D17B680093BB680022802121
:1017E000F868FFF7E1FE0346002B16D0FB685B6D3F
:1017F00043F02002FB685A6503230FE07B69002B4E
:101800000AD07B69013B7B61FB681B689B6803F026
:101810008003802BF2D000E000BF00231846183769
:10182000BD4680BD58000020819F5E1680B582B005
:1018300000AF78607B68002B01D1012342E07B6818
:1018400093F84130DBB2002B06D17B68002283F88D
:1018500040207868F2F704FA7B68242283F841205C
:101860007B681B68DA687B681B6822F40052DA60C8
:10187000786801F069F97B681B681A697B681B68E6
:1018800022F490421A617B681B685A697B681B6866
:1018900022F02A025A617B681B68DA687B681B6841
:1018A00042F40052DA607B6800225A647B6820228E
:1018B00083F841207B68202283F842207B68002245
:1018C0005A63002318460837BD4680BD80B58AB0EC
:1018D00002AFF860B9603B601346FB8000237B6178
:1018E000FB6893F84130DBB2202B75D1BB68002B2D
:1018F00002D0FB88002B01D101236EE0FB6800229F
:101900005A64FB68212283F84120FDF72DFF78619E
:10191000FB68FA889A84FB68FA88DA84FB689B681B
:10192000B3F5805F08D1FB681B69002B04D100234D
:10193000FB61BB68BB6103E0BB68FB610023BB616B
:101940002EE03B6800937B6900228021F86800F05C
:1019500008FE0346002B05D0FB68202283F84120B7
:1019600003233AE0FB69002B0BD1BB691B881A46A5
:10197000FB681B68C2F308025A60BB690233BB6193
:1019800007E0FB691A78FB681B685A60FB69013342
:10199000FB61FB68DB8C9BB2013B9AB2FB68DA848B
:1019A000FB68DB8C9BB2002BCBD13B6800937B693F
:1019B00000224021F86800F0D4FD0346002B05D03A
:1019C000FB68202283F84120032306E0FB682022E5
:1019D00083F84120002300E0022318462037BD464B
:1019E00080BD000080B58CB000AFF860B9601346D0
:1019F000FB80FB6893F84130DBB2202B56D1BB68EB
:101A0000002B02D0FB88002B01D101234FE0BA68E4
:101A1000FB681A62FB68FA889A84FB68FA88DA84A1
:101A2000FB6800225A64FB68212283F84120FB688E
:101A30009B6B214ADA63FB689B6B204A1A64FB6844
:101A40009B6B1F4ADA64FB689B6B00221A6507F1E7
:101A50000803FB62FB68986BFB6A1968FB681B68EC
:101A600004331A46FB88FDF713FAFB681B686FF016
:101A700040021A60FB681B681433BB61BB6953E802
:101A8000003F7B617B6943F08003BB62FB681B689E
:101A90001433BA6A7A623B62396A7A6A41E800238F
:101AA000FB61FB69002BE5D1002300E0022318460F
:101AB0003037BD4680BD00BFB12202084B2302086B
:101AC000CF24020880B590B000AF78600023FB639C
:101AD0007B681B685B6903F08003802B0CBF0123CC
:101AE0000023DBB2FB637B6893F84130DBB2212B30
:101AF00028D1FB6B002B25D07B681B6814337B62DD
:101B00007B6A53E8003F3B623B6A23F08003BB6380
:101B10007B681B681433BA6B3A63FB62F96A3A6BF1
:101B200041E80023BB62BB6A002BE5D17B689B6B5D
:101B3000002B04D07B689B6B1846FDF701FA786890
:101B400000F03CFE7B681B685B6903F04003402BA0
:101B50000CBF01230023DBB2FB637B6893F84230A8
:101B6000DBB2222B28D1FB6B002B25D07B681B68B6
:101B700014333B613B6953E8003FFB60FB6823F093
:101B800040037B637B681B6814337A6BFA61BB612B
:101B9000B969FA6941E800237B617B69002BE5D1D3
:101BA0007B68DB6B002B04D07B68DB6B1846FDF792
:101BB000C7F9786800F02AFE002318464037BD4672
:101BC00080BD80B58CB000AFF860B9601346FB8073
:101BD000FB6893F84230DBB2202B4AD1BB68002B64
:101BE00002D0FB88002B01D1012343E0FB680122D6
:101BF0001A63FB6800225A63FB881A46B968F868C2
:101C000000F008FD034687F82F3097F82F30002B9F
:101C10002CD1FB681B6B012B25D100233B61FB689A
:101C20001B681B683B61FB681B685B683B613B6929
:101C3000FB681B680C33BB61BB6953E8003F7B61E9
:101C40007B6943F01003BB62FB681B680C33BA6A04
:101C50007A623B62396A7A6A41E80023FB61FB6978
:101C6000002BE5D102E0012387F82F3097F82F30C1
:101C700000E0022318463037BD4680BD80B58CB0E9
:101C800000AFF860B9601346FB80FB6893F8423000
:101C9000DBB2202B4AD1BB68002B02D0FB88002B83
:101CA00001D1012343E0FB6801221A63FB68002293
:101CB0005A63FB881A46B968F86800F0E5FC0346E9
:101CC00087F82F3097F82F30002B2CD1FB681B6B37
:101CD000012B25D100233B61FB681B681B683B611E
:101CE000FB681B685B683B613B69FB681B680C33E6
:101CF000BB61BB6953E8003F7B617B6943F0100324
:101D0000BB62FB681B680C33BA6A7A623B62396A51
:101D10007A6A41E80023FB61FB69002BE5D102E010
:101D2000012387F82F3097F82F3000E00223184660
:101D30003037BD4680BD80B483B000AF78607B682B
:101D40005B6B18460C37BD465DF8047B704700009E
:101D500080B5BAB000AF78607B681B681B68C7F8B5
:101D6000E4307B681B68DB68C7F8E0307B681B6881
:101D70005B69C7F8DC300023C7F8D8300023C7F808
:101D8000D430D7F8E43003F00F03C7F8D830D7F8D1
:101D9000D830002B0FD1D7F8E43003F02003002B0C
:101DA00009D0D7F8E03003F02003002B03D0786887
:101DB00000F00BFE5BE2D7F8D830002B00F0DE809D
:101DC000D7F8DC3003F00103002B06D1D7F8E03060
:101DD00003F49073002B00F0D180D7F8E43003F0C7
:101DE0000103002B0BD0D7F8E03003F48073002BF5
:101DF00005D07B685B6C43F001027B685A64D7F8BE
:101E0000E43003F00403002B0BD0D7F8DC3003F0F0
:101E10000103002B05D07B685B6C43F002027B68FA
:101E20005A64D7F8E43003F00203002B0BD0D7F844
:101E3000DC3003F00103002B05D07B685B6C43F0C2
:101E400004027B685A64D7F8E43003F00803002BDF
:101E500011D0D7F8E03003F02003002B05D1D7F8DC
:101E6000DC3003F00103002B05D07B685B6C43F092
:101E700008027B685A647B685B6C002B00F0F2817F
:101E8000D7F8E43003F02003002B08D0D7F8E03077
:101E900003F02003002B02D0786800F096FD7B68E9
:101EA0001B685B6903F04003402B0CBF0123002338
:101EB000DBB2C7F8D4307B685B6C03F00803002BFF
:101EC00003D1D7F8D430002B4FD0786800F09EFCB7
:101ED0007B681B685B6903F04003402B41D17B6842
:101EE0001B681433C7F89C30D7F89C3053E8003F88
:101EF000C7F89830D7F8983023F04003C7F8D030AF
:101F00007B681B681433D7F8D020C7F8A820C7F81F
:101F1000A430D7F8A410D7F8A82041E80023C7F8C8
:101F2000A030D7F8A030002BD9D17B68DB6B002B19
:101F300013D07B68DB6B7E4A1A657B68DB6B1846C7
:101F4000FDF76EF80346002B16D07B68DB6B1B6D2C
:101F50007A68D26B104698470EE0786800F09EF9D8
:101F60000AE0786800F09AF906E0786800F096F9DF
:101F70007B6800225A6475E100BF73E17B681B6BCC
:101F8000012B40F04F81D7F8E43003F01003002B11
:101F900000F04881D7F8E03003F01003002B00F088
:101FA00041810023BB607B681B681B68BB607B684A
:101FB0001B685B68BB60BB687B681B685B6903F080
:101FC0004003402B40F0B6807B68DB6B1B685B688E
:101FD000A7F8BE30B7F8BE30002B00F045817B6813
:101FE0009B8DB7F8BE209A4280F03E817B68B7F89F
:101FF000BE20DA857B68DB6BDB69B3F5807F00F0A0
:1020000088807B681B680C33C7F88830D7F8883025
:1020100053E8003FC7F88430D7F8843023F4807346
:10202000C7F8B8307B681B680C33D7F8B820C7F8FE
:102030009420C7F89030D7F89010D7F8942041E852
:102040000023C7F88C30D7F88C30002BD9D17B68AF
:102050001B6814337B677B6F53E8003F3B673B6F24
:1020600023F00103C7F8B4307B681B681433D7F83A
:10207000B420C7F88020FB67F96FD7F8802041E8CB
:102080000023BB67BB6F002BE1D17B681B68143357
:102090003B663B6E53E8003FFB65FB6D23F040035E
:1020A000C7F8B0307B681B681433D7F8B020FA66E5
:1020B000BB66B96EFA6E41E800237B667B6E002B2F
:1020C000E3D17B68202283F842207B6800221A63D8
:1020D0007B681B680C33FB64FB6C53E8003FBB64FC
:1020E000BB6C23F01003C7F8AC307B681B680C3363
:1020F000D7F8AC20BA657B65796DBA6D41E80023ED
:102100003B653B6D002BE3D17B68DB6B1846FCF72E
:1021100017FF7B6802225A637B689A8D7B68DB8D90
:102120009BB2D31A9BB219467868EFF78BF99BE004
:10213000D32802087B689A8D7B68DB8D9BB2D31A0B
:10214000A7F8CE307B68DB8D9BB2002B00F08E8031
:10215000B7F8CE30002B00F089807B681B680C3309
:10216000BB63BB6B53E8003F7B637B6B23F49073D3
:10217000C7F8C8307B681B680C33D7F8C8207A646E
:102180003B64396C7A6C41E80023FB63FB6B002BEA
:10219000E3D17B681B6814337B627B6A53E8003FA2
:1021A0003B623B6A23F00103C7F8C4307B681B68BD
:1021B0001433D7F8C4203A63FB62F96A3A6B41E8FA
:1021C0000023BB62BB6A002BE3D17B68202283F82B
:1021D00042207B6800221A637B681B680C333B61DA
:1021E0003B6953E8003FFB60FB6823F01003C7F82E
:1021F000C0307B681B680C33D7F8C020FA61BB6124
:10220000B969FA6941E800237B617B69002BE3D15E
:102210007B6802225A63B7F8CE3019467868EFF728
:1022200011F923E0D7F8E43003F08003002B09D044
:10223000D7F8E03003F08003002B03D0786800F07B
:102240005CFB14E0D7F8E43003F04003002B0ED021
:10225000D7F8E03003F04003002B08D0786800F096
:102260009CFB04E000BF02E000BF00E000BFE837D5
:10227000BD4680BD80B483B000AF786000BF0C372E
:10228000BD465DF8047B704780B483B000AF7860D2
:1022900000BF0C37BD465DF8047B704780B483B047
:1022A00000AF786000BF0C37BD465DF8047B704717
:1022B00080B590B000AF78607B689B6BFB637B68F8
:1022C0001B681B6803F48073002B37D1FB6B002263
:1022D000DA84FB6B1B6814337B627B6A53E8003F34
:1022E0003B623B6A23F08003BB63FB6B1B681433C8
:1022F000BA6B3A63FB62F96A3A6B41E80023BB624E
:10230000BB6A002BE5D1FB6B1B680C333B613B695F
:1023100053E8003FFB60FB6843F040037B63FB6BCB
:102320001B680C337A6BFA61BB61B969FA6941E8E1
:1023300000237B617B69002BE5D102E0F86BEFF7AE
:10234000BFF900BF4037BD4680BD80B584B000AF47
:1023500078607B689B6BFB60F868FFF78BFF00BFC2
:102360001037BD4680BD80B59CB000AF78607B68FB
:102370009B6BFB667B681B681B6803F48073002BF8
:1023800072D1FB6E0022DA85FB6E1B680C33FB6496
:10239000FB6C53E8003FBB64BB6C23F48073BB66EB
:1023A000FB6E1B680C33BA6EBA657B65796DBA6DCE
:1023B00041E800233B653B6D002BE5D1FB6E1B68BC
:1023C0001433BB63BB6B53E8003F7B637B6B23F031
:1023D00001037B66FB6E1B6814337A6E7A643B6480
:1023E000396C7A6C41E80023FB63FB6B002BE5D171
:1023F000FB6E1B6814337B627B6A53E8003F3B62D1
:102400003B6A23F040033B66FB6E1B6814333A6E55
:102410003A63FB62F96A3A6B41E80023BB62BB6A2C
:10242000002BE5D1FB6E202283F84220FB6E1B6B54
:10243000012B19D1FB6E1B680C333B613B6953E8E0
:10244000003FFB60FB6823F01003FB65FB6E1B681D
:102450000C33FA6DFA61BB61B969FA6941E800238E
:102460007B617B69002BE5D1FB6E00225A63FB6E1A
:102470001B6B012B06D1FB6E9B8D1946F86EEEF798
:10248000E1FF02E0F86EEFF703F900BF7037BD46D9
:1024900080BD80B584B000AF78607B689B6BFB60CB
:1024A000FB6801225A63FB681B6B012B08D1FB6898
:1024B0009B8D5B089BB21946F868EEF7C3FF02E0FC
:1024C000F868FFF7E1FE00BF1037BD4680BD80B55C
:1024D00084B000AF78600023FB607B689B6BBB60BF
:1024E000BB681B685B6903F08003802B0CBF012372
:1024F0000023DBB2FB60BB6893F84130DBB2212BD9
:1025000008D1FB68002B05D0BB680022DA84B868CC
:1025100000F054F9BB681B685B6903F04003402B73
:102520000CBF01230023DBB2FB60BB6893F8423091
:10253000DBB2222B08D1FB68002B05D0BB68002240
:10254000DA85B86800F062F9BB685B6C43F0100292
:10255000BB685A64B868FFF7A1FE00BF1037BD46DC
:1025600080BD80B586B000AFF860B9603B601346AF
:10257000FB713BE03B6AB3F1FF3F37D0FDF7F4F866
:1025800002463B68D31A3A6A9A4202D33B6A002B4E
:1025900001D103233AE0FB681B68DB6803F0040306
:1025A000002B23D0BB68802B20D0BB68402B1DD0D4
:1025B000FB681B681B6803F00803082B16D1002377
:1025C0007B61FB681B681B687B61FB681B685B6841
:1025D0007B617B69F86800F019F9FB6808225A648E
:1025E000FB68002283F8402001230FE0FB681B6892
:1025F0001A68BB681340BA689A420CBF01230023D3
:10260000DBB21A46FB799A42B4D000231846183739
:10261000BD4680BD80B485B000AFF860B960134698
:10262000FB80FB68BA689A62FB68FA889A85FB6847
:10263000FA88DA85FB6800225A64FB68222283F854
:102640004220FB681B69002B07D0FB681B68DA6817
:10265000FB681B6842F48072DA60FB681B685A6989
:10266000FB681B6842F001025A61FB681B68DA686C
:10267000FB681B6842F02002DA600023184614371A
:10268000BD465DF8047B704780B598B000AFF86038
:10269000B9601346FB80BA68FB689A62FB68FA88E7
:1026A0009A85FB6800225A64FB68222283F8422044
:1026B000FB68DB6B3E4ADA63FB68DB6B3D4A1A64FE
:1026C000FB68DB6B3C4ADA64FB68DB6B00221A6553
:1026D00007F10803FB65FB68D86BFB681B680433D4
:1026E0001946FB6D1A68FB88FCF7D2FB00233B619F
:1026F000FB681B681B683B61FB681B685B683B6190
:102700003B69FB681B69002B19D0FB681B680C3305
:102710003B643B6C53E8003FFB63FB6B43F480730B
:10272000BB65FB681B680C33BA6DFA64BB64B96C9B
:10273000FA6C41E800237B647B6C002BE5D1FB68DD
:102740001B681433FB62FB6A53E8003FBB62BB6A41
:1027500043F001037B65FB681B6814337A6DBA6331
:102760007B63796BBA6B41E800233B633B6B002BC7
:10277000E5D1FB681B681433BB61BB6953E8003FBC
:102780007B617B6943F040033B65FB681B68143346
:102790003A6D7A623B62396A7A6A41E80023FB61EA
:1027A000FB69002BE5D1002318466037BD4680BD8C
:1027B0006723020893240208CF24020880B489B05A
:1027C00000AF78607B681B680C33FB60FB6853E8E4
:1027D000003FBB60BB6823F0C003FB617B681B68E4
:1027E0000C33FA69BA617B617969BA6941E80023FF
:1027F0003B613B69002BE5D17B68202283F84120B7
:1028000000BF2437BD465DF8047B704780B495B0A7
:1028100000AF78607B681B680C337B637B6B53E88D
:10282000003F3B633B6B23F49073FB647B681B6846
:102830000C33FA6C3A64FB63F96B3A6C41E80023A1
:10284000BB63BB6B002BE5D17B681B6814333B6219
:102850003B6A53E8003FFB61FB6923F00103BB6463
:102860007B681B681433BA6CFA62BB62B96AFA6A95
:1028700041E800237B627B6A002BE5D17B681B6B00
:10288000012B19D17B681B680C33FB60FB6853E894
:10289000003FBB60BB6823F010037B647B681B6850
:1028A0000C337A6CBA617B617969BA6941E80023BB
:1028B0003B613B69002BE5D17B68202283F84220F5
:1028C0007B6800221A6300BF5437BD465DF8047B65
:1028D000704780B584B000AF78607B689B6BFB600D
:1028E000FB680022DA85FB680022DA84F868FFF7CB
:1028F000D5FC00BF1037BD4680BD80B485B000AFA9
:1029000078607B6893F84130DBB2212B3ED17B6845
:102910009B68B3F5805F14D17B681B69002B10D1D5
:102920007B681B6AFB60FB681B881A467B681B6818
:10293000C2F308025A607B681B6A9A1C7B681A62A1
:1029400008E07B681B6A591C7A6811621A787B68F8
:102950001B685A607B68DB8C9BB2013B9BB27A6838
:102960001946D184002B0FD17B681B68DA687B681D
:102970001B6822F08002DA607B681B68DA687B687B
:102980001B6842F04002DA60002300E00223184690
:102990001437BD465DF8047B704780B582B000AF48
:1029A00078607B681B68DA687B681B6822F04002ED
:1029B000DA607B68202283F841207868EEF780FE99
:1029C000002318460837BD4680BD80B58CB000AFE7
:1029D00078607B6893F84230DBB2222B40F0AE8007
:1029E0007B689B68B3F5805F17D17B681B69002B00
:1029F00013D10023FB627B689B6ABB627B681B6808
:102A00005B689BB2C3F308039AB2BB6A1A807B6807
:102A10009B6A9A1C7B689A6226E07B689B6AFB62D1
:102A20000023BB627B689B68B3F5805F07D07B683F
:102A30009B68002B0AD17B681B69002B06D17B6841
:102A40001B685B68DAB2FB6A1A7008E07B681B6877
:102A50005B68DBB203F07F03DAB2FB6A1A707B6853
:102A60009B6A5A1C7B689A627B68DB8D9BB2013B38
:102A70009BB27A681946D185002B5DD17B681B68B3
:102A8000DA687B681B6822F02002DA607B681B68CA
:102A9000DA687B681B6822F48072DA607B681B68E6
:102AA0005A697B681B6822F001025A617B68202208
:102AB00083F842207B6800225A637B681B6B012BE2
:102AC00035D17B6800221A637B681B680C337B61FD
:102AD0007B6953E8003F3B613B6923F010037B6255
:102AE0007B681B680C337A6A3A62FB61F9693A6A5F
:102AF00041E80023BB61BB69002BE5D17B681B6803
:102B00001B6803F01003102B0AD10023FB607B68C5
:102B10001B681B68FB607B681B685B68FB60FB686D
:102B20007B689B8D19467868EEF78CFC02E078682C
:102B3000EEF7AEFD002302E0002300E0022318467A
:102B40003037BD4680BD00002DE9B04FC0B000AFAA
:102B5000C7F8F400D7F8F4301B681B6923F4405021
:102B6000D7F8F430D968D7F8F4301A6840EA01038E
:102B70001361D7F8F4309A68D7F8F4301B691A4318
:102B8000D7F8F4305B691A43D7F8F430DB691343A4
:102B9000C7F8F830D7F8F4301B68DB6823F4164127
:102BA00021F00C01D7F8F4301A68D7F8F8300B434D
:102BB000D360D7F8F4301B685B6923F44070D7F812
:102BC000F4309969D7F8F4301A6840EA0103536188
:102BD000D7F8F4301A688F4B9A4205D0D7F8F43002
:102BE0001A688D4B9A4204D1FBF7B4FBC7F8FC007E
:102BF00003E0FBF79BFBC7F8FC00D7F8F430DB6978
:102C0000B3F5004F40F00C81D7F8FC300022C7F834
:102C1000E830C7F8EC20D7E93A4522462B46911810
:102C2000B9655B41FB65D7E91623214612EB010824
:102C3000294643EB01094FF000024FF000034FEA31
:102C4000C90343EA58734FEAC8029046994623469F
:102C500018EB0303C7F8E0302B4649EB0303C7F832
:102C6000E430D7F8F4305B680022C7F8D830C7F8F2
:102C7000DC20D7E936120B46DB183B65134642EBE6
:102C800003037B65D7E91423D7E93801EEF744F84D
:102C900002460B46614BA3FB02235B091C01D7F8DC
:102CA000FC300022C7F8D030C7F8D420D7E93489E7
:102CB00042464B469118B9645B41FB64D7E9122345
:102CC000414612EB010A494643EB010B4FF000026B
:102CD0004FF000034FEACB0343EA5A734FEACA02AC
:102CE00092469B4643461AEB0303C7F8C8304B464F
:102CF0004BEB0303C7F8CC30D7F8F4305B68002205
:102D0000C7F8C030C7F8C420D7E930120B46DB182B
:102D10003B64134642EB03037B64D7E91023D7E9F6
:102D20003201EDF7F9FF02460B4611463B4BA3FB80
:102D300001235B09642202FB03F3CB1ADB0003F1DE
:102D40003202364BA3FB02235B095B0003F4F873EA
:102D50001C44D7F8FC300022C7F8B830C7F8BC20B4
:102D6000D7E92E8942464B469118B9635B41FB6314
:102D7000D7E90E2341465118396349464B417B63DD
:102D80004FF000024FF00003D7E90CAB5946CB00DF
:102D9000514643EA51735146CA001046194603464C
:102DA00042469B18C7F8B0304B460A4642EB030335
:102DB000C7F8B430D7F8F4305B680022C7F8A83001
:102DC000C7F8AC20D7E92A120B46DB18BB621346C2
:102DD00042EB0303FB62D7E90A23D7E92C01EDF7A5
:102DE0009BFF02460B460D4BA3FB02135B096421BC
:102DF00001FB03F3D31ADB003233084AA2FB03239F
:102E00005B0903F00702D7F8F4301B6822449A608C
:102E100006E100BF00100140001401401F85EB5186
:102E2000D7F8FC300022C7F8A030C7F8A420D7E9B3
:102E3000288942464B46911839625B417B62D7E94B
:102E4000082341465418494643EB01054FF0000260
:102E50004FF00003EB0043EA5473E20014461D46B2
:102E60004346E318C7F898304B4645EB0303C7F8D1
:102E70009C30D7F8F4305B680022C7F89030C7F870
:102E800094204FF000024FF00003D7E92445294673
:102E90008B00214643EA917321468A00D7E9260137
:102EA000EDF73AFF02460B46604BA3FB02235B099A
:102EB0001C01D7F8FC300022C7F88830C7F88C20F6
:102EC000D7E9228942464B469118B9615B41FB61C3
:102ED000D7E9062341465118396149464B417B6188
:102EE0004FF000024FF00003D7E904AB5946CB0086
:102EF000514643EA51735146CA00104619460346EB
:102F000042469B18C7F880304B460A4642EB030303
:102F1000C7F88430D7F8F4305B680022BB67FA67E3
:102F20004FF000024FF00003D7E91E8949468B009D
:102F3000414643EA917341468A00D7E92001EDF703
:102F4000EBFE02460B461146384BA3FB01235B09FF
:102F5000642202FB03F3CB1A1B013233334AA2FB78
:102F600003235B0903F0F0031C44D7F8FC30002274
:102F70003B677A67D7E91C8942464B469118B9608E
:102F80005B41FB60D7E9022341465118396049464D
:102F90004B417B604FF000024FF00003D7E900ABDC
:102FA0005946CB00514643EA51735146CA00104678
:102FB0001946034642469B18BB664B460A4642EBFF
:102FC0000303FB66D7F8F4305B6800223B667A6641
:102FD0004FF000024FF00003D7E9188949468B00F3
:102FE000414643EA917341468A00D7E91A01EDF759
:102FF00093FE02460B460D4BA3FB02135B096421B3
:1030000001FB03F3D31A1B013233084AA2FB03234B
:103010005B0903F00F02D7F8F4301B6822449A6072
:1030200000BF07F58077BD46BDE8B08F1F85EB5127
:1030300080B483B000AF78607B6803F108027B68DE
:103040005A607B684FF0FF329A607B6803F1080298
:103050007B68DA607B6803F108027B681A617B6831
:1030600000221A6000BF0C37BD465DF8047B704734
:1030700080B483B000AF78607B6800221A6100BF23
:103080000C37BD465DF8047B704780B485B000AF57
:10309000786039607B685B68FB603B68FA685A60FF
:1030A000FB689A683B689A60FB689B683A685A605C
:1030B000FB683A689A603B687A681A617B681B68AB
:1030C0005A1C7B681A6000BF1437BD465DF8047B4C
:1030D000704780B485B000AF786039603B681B688A
:1030E000BB60BB68B3F1FF3F03D17B681B69FB602A
:1030F0000CE07B680833FB6002E0FB685B68FB6008
:10310000FB685B681B68BA689A42F6D2FB685A682B
:103110003B685A603B685B683A689A603B68FA684B
:103120009A60FB683A685A603B687A681A617B6803
:103130001B685A1C7B681A6000BF1437BD465DF8D7
:10314000047B704780B485B000AF78607B681B69F2
:10315000FB607B685B687A6892689A607B689B68B2
:103160007A6852685A60FB685B687A689A4203D151
:103170007B689A68FB685A607B6800221A61FB686A
:103180001B685A1EFB681A60FB681B6818461437D8
:10319000BD465DF8047B704780B584B000AF7860B1
:1031A00039607B68FB60FB68002B0BD14FF050034C
:1031B00083F31188BFF36F8FBFF34F8FBB6000BFE6
:1031C00000BFFDE702F000FFFB681A68FB68DB6BDD
:1031D000F968096C01FB03F31A44FB689A60FB6809
:1031E00000229A63FB681A68FB685A60FB681A68D9
:1031F000FB68DB6B013BF968096C01FB03F31A44C4
:10320000FB68DA60FB68FF2283F84420FB68FF223A
:1032100083F845203B68002B14D1FB681B69002B09
:103220001AD0FB681033184601F0B8FC0346002B97
:1032300012D00D4B4FF080521A60BFF34F8FBFF387
:103240006F8F09E0FB6810331846FFF7F1FEFB684B
:1032500024331846FFF7ECFE02F0E8FE012318467F
:103260001037BD4680BD00BF04ED00E080B58EB0D4
:1032700002AFF860B9607A603B60FB68002B0BD14D
:103280004FF0500383F31188BFF36F8FBFF34F8F5D
:10329000BB6200BF00BFFDE73B68002B0BD14FF0C6
:1032A000500383F31188BFF36F8FBFF34F8F7B629F
:1032B00000BF00BFFDE77B68002B02D0BB68002B7E
:1032C00001D0012300E00023002B0BD14FF050036D
:1032D00083F31188BFF36F8FBFF34F8F3B6200BF43
:1032E00000BFFDE77B68002B02D1BB68002B01D13A
:1032F000012300E00023002B0BD14FF0500383F398
:103300001188BFF36F8FBFF34F8FFB6100BF00BF0A
:10331000FDE748237B617B69482B0BD04FF05003BE
:1033200083F31188BFF36F8FBFF34F8FBB6100BF73
:1033300000BFFDE77B693B68FB62FB6A002B0DD099
:10334000FB6A012283F8462097F83820FB6A009335
:1033500013467A68B968F86800F040F8FB6A1846C6
:103360003037BD4680BD80B58AB002AFF860B96025
:103370001346FB71FB68002B0BD14FF0500383F316
:103380001188BFF36F8FBFF34F8F3B6100BF00BF4A
:10339000FDE7FB68BA6802FB03F3FB61FB69483396
:1033A000184602F0F5FAB861BB69002B11D0BB6971
:1033B0007B617B6948337B61BB69002283F84620CF
:1033C000FA79BB69009313467A69B968F86800F026
:1033D00005F8BB6918462037BD4680BD80B584B06E
:1033E00000AFF860B9607A60FB70BB68002B03D156
:1033F000BB69BA691A6002E0BB697A681A60BB6986
:10340000FA68DA63BB69BA681A640121B869FFF720
:10341000C3FE00BF1037BD4680BD80B582B000AF8F
:1034200078607B68002B0ED07B6800229A607B68F6
:1034300000221A607B680022DA600023002200214B
:10344000786800F037F800BF0837BD4680BD80B50A
:1034500086B000AF0346FB7101237B6100233B6113
:10346000FB791A4639697869FFF77DFFF860F868DB
:10347000FFF7D3FFFB6818461837BD4680BD80B5FF
:1034800088B002AF03463960FB7101237B610023E2
:103490003B61FB7900933B68002239697869FFF74B
:1034A000E5FEF860F868FFF7B8FFFB6818461837C4
:1034B000BD4680BD80B58EB000AFF860B9607A605F
:1034C0003B6000237B63FB683B633B6B002B0BD1B2
:1034D0004FF0500383F31188BFF36F8FBFF34F8F0B
:1034E000BB6200BF00BFFDE7BB68002B03D13B6B95
:1034F0001B6C002B01D1012300E00023002B0BD11A
:103500004FF0500383F31188BFF36F8FBFF34F8FDA
:103510007B6200BF00BFFDE73B68022B03D13B6B22
:10352000DB6B012B01D1012300E00023002B0BD129
:103530004FF0500383F31188BFF36F8FBFF34F8FAA
:103540003B6200BF00BFFDE701F0EEFC0346002B2D
:1035500002D17B68002B01D1012300E00023002B66
:103560000BD14FF0500383F31188BFF36F8FBFF37C
:103570004F8FFB6100BF00BFFDE702F025FD3B6BF5
:103580009A6B3B6BDB6B9A4202D33B68022B29D1CF
:103590003A68B968386B00F0ABFCF8623B6B5B6A69
:1035A000002B10D03B6B2433184601F0F7FA03468A
:1035B000002B13D03F4B4FF080521A60BFF34F8F58
:1035C000BFF36F8F0AE0FB6A002B07D0394B4FF037
:1035D00080521A60BFF34F8FBFF36F8F02F026FD4A
:1035E000012363E07B68002B03D102F01FFD002361
:1035F0005CE07B6B002B06D107F11403184601F049
:1036000031FB01237B6302F011FD01F0B5F802F0FC
:10361000DBFC3B6B93F844305BB2B3F1FF3F03D16B
:103620003B6B002283F844203B6B93F845305BB240
:10363000B3F1FF3F03D13B6B002283F8452002F03A
:10364000F5FC3A1D07F114031146184601F020FB62
:103650000346002B24D1386B00F042FD0346002BBB
:1036600018D03B6B10337A681146184601F070FA97
:10367000386B00F0CDFC01F08DF80346002B7FF491
:103680007CAF0C4B4FF080521A60BFF34F8FBFF3EB
:103690006F8F72E7386B00F0BBFC01F07BF86CE7D2
:1036A000386B00F0B5FC01F075F800231846383788
:1036B000BD4680BD04ED00E080B590B000AFF8607D
:1036C000B9607A603B60FB68BB63BB6B002B0BD1BE
:1036D0004FF0500383F31188BFF36F8FBFF34F8F09
:1036E000BB6200BF00BFFDE7BB68002B03D1BB6B13
:1036F0001B6C002B01D1012300E00023002B0BD118
:103700004FF0500383F31188BFF36F8FBFF34F8FD8
:103710007B6200BF00BFFDE73B68022B03D1BB6BA0
:10372000DB6B012B01D1012300E00023002B0BD127
:103730004FF0500383F31188BFF36F8FBFF34F8FA8
:103740003B6200BF00BFFDE702F01EFDEFF31182F8
:103750004FF0500383F31188BFF36F8FBFF34F8F88
:10376000FA61BB61FB697B63BB6B9A6BBB6BDB6B09
:103770009A4202D33B68022B2FD1BB6B93F84530A2
:1037800087F83330BB6B9B6BFB623A68B968B86BE8
:1037900000F0AEFB97F93330B3F1FF3F12D1BB6BB2
:1037A0005B6A002B16D0BB6B2433184601F0F6F988
:1037B0000346002B0ED07B68002B0BD07B680122C8
:1037C0001A6007E097F833300133DBB25AB2BB6BB3
:1037D00083F845200123FB6301E00023FB637B6B3F
:1037E0007B617B6983F3118800BFFB6B1846403710
:1037F000BD4680BD80B58EB000AF786039607B6813
:103800003B633B6B002B0BD14FF0500383F31188CC
:10381000BFF36F8FBFF34F8F3B6200BF00BFFDE769
:103820003B6B1B6C002B0BD04FF0500383F31188C4
:10383000BFF36F8FBFF34F8FFB6100BF00BFFDE78A
:103840003B6B1B68002B03D13B6B9B68002B01D1AA
:10385000012300E00023002B0BD14FF0500383F332
:103860001188BFF36F8FBFF34F8FBB6100BF00BFE5
:10387000FDE702F089FCEFF311824FF0500383F370
:103880001188BFF36F8FBFF34F8F7A613B617B6904
:10389000FB623B6B9B6BBB623B6BDB6BBA6A9A4216
:1038A0002BD23B6B93F8453087F82730BB6A5A1C04
:1038B0003B6B9A6397F92730B3F1FF3F12D13B6B13
:1038C0005B6A002B16D03B6B2433184601F066F977
:1038D0000346002B0ED03B68002B0BD03B68012227
:1038E0001A6007E097F827300133DBB25AB23B6B1E
:1038F00083F8452001237B6301E000237B63FB6A9F
:10390000FB60FB6883F3118800BF7B6B1846383778
:10391000BD4680BD80B58CB000AFF860B9607A60FC
:103920000023FB62FB68BB62BB6A002B0BD14FF02C
:10393000500383F31188BFF36F8FBFF34F8F3B6248
:1039400000BF00BFFDE7BB68002B03D1BB6A1B6C47
:10395000002B01D1012300E00023002B0BD14FF0FD
:10396000500383F31188BFF36F8FBFF34F8FFB6159
:1039700000BF00BFFDE701F0D7FA0346002B02D1DC
:103980007B68002B01D1012300E00023002B0BD129
:103990004FF0500383F31188BFF36F8FBFF34F8F46
:1039A000BB6100BF00BFFDE702F00EFBBB6A9B6B73
:1039B0007B627B6A002B1FD0B968B86A00F002FBFB
:1039C0007B6A5A1EBB6A9A63BB6A1B69002B0FD0C5
:1039D000BB6A1033184601F0E1F80346002B07D00C
:1039E0003C4B4FF080521A60BFF34F8FBFF36F8F85
:1039F00002F01CFB012369E07B68002B03D102F07D
:103A000015FB002362E0FB6A002B06D107F11003CF
:103A1000184601F027F90123FB6202F007FB00F0D2
:103A2000ABFE02F0D1FABB6A93F844305BB2B3F15B
:103A3000FF3F03D1BB6A002283F84420BB6A93F89E
:103A400045305BB2B3F1FF3F03D1BB6A002283F87C
:103A5000452002F0EBFA3A1D07F110031146184613
:103A600001F016F90346002B23D1B86A00F022FBBF
:103A70000346002B17D0BB6A24337A6811461846D8
:103A800001F066F8B86A00F0C3FA00F083FE03465E
:103A9000002B89D10F4B4FF080521A60BFF34F8F2C
:103AA000BFF36F8F80E7B86A00F0B2FA00F072FEE1
:103AB0007AE7B86A00F0ACFA00F06CFEB86A00F081
:103AC000F9FA0346002B3FF46FAF00231846303756
:103AD000BD4680BD04ED00E080B58EB000AF7860DB
:103AE000396000237B637B68FB6200233B63FB6AD6
:103AF000002B0BD14FF0500383F31188BFF36F8F6E
:103B0000BFF34F8F3B6200BF00BFFDE7FB6A1B6C3A
:103B1000002B0BD04FF0500383F31188BFF36F8F4E
:103B2000BFF34F8FFB6100BF00BFFDE701F0FCF961
:103B30000346002B02D13B68002B01D1012300E09A
:103B40000023002B0BD14FF0500383F31188BFF3F8
:103B50006F8FBFF34F8FBB6100BF00BFFDE702F067
:103B600033FAFB6A9B6BBB62BB6A002B24D0BB6A37
:103B70005A1EFB6A9A63FB6A1B68002B04D101F092
:103B80007FFB0246FB6A9A60FB6A1B69002B0FD021
:103B9000FB6A1033184601F001F80346002B07D0EA
:103BA000544B4FF080521A60BFF34F8FBFF36F8FAB
:103BB00002F03CFA012398E03B68002B12D13B6BEA
:103BC000002B0BD04FF0500383F31188BFF36F8F9E
:103BD000BFF34F8F7B6100BF00BFFDE702F026FA05
:103BE000002382E07B6B002B06D107F10C03184603
:103BF00001F038F801237B6302F018FA00F0BCFDF5
:103C000002F0E2F9FB6A93F844305BB2B3F1FF3F94
:103C100003D1FB6A002283F84420FB6A93F8453005
:103C20005BB2B3F1FF3F03D1FB6A002283F845206A
:103C300002F0FCF93A4607F10C031146184601F070
:103C400027F80346002B32D1F86A00F033FA034616
:103C5000002B26D0FB6A1B68002B09D102F0B4F9B7
:103C6000FB6A9B68184601F07DF9386302F0DEF9C3
:103C7000FB6A24333A681146184600F069FFF86A77
:103C800000F0C6F900F086FD0346002B7FF467AF15
:103C9000184B4FF080521A60BFF34F8FBFF36F8FF6
:103CA0005DE7F86A00F0B4F900F074FD57E7F86AD0
:103CB00000F0AEF900F06EFDF86A00F0FBF9034683
:103CC000002B3FF44CAF3B6B002B0DD002F07CF986
:103CD000F86A00F0F5F87862FB6A9B68796A184622
:103CE00001F03EFA02F0A2F9002318463837BD462B
:103CF00080BD00BF04ED00E080B58EB000AFF8607D
:103D0000B9607A60FB683B633B6B002B0BD14FF0D3
:103D1000500383F31188BFF36F8FBFF34F8F3B6264
:103D200000BF00BFFDE7BB68002B03D13B6B1B6CE2
:103D3000002B01D1012300E00023002B0BD14FF019
:103D4000500383F31188BFF36F8FBFF34F8FFB6175
:103D500000BF00BFFDE702F017FAEFF311824FF04A
:103D6000500383F31188BFF36F8FBFF34F8FBA6196
:103D70007B61BB69FB623B6B9B6BBB62BB6A002BCD
:103D80002FD03B6B93F8443087F82730B968386BF5
:103D900000F018F9BB6A5A1E3B6B9A6397F92730FB
:103DA000B3F1FF3F12D13B6B1B69002B16D03B6B6D
:103DB0001033184600F0F2FE0346002B0ED07B684D
:103DC000002B0BD07B6801221A6007E097F82730A0
:103DD0000133DBB25AB23B6B83F8442001237B638F
:103DE00001E000237B63FB6A3B613B6983F311883D
:103DF00000BF7B6B18463837BD4680BD80B584B0A8
:103E000000AF78607B68002B0BD14FF0500383F339
:103E10001188BFF36F8FBFF34F8FBB6000BF00BF30
:103E2000FDE702F0D1F87B689B6BFB6002F0FEF8C7
:103E3000FB6818461037BD4680BD80B487B000AF20
:103E400078607B687B617B69002B0BD14FF050035E
:103E500083F31188BFF36F8FBFF34F8FFB6000BFF9
:103E600000BFFDE77B699B6B3B613B6918461C37D4
:103E7000BD465DF8047B704780B584B000AF7860C4
:103E80007B68FB60FB68002B0BD14FF0500383F382
:103E90001188BFF36F8FBFF34F8FBB6000BF00BFB0
:103EA000FDE7F86800F034F9FB6893F84630002B22
:103EB00002D1F86801F03AFE00BF1037BD4680BD60
:103EC00080B485B000AF78607B685B6A002B06D059
:103ED0007B681B6B1B68C3F10703FB6001E00023D9
:103EE000FB60FB6818461437BD465DF8047B7047DD
:103EF00080B586B000AFF860B9607A6000237B615E
:103F0000FB689B6B3B61FB681B6C002B0DD1FB6856
:103F10001B68002B4DD1FB689B68184601F098F890
:103F20007861FB6800229A6043E07B68002B19D11E
:103F3000FB685868FB681B6C1A46B96813F0A3FF4E
:103F4000FB685A68FB681B6C1A44FB685A60FB6884
:103F50005A68FB689B689A422BD3FB681A68FB6817
:103F60005A6026E0FB68D868FB681B6C1A46B96883
:103F700013F089FFFB68DA68FB681B6C5B421A442C
:103F8000FB68DA60FB68DA68FB681B689A4207D254
:103F9000FB689A68FB681B6C5B421A44FB68DA603A
:103FA0007B68022B05D13B69002B02D03B69013BAA
:103FB0003B613B695A1CFB689A637B69184618375A
:103FC000BD4680BD80B582B000AF786039607B6847
:103FD0001B6C002B18D07B68DA687B681B6C1A445A
:103FE0007B68DA607B68DA687B689B689A4203D3F7
:103FF0007B681A687B68DA607B68D9687B681B6CB1
:104000001A46386813F03FFF00BF0837BD4680BD31
:1040100080B584B000AF786001F0D6FF7B6893F87C
:104020004530FB7311E07B685B6A002B12D07B6824
:104030002433184600F0B2FD0346002B01D000F0F7
:104040008BFEFB7B013BDBB2FB7397F90F30002B40
:10405000E9DC00E000BF7B68FF2283F8452001F027
:10406000E5FF01F0B1FF7B6893F84430BB7311E0CA
:104070007B681B69002B12D07B681033184600F058
:104080008DFD0346002B01D000F066FEBB7B013B9B
:10409000DBB2BB7397F90E30002BE9DC00E000BF08
:1040A0007B68FF2283F8442001F0C0FF00BF103777
:1040B000BD4680BD80B584B000AF786001F084FF5C
:1040C0007B689B6B002B02D10123FB6001E0002386
:1040D000FB6001F0ABFFFB6818461037BD4680BDA2
:1040E00080B584B000AF786001F06EFF7B689A6B9A
:1040F0007B68DB6B9A4202D10123FB6001E0002365
:10410000FB6001F093FFFB6818461037BD4680BD89
:1041100080B485B000AF78600023FB6016E0104AE1
:10412000FB68DB0013445B687A689A420BD10C4A47
:10413000FB68002142F83310094AFB68DB00134496
:1041400000225A6006E0FB680133FB60FB68072B26
:10415000E5D900BF00BF1437BD465DF8047B70474A
:104160006CC1002080B58EB004AFF860B9607A6091
:104170003B607B6B002B0BD14FF0500383F3118816
:10418000BFF36F8FBFF34F8F3B6200BF00BFFDE7F0
:10419000BB6B002B0BD14FF0500383F31188BFF39F
:1041A0006F8FBFF34F8FFB6100BF00BFFDE74FF480
:1041B000BC733B613B69B3F5BC7F0BD04FF0500340
:1041C00083F31188BFF36F8FBFF34F8FBB6100BFC5
:1041D00000BFFDE73B69BB6B002B1ED07B6B002B48
:1041E0001BD0BB6B7B627B6A7A6B1A637B6A022291
:1041F00083F87521002303937B6A029307F114036C
:1042000001933B6B00933B687A68B968F86800F0EB
:1042100051F8786A00F016F901E000237B617B69B0
:1042200018462837BD4680BD80B58CB004AFF86015
:10423000B9603B601346FB80FB889B00184601F089
:10424000A7FB78617B69002B0FD04FF4BC7001F0A5
:104250009FFBF861FB69002B03D0FB697A691A6345
:1042600005E0786901F062FC01E00023FB61FB6975
:10427000002B17D0FB69002283F87521FA880023F0
:104280000393FB690293FB6A0193BB6A00933B684B
:10429000B968F86800F00EF8F86900F0D3F8012367
:1042A000BB6102E04FF0FF33BB61BB6918462037AA
:1042B000BD4680BD80B588B000AFF860B9607A6057
:1042C0003B603B6B1A6B7B6803F18043013B9B00B7
:1042D0001344BB61BB6923F00703BB61BB6903F0F7
:1042E0000703002B0BD04FF0500383F31188BFF36B
:1042F0006F8FBFF34F8F7B6100BF00BFFDE7BB68CF
:10430000002B1FD00023FB6112E0BA68FB69134445
:1043100019783A6BFB69134434330A461A70BA6849
:10432000FB6913441B78002B06D0FB690133FB614A
:10433000FB690F2BE9D900E000BF3B6B002283F83B
:10434000432003E03B6B002283F83420BB6A062B3A
:1043500001D90623BB623B6BBA6ADA623B6BBA6A6D
:104360005A643B6B00229A643B6B04331846FEF799
:104370007FFE3B6B18331846FEF77AFE3B6B3A6BB9
:104380001A61BB6AC3F107023B6B9A613B6B3A6BE4
:104390005A623B6B0022C3F870213B6B002283F80A
:1043A00074213B6B50334FF490720021184613F088
:1043B00043FC3B6B204A5A653B6B204A9A653B6B3A
:1043C0001F4ADA65396B4FF001024FF00003C1E973
:1043D0003A233B6B43F20E32A3F8F0203B6B4AF6D4
:1043E000CD32A3F8F2203B6B41F23422A3F8F42043
:1043F0003B6B4EF26D62A3F8F6203B6B4DF6EC6220
:10440000A3F8F8203B6B0522A3F8FA203B6B0B22A4
:10441000A3F8FC203A68F968B86901F0A7FC0246E5
:104420003B6B1A60FB6A002B02D0FB6A3A6B1A6086
:1044300000BF2037BD4680BD148201207C82012050
:10444000E482012080B582B000AF786001F0BCFD4D
:104450002A4B1B680133294A1360294B1B68002B28
:1044600009D1274A7B681360244B1B68012B10D1AC
:1044700000F096FC0DE0234B1B68002B09D1204B6C
:104480001B68DA6A7B68DB6A9A4202D81C4A7B683E
:1044900013601D4B1B6801331B4A13607B68DB6A8A
:1044A00001229A40194B1B681343184A13607B681A
:1044B000DA6A13469B0013449B00154A1A447B6832
:1044C000043319461046FEF7E0FD01F0AFFD0D4B39
:1044D0001B68002B0ED00A4B1B68DA6A7B68DB6A0C
:1044E0009A4207D20B4B4FF080521A60BFF34F8FA6
:1044F000BFF36F8F00BF0837BD4680BDACC2002040
:10450000ACC10020B8C20020C8C20020B4C2002044
:10451000B0C1002004ED00E080B584B000AF786049
:1045200001F052FD7B68002B02D1394B1B6800E083
:104530007B68FB60FB6804331846FEF703FE034606
:10454000002B15D1FB68DA6A324913469B001344ED
:104550009B000B441B68002B0AD1FB68DB6A01221D
:1045600002FA03F3DA432C4B1B6813402A4A136008
:10457000FB689B6A002B04D0FB6818331846FEF7D3
:10458000E1FD264B1B680133244A1360204B1B6856
:10459000FA689A420BD1FB68043319462048FEF7AB
:1045A00074FD204B1B6801331E4A136009E01E4B4B
:1045B0001B68013B1C4A1360F86800F05FFC00F0C8
:1045C00093FC01F033FD194B1B68002B1CD0104BE2
:1045D0001B68FA689A4217D1154B1B68002B0BD049
:1045E0004FF0500383F31188BFF36F8FBFF34F8FEA
:1045F000BB6000BF00BFFDE70E4B4FF080521A605A
:10460000BFF34F8FBFF36F8F00BF1037BD4680BD24
:10461000ACC10020B0C10020B4C20020C8C200203C
:1046200080C2002094C20020ACC20020B8C200208A
:10463000D4C2002004ED00E080B584B000AF786003
:104640000023FB607B68002B18D0144B1B68002BE9
:104650000BD04FF0500383F31188BFF36F8FBFF37C
:104660004F8FBB6000BF00BFFDE700F085F8002161
:10467000786800F019FE00F08DF8F860FB68002BF8
:1046800007D1074B4FF080521A60BFF34F8FBFF333
:104690006F8F00BF1037BD4680BD00BFD4C2002061
:1046A00004ED00E080B58AB004AF0023BB600023B6
:1046B0007B603A46391D07F108031846EDF776F995
:1046C00039687B68BA680292019300230093002343
:1046D0000A4621492148FFF745FD0346204A136059
:1046E0001F4B1B68002B02D001237B6101E00023DC
:1046F0007B617B69012B1BD14FF0500383F3118841
:10470000BFF36F8FBFF34F8F3B6100BF154B1B682B
:104710005033154A1360154B4FF0FF321A60144B9B
:1047200001221A60134B00221A6001F0A9FB0FE06E
:104730007B69B3F1FF3F0BD14FF0500383F3118836
:10474000BFF36F8FBFF34F8FFB6000BF00BFFDE76C
:1047500000BF1837BD4680BDB4C10308714D0208C3
:10476000D0C20020ACC1002010020020CCC200202A
:10477000B8C20020B0C2002080B400AF044B1B6858
:104780000133034A136000BFBD465DF8047B7047E8
:10479000D4C2002080B584B000AF0023FB600023AA
:1047A000BB60424B1B68002B0BD14FF0500383F3CF
:1047B0001188BFF36F8FBFF34F8F3B6000BF00BF07
:1047C000FDE701F001FC394B1B68013B374A1360E0
:1047D000364B1B68002B61D1354B1B68002B5DD01D
:1047E0002EE0344BDB68DB68FB60FB68183318464F
:1047F000FEF7A8FCFB6804331846FEF7A3FCFB6831
:10480000DB6A01229A402C4B1B6813432A4A13602F
:10481000FB68DA6A13469B0013449B00274A1A443C
:10482000FB68043319461046FEF72FFCFB68DA6A72
:10483000234B1B68DB6A9A4202D3224B01221A6087
:104840001C4B1B68002BCCD1FB68002B01D000F067
:104850004BFB1D4B1B687B607B68002B10D000F06E
:1048600059F80346002B02D0164B01221A607B68D0
:10487000013B7B607B68002BF1D1134B00221A6057
:10488000104B1B68002B09D00123BB600F4B4FF06E
:1048900080521A60BFF34F8FBFF36F8F01F0C6FBDA
:1048A000BB6818461037BD4680BD00BFD4C200208B
:1048B000ACC200206CC20020B4C20020B0C10020F5
:1048C000ACC10020C0C20020BCC2002004ED00E04A
:1048D00080B483B000AF054B1B687B607B681846D3
:1048E0000C37BD465DF8047B704700BFB0C20020A6
:1048F00080B582B000AF01F047FC00237B60044B21
:104900001B683B603B6818460837BD4680BD00BF4A
:10491000B0C2002080B586B000AF00237B614F4B52
:104920001B68002B40F08F804D4B1B6801333B61AF
:104930004B4A3B6913603B69002B21D1494B1B68F3
:104940001B68002B0BD04FF0500383F31188BFF38B
:104950006F8FBFF34F8F3B6000BF00BFFDE7414B40
:104960001B68FB60404B1B683E4A13603E4AFB6875
:1049700013603E4B1B6801333C4A136000F0B4FAED
:104980003B4B1B683A699A4248D3364B1B681B68FD
:10499000002B04D1364B4FF0FF321A603EE0314B12
:1049A0001B68DB68DB68BB60BB685B687B603A697F
:1049B0007B689A4203D22E4A7B6813602EE0BB6864
:1049C00004331846FEF7BEFBBB689B6A002B04D07D
:1049D000BB6818331846FEF7B5FBBB68DB6A0122DB
:1049E0009A40244B1B681343224A1360BB68DA6A5F
:1049F00013469B0013449B001F4A1A44BB680433B0
:104A000019461046FEF741FBBB68DA6A1B4B1B6870
:104A1000DB6A9A42B9D301237B61B6E7174B1B6867
:104A2000DA6A154913469B0013449B000B441B682C
:104A3000012B01D901237B61114B1B68002B07D08F
:104A400001237B6104E00F4B1B6801330D4A1360A7
:104A50007B6918461837BD4680BD00BFD4C2002010
:104A6000B0C2002064C2002068C20020C4C200207E
:104A7000CCC20020B4C20020B0C10020ACC10020D4
:104A8000C0C20020BCC2002080B487B000AF2A4B57
:104A90001B68002B03D0294B01221A6045E0274BED
:104AA00000221A60264B1B68FB60FB68B3FA83F395
:104AB000FB72FB7AC3F11F037B6122497A691346BB
:104AC0009B0013449B000B441B68002B0BD14FF041
:104AD000500383F31188BFF36F8FBFF34F8F7B6059
:104AE00000BF00BFFDE77A6913469B0013449B009B
:104AF000144A13443B613B695B685A683B695A60DE
:104B00003B695A683B6908339A4204D13B695B6848
:104B10005A683B695A603B695B68DB680A4A136004
:104B2000094B1B685033094A136000BF1C37BD4650
:104B30005DF8047B704700BFD4C20020C0C20020D3
:104B4000B4C20020B0C10020ACC10020100200207F
:104B500080B584B000AF786039607B68002B0BD1E2
:104B60004FF0500383F31188BFF36F8FBFF34F8F64
:104B7000FB6000BF00BFFDE7074B1B6818331946F9
:104B80007868FEF7A6FA0121386800F08DFB00BFB7
:104B90001037BD4680BD00BFACC1002080B586B0D7
:104BA00000AF78607B68DB68DB683B613B69002BAA
:104BB0000BD14FF0500383F31188BFF36F8FBFF316
:104BC0004F8FFB6000BF00BFFDE73B6918331846FD
:104BD000FEF7B8FA1D4B1B68002B1CD13B69043350
:104BE0001846FEF7AFFA3B69DB6A01229A40184B80
:104BF0001B681343164A13603B69DA6A13469B002D
:104C000013449B00134A1A443B6904331946104667
:104C1000FEF73BFA05E03B69183319460E48FEF7EC
:104C200034FA3B69DA6A0D4B1B68DB6A9A4205D994
:104C300001237B610A4B01221A6001E000237B61A2
:104C40007B6918461837BD4680BD00BFD4C200201E
:104C5000B4C20020B0C100206CC20020ACC1002052
:104C6000C0C2002080B483B000AF7860064B1A68E1
:104C70007B681A60054B1A687B685A6000BF0C3766
:104C8000BD465DF8047B7047C4C20020B0C200205E
:104C900080B588B000AF786039607B68002B0BD19D
:104CA0004FF0500383F31188BFF36F8FBFF34F8F23
:104CB0003B6100BF00BFFDE73B68002B0BD14FF00D
:104CC000500383F31188BFF36F8FBFF34F8FFB60E7
:104CD00000BF00BFFDE701F077F91D4B1B68BB610A
:104CE0007B685B68BA69D31A7B613B681B68B3F168
:104CF000FF3F02D10023FB6123E07B681A68154B5C
:104D00001B689A4207D07B685B68BA699A4202D3F3
:104D10000123FB6115E03B681B687A699A420BD25C
:104D20003B681A687B69D21A3B681A607868FFF79B
:104D300099FF0023FB6104E03B6800221A60012315
:104D4000FB6101F073F9FB6918462037BD4680BD51
:104D5000B0C20020C4C2002080B400AF034B0122C7
:104D60001A6000BFBD465DF8047B7047C0C20020DA
:104D700080B582B000AF786000F052F8064B1B6837
:104D8000012BF9D9054B4FF080521A60BFF34F8FBA
:104D9000BFF36F8FF0E700BFB0C1002004ED00E06B
:104DA00080B582B000AF00237B600CE07A681346C8
:104DB0009B0013449B00124A13441846FEF738F92F
:104DC0007B6801337B607B68062BEFD90D48FEF7CB
:104DD0002FF90D48FEF72CF90C48FEF729F90C487D
:104DE000FEF726F90B48FEF723F90B4B054A1A602C
:104DF0000A4B054A1A6000BF0837BD4680BD00BF98
:104E0000B0C100203CC2002050C200206CC2002073
:104E100080C2002098C2002064C2002068C2002026
:104E200080B582B000AF19E001F0CEF8104BDB681E
:104E3000DB687B607B6804331846FEF783F90D4B13
:104E40001B68013B0B4A13600B4B1B68013B0A4A72
:104E5000136001F0EBF8786800F010F8064B1B685F
:104E6000002BE1D100BF00BF0837BD4680BD00BFA9
:104E700080C20020ACC2002094C2002080B584B063
:104E800000AF78607B685033184612F033FF7B68C0
:104E900093F87531002B08D17B681B6B184600F026
:104EA00045FE786800F042FE19E07B6893F87531A2
:104EB000012B03D1786800F039FE10E07B6893F88D
:104EC0007531022B0BD04FF0500383F31188BFF3E1
:104ED0006F8FBFF34F8FFB6000BF00BFFDE700BFC8
:104EE0001037BD4680BD000080B483B000AF0C4BCE
:104EF0001B681B68002B04D10A4B4FF0FF321A606D
:104F000008E0074B1B68DB68DB687B607B685B68DD
:104F1000044A136000BF0C37BD465DF8047B704740
:104F200064C20020CCC2002080B483B000AF0B4B21
:104F30001B68002B02D101237B6008E0084B1B6833
:104F4000002B02D102237B6001E000237B607B68A1
:104F500018460C37BD465DF8047B7047B8C2002088
:104F6000D4C2002080B584B000AF78607B68BB609D
:104F70000023FB607B68002B5ED0BB68DA6A314B94
:104F80001B68DB6A9A424ED2BB689B69002B06DB2A
:104F90002C4B1B68DB6AC3F10702BB689A61BB68D4
:104FA0005969BB68DA6A13469B0013449B00264A82
:104FB000134499422FD1BB6804331846FEF7C2F858
:104FC0000346002B0AD1BB68DB6A012202FA03F315
:104FD000DA431E4B1B6813401C4A1360194B1B68B5
:104FE000DA6ABB68DA62BB68DB6A01229A40174B57
:104FF0001B681343154A1360BB68DA6A13469B00AB
:1050000013449B00104A1A44BB68043319461046E7
:10501000FEF73BF804E00B4B1B68DA6ABB68DA6208
:105020000123FB6008E0BB685A6C064B1B68DB6A17
:105030009A4201D20123FB60FB6818461037BD4637
:1050400080BD00BFACC10020B0C10020B4C20020B0
:1050500080B586B000AF78607B683B6100237B61E0
:105060007B68002B70D03B4B1B683A699A420BD08F
:105070004FF0500383F31188BFF36F8FBFF34F8F4F
:10508000FB6000BF00BFFDE73B699B6C002B0BD1B1
:105090004FF0500383F31188BFF36F8FBFF34F8F2F
:1050A000BB6000BF00BFFDE73B699B6C5A1E3B69BC
:1050B0009A643B69DA6A3B695B6C9A4244D03B690B
:1050C0009B6C002B40D13B6904331846FEF73AF83D
:1050D0000346002B15D13B69DA6A1F4913469B0032
:1050E00013449B000B441B68002B0AD13B69DB6A0D
:1050F000012202FA03F3DA43184B1B681340174AE4
:1051000013603B695A6C3B69DA623B69DB6AC3F145
:1051100007023B699A613B69DB6A01229A400F4BA7
:105120001B6813430D4A13603B69DA6A13469B0000
:1051300013449B00084A1A443B690433194610463D
:10514000FDF7A3FF01237B617B6918461837BD4635
:1051500080BD00BFACC10020B0C10020B4C200209F
:1051600080B588B000AF786039607B68BB6101238F
:105170007B617B68002B79D0BB699B6C002B0BD1CA
:105180004FF0500383F31188BFF36F8FBFF34F8F3E
:10519000FB6000BF00BFFDE7BB695B6C3A689A42E9
:1051A00002D93B68FB6102E0BB695B6CFB61BB69D8
:1051B000DB6AFA699A4259D0BB699B6C7A699A4258
:1051C00054D12C4B1B68BA699A420BD14FF0500353
:1051D00083F31188BFF36F8FBFF34F8FBB6000BFA6
:1051E00000BFFDE7BB69DB6A3B61BB69FA69DA6254
:1051F000BB699B69002B04DBFB69C3F10702BB6938
:105200009A61BB6959693A6913469B0013449B0034
:10521000194A1344994229D1BB6904331846FDF752
:1052200091FF0346002B0AD1BB69DB6A012202FA17
:1052300003F3DA43114B1B681340104A1360BB6938
:10524000DB6A01229A400D4B1B6813430B4A136023
:10525000BB69DA6A13469B0013449B00064A1A4452
:10526000BB69043319461046FDF70FFF00BF203716
:10527000BD4680BDACC10020B0C10020B4C200203A
:1052800080B400AF074B1B68002B04D0054B1B6894
:105290009A6C01329A64034B1B681846BD465DF850
:1052A000047B7047ACC1002080B584B000AF78604B
:1052B0003960294B1B68FB60284B1B680433184678
:1052C000FDF740FF0346002B0BD1244B1B68DB6A24
:1052D000012202FA03F3DA43214B1B681340204AF0
:1052E00013607B68B3F1FF3F0AD13B68002B07D006
:1052F0001A4B1B68043319461A48FDF7C6FE26E010
:10530000FA687B681344BB60144B1B68BA685A6028
:10531000BA68FB689A4209D2134B1A680F4B1B6894
:10532000043319461046FDF7D4FE10E00F4B1A68FF
:105330000A4B1B68043319461046FDF7CAFE0C4B96
:105340001B68BA689A4202D2094ABB68136000BF60
:105350001037BD4680BD00BFB0C20020ACC10020E8
:10536000B4C2002098C2002068C2002064C200209D
:10537000CCC2002080B485B000AF0346FB80002380
:10538000FB60B7F90630842B05D0B7F90620FB681F
:1053900013440333FB60FB6818461437BD465DF8C1
:1053A000047B704780B483B000AFEFF305837B606C
:1053B0007B68002B14BF01230023DBB218460C3797
:1053C000BD465DF8047B704780B500AFFFF76AF912
:1053D0000023184680BD80B500AFFFF7E3FF03460A
:1053E000002B03D0FFF784FA034602E0FFF770FAC0
:1053F0000346184680BDF0B589B004AF78603960C7
:105400007B685B69002B20D07B689B69002B1CD0DC
:105410007B685C687B681D687B681E697B68B3F984
:1054200008301846FFF7A6FF01467B685B697A687B
:1054300092690292019300913B68324629462046C8
:10544000FEF790FE0346FB601CE07B685C687B68AF
:105450001D687B681B699EB27B68B3F908301846EB
:10546000FFF788FF024607F10C03019300923B68A7
:10547000324629462046FEF7D7FE0346012B01D0CF
:10548000002300E0FB6818461437BD46F0BD80B528
:1054900084B000AF78607B68FB60FB68002B01D0B4
:1054A000FB6800E001231846FFF7C6F80023184602
:1054B0001037BD4680BD80B582B000AF78607B6894
:1054C0005B68002B07D07B685B6819460120FDF7FD
:1054D000D6FF034603E00120FDF7B9FF0346184657
:1054E0000837BD4680BD000080B584B000AF78604D
:1054F00039600023BB607B68002B01D180233AE038
:105500000023FB603B68B3F1FF3F03D14FF0FF3353
:10551000FB6009E03B68002B06D03B68FB60FB6842
:10552000002B01D10123FB60FFF73CFF0346002B5A
:1055300017D007F108031A4600217868FEF7DCFB54
:105540000346012B01D0FF2315E0BB68002B11D0CF
:105550000B4B4FF080521A60BFF34F8FBFF36F8F2A
:1055600008E0F9687868FEF7B7FA0346012B01D026
:10557000FF2300E0002318461037BD4680BD00BF62
:1055800004ED00E080B584B000AF78600023FB60DC
:105590000023BB60FFF706FF0346002B16D007F180
:1055A000080319467868FEF725F90346012B01D058
:1055B000FF2317E0BB68002B13D00C4B4FF0805239
:1055C0001A60BFF34F8FBFF36F8F0AE000230022F2
:1055D00000217868FDF76EFF0346012B01D0FF2301
:1055E000FB60FB6818461037BD4680BD04ED00E047
:1055F00080B586B002AF786039607B685B68002B4D
:105600000FD03B68012B0AD17B685B6803220092B4
:10561000002200210120FDF729FE034616E00023A9
:1056200014E03B68012B10D1032200210120FDF77B
:105630009AFEF860FB68002B05D0002300220021B1
:10564000F868FDF737FFFB6800E0002318461037C5
:10565000BD4680BD80B584B000AF7860396000235E
:10566000BB607B68002B01D180233AE00023FB6004
:105670003B68B3F1FF3F03D14FF0FF33FB6009E01C
:105680003B68002B06D03B68FB60FB68002B01D118
:105690000123FB60FFF786FE0346002B17D007F1BE
:1056A00008031A4600217868FEF726FB0346012B03
:1056B00001D0FF2315E0BB68002B11D00B4B4FF03E
:1056C00080521A60BFF34F8FBFF36F8F08E0F96805
:1056D0007868FEF701FA0346012B01D0FF2300E0B2
:1056E000002318461037BD4680BD00BF04ED00E022
:1056F00080B584B000AF78600023FB600023BB60FE
:10570000FFF750FE0346002B16D007F10803194699
:105710007868FEF76FF80346012B01D0FF2317E0EE
:10572000BB68002B13D00C4B4FF080521A60BFF3B4
:105730004F8FBFF36F8F0AE00023002200217868AB
:10574000FDF7B8FE0346012B01D0FF23FB60FB6889
:1057500018461037BD4680BD04ED00E080B582B02C
:1057600000AF7860FFF71EFE0346002B01D08223B6
:1057700003E07868FEF780FB002318460837BD4633
:1057800080BD90B585B002AF786039607B689B685A
:10579000002B11D07B68DB68002B0DD07B6818686C
:1057A0007B6859687B689A687B68DB680024009492
:1057B000FDF75CFD034608E07B6818687B685B6862
:1057C00000221946FDF7CFFD034618460C37BD46AB
:1057D00090BD000080B586B000AFF860B9607A6017
:1057E00000233B617B687B617B69002B01D1012336
:1057F0007B61FFF7D7FD0346002B18D007F110029D
:1058000007F108010023F868FDF756FF0346012B56
:1058100001D0FF2318E03B69002B14D00C4B4FF054
:1058200080521A60BFF34F8FBFF36F8F0BE007F109
:10583000080100237A69F868FDF73CFE0346012B56
:1058400001D0FF2300E0002318461837BD4680BD75
:1058500004ED00E090B58BB000AFF860B9607A60FD
:10586000BB68FB610023BB61BB68002B0AD18023AE
:105870007B61FB681C4607F1140393E8070084E88A
:10588000070054E000233B6200237B627B68B3F196
:10589000FF3F03D14FF0FF337B6209E07B68002BB1
:1058A00006D07B687B627B6A002B01D101237B627F
:1058B000FFF778FD0346002B1CD007F1200207F10B
:1058C000140304331946B868FEF716FA0346012B91
:1058D00002D110237B6101E000237B613B6A002B36
:1058E0001DD0154B4FF080521A60BFF34F8FBFF39E
:1058F0006F8F14E007F1140304337A6A1946B8680D
:10590000FEF708F80346012B02D110237B6106E065
:105910007B6A002B01D1002300E040237B61FB6800
:105920001C4607F1140393E8070084E80700F868B1
:105930002C37BD4690BD00BF04ED00E080B582B0BD
:1059400000AF7860FFF72EFD0346002B04D0786887
:10595000FEF773FA034603E07868FEF74FFA034652
:1059600018460837BD4680BD80B582B000AF78606C
:10597000FFF718FD0346002B01D0822303E078686F
:10598000FEF77AFA002318460837BD4680BD0000AE
:1059900080B58AB000AF78600023FB61FEF7ECFEB3
:1059A0005C4B1B68002B01D100F024F95A4B1A689C
:1059B0007B681340002B40F095807B68002B1ED045
:1059C00008227B6813447B607B6803F00703002B8D
:1059D00015D07B6823F0070308337B607B6803F0F6
:1059E0000703002B0BD04FF0500383F31188BFF354
:1059F0006F8FBFF34F8F7B6100BF00BFFDE77B68F8
:105A0000002B6FD0454B1B687A689A426AD8444B8A
:105A10003B62434B1B687B6204E07B6A3B627B6AB0
:105A20001B687B627B6A5B687A689A4203D97B6AEF
:105A30001B68002BF1D1374B1B687A6A9A4251D010
:105A40003B6A1B6808221344FB617B6A1A683B6A45
:105A50001A607B6A5A687B68D21A08235B009A42F4
:105A600020D97A6A7B681344BB61BB6903F00703E2
:105A7000002B0BD04FF0500383F31188BFF36F8FCF
:105A8000BFF34F8F3B6100BF00BFFDE77B6A5A68E1
:105A90007B68D21ABB695A607B6A7A685A60B869B7
:105AA00000F00AF91D4B1A687B6A5B68D31A1B4A1F
:105AB00013601A4B1A681B4B1B689A4203D2174B90
:105AC0001B68184A13607B6A5A68134B1B681A4399
:105AD0007B6A5A607B6A00221A60134B1B68013391
:105AE000114A1360FEF756FEFB6903F00703002B13
:105AF0000BD04FF0500383F31188BFF36F8FBFF3C8
:105B00004F8FFB6000BF00BFFDE7FB6918462837D9
:105B1000BD4680BDE0420120F4420120E442012064
:105B2000D8420120E8420120EC42012080B586B035
:105B300000AF78607B687B617B68002B4FD00823C7
:105B40005B427A6913447B617B693B613B695A68BC
:105B5000254B1B681340002B0BD14FF0500383F3F0
:105B60001188BFF36F8FBFF34F8FFB6000BF00BF83
:105B7000FDE73B691B68002B0BD04FF0500383F30C
:105B80001188BFF36F8FBFF34F8FBB6000BF00BFA3
:105B9000FDE73B695A68144B1B681340002B1ED06D
:105BA0003B691B68002B1AD13B695A680E4B1B6876
:105BB000DB431A403B695A60FEF7DEFD3B695A68D9
:105BC0000A4B1B681344094A1360386900F074F8E3
:105BD000074B1B680133064A1360FEF7DBFD00BF6D
:105BE0001837BD4680BD00BFF4420120E4420120C9
:105BF000F042012080B485B000AF4FF40043BB6099
:105C0000274BFB60FB6803F00703002B0CD0FB68FD
:105C10000733FB60FB6823F00703FB60BA68FB688F
:105C2000D31A1F4A1344BB60FB687B601D4A7B6824
:105C300013601C4B00225A607B68BA681344FB60F7
:105C40000822FB689B1AFB60FB6823F00703FB60DC
:105C5000FB68154A1360144B1B6800225A60124BF4
:105C60001B6800221A607B683B603B68FA68D21AA6
:105C70003B685A600C4B1A683B681A603B685B686B
:105C80000A4A13603B685B68094A1360094B4FF08E
:105C900000421A6000BF1437BD465DF8047B7047B0
:105CA000D8C20020D8420120E0420120E842012071
:105CB000E4420120F442012080B485B000AF786056
:105CC000284BFB6002E0FB681B68FB60FB681B68FD
:105CD0007A689A42F7D8FB68BB60FB685B68BA6871
:105CE00013447A689A4208D1FB685A687B685B68FB
:105CF0001A44FB685A60FB687B607B68BB607B680A
:105D00005B68BA681A44FB681B689A4218D1FB6842
:105D10001A68154B1B689A420DD07B685A68FB685D
:105D20001B685B681A447B685A60FB681B681A68CA
:105D30007B681A6008E00C4B1A687B681A6003E005
:105D4000FB681A687B681A60FA687B689A4202D01E
:105D5000FB687A681A6000BF1437BD465DF8047BA3
:105D6000704700BFD8420120E042012080B485B0D6
:105D700000AFF860B9607A60FB68043BFB60FB68C9
:105D80004FF080721A60FB68043BFB60BB6823F035
:105D90000102FB681A60FB68043BFB600C4AFB686D
:105DA0001A60FB68143BFB607A68FB681A60FB684A
:105DB000043BFB60FB686FF002021A60FB68203B4B
:105DC000FB60FB6818461437BD465DF8047B7047DE
:105DD000D55D020880B485B000AF00237B60134B13
:105DE0001B68B3F1FF3F0BD04FF0500383F31188D2
:105DF000BFF36F8FBFF34F8FFB6000BF00BFFDE7A6
:105E00004FF0500383F31188BFF36F8FBFF34F8FB1
:105E1000BB6000BF00BF7B68002BFCD000BF00BF91
:105E20001437BD465DF8047B704700BF8400002036
:105E3000074B19680868B0E8F04F80F30988BFF392
:105E40006F8F4FF0000080F311887047AFF3008030
:105E5000ACC1002000BF00BF08480068006880F3A4
:105E600008884FF0000080F3148862B661B6BFF373
:105E70004F8FBFF36F8F00DF00BF00BF08ED00E062
:105E800080B586B000AF474B1B68474A93420BD1A1
:105E90004FF0500383F31188BFF36F8FBFF34F8F21
:105EA0003B6100BF00BFFDE73E4B1B683F4A93428A
:105EB0000BD14FF0500383F31188BFF36F8FBFF303
:105EC0004F8FFB6000BF00BFFDE7394B7B617B69F3
:105ED0001B78DBB27B607B69FF221A707B691B78C1
:105EE000DBB2FB70FB78DBB203F05003DAB2314B6C
:105EF0001A70314B07221A6009E02F4B1B68013BD7
:105F00002D4A1360FB78DBB25B00DBB2FB70FB78E1
:105F1000DBB203F08003802BEFD0274B1B68C3F16B
:105F20000703042B0BD04FF0500383F31188BFF30A
:105F30006F8FBFF34F8FBB6000BF00BFFDE71E4BED
:105F40001B681B021C4A13601B4B1B6803F4E063B5
:105F5000194A13607B68DAB27B691A70174B1B68A9
:105F6000164A43F470031360144B1B68134A43F042
:105F70007043136000F0DAF8114B00221A6000F051
:105F8000F9F8104B1B680F4A43F040431360FFF7CA
:105F900063FFFEF779FDFFF71DFF00231846183752
:105FA000BD4680BD00ED00E071C20F4170C20F41DF
:105FB00000E400E0F8420120FC42012020ED00E076
:105FC0008400002034EF00E080B483B000AF4FF0D5
:105FD000500383F31188BFF36F8FBFF34F8F7B6044
:105FE00000BF104B1B6801330E4A13600D4B1B683A
:105FF000012B10D10C4B1B68DBB2002B0BD04FF0E8
:10600000500383F31188BFF36F8FBFF34F8F3B6053
:1060100000BF00BFFDE700BF0C37BD465DF8047B45
:10602000704700BF8400002004ED00E080B483B01E
:1060300000AF124B1B68002B0BD14FF0500383F3C2
:106040001188BFF36F8FBFF34F8F7B6000BF00BF1E
:10605000FDE70A4B1B68013B084A1360074B1B68AE
:10606000002B05D100233B603B6883F3118800BF00
:1060700000BF0C37BD465DF8047B704784000020EC
:10608000EFF30980BFF36F8F154B1A681EF0100FE6
:1060900008BF20ED108A20E9F04F10602DE90900BB
:1060A0004FF0500080F31188BFF34F8FBFF36F8F15
:1060B000FEF7EAFC4FF0000080F3118809BC196874
:1060C0000868B0E8F04F1EF0100F08BFB0EC108A5F
:1060D00080F30988BFF36F8F704700BFAFF3008074
:1060E000ACC1002000BF00BF80B582B000AF4FF050
:1060F000500383F31188BFF36F8FBFF34F8F7B6023
:1061000000BFFEF707FC0346002B03D0064B4FF001
:1061100080521A6000233B603B6883F3118800BF04
:1061200000BF0837BD4680BD04ED00E080B400AF7D
:106130000B4B00221A600B4B00221A600A4B1B68A3
:106140000A4AA2FB03239B09094A013B1360044B43
:1061500007221A6000BFBD465DF8047B704700BF90
:1061600010E000E018E000E058000020D34D62107D
:1061700014E000E0DFF80C00016841F470010160F8
:10618000704700BF88ED00E080B485B000AFEFF34A
:106190000583FB60FB680F2B15D9184AFB68134475
:1061A0001B78FB72164B1B78FA7A9A420BD24FF08F
:1061B000500383F31188BFF36F8FBFF34F8F7B6062
:1061C00000BF00BFFDE70F4B1B6803F4E0620E4BFE
:1061D0001B689A420BD94FF0500383F31188BFF329
:1061E0006F8FBFF34F8F3B6000BF00BFFDE700BF65
:1061F0001437BD465DF8047B704700BFF0E300E054
:10620000F84201200CED00E0FC42012080B586B090
:1062100000AF786039600E23FB827B685B890E2BB0
:106220006ED97B68DB7B002B06D13B6893F8383056
:106230000133DAB27B68DA737B685B683B613B6988
:106240001A7B5B7B1B021343FB813B691B7803F0CA
:106250000103002B23D03B691B78012B0FD13B6935
:106260005B78002B1BD13B699B785E2B17D17B6839
:106270005B7B43F01003DAB27B685A730FE03B6933
:1062800006222849184611F0ADFC0346002B06D122
:106290007B685B7B43F00803DAB27B685A73FB8947
:1062A000082B03D0B3F5C16F14D032E03B6893F8EC
:1062B000353003F00803002B24D0FB8A1946786898
:1062C00004F0C2FA0346002B1ED1396878680EF03C
:1062D000B9FE13E03B6893F8353003F00803002B58
:1062E00014D0FB8A1946786804F0AEFA0346002BF6
:1062F0000ED1396878680EF055F800BF00230CE025
:1063000000BF06E000BF04E000BF02E000BF00E005
:1063100000BF786804F01EFB002318461837BD46FE
:1063200080BD00BFDC09040880B586B000AFF8600E
:10633000B9607A603B603B8C184602F04DFB034627
:10634000FB820E21B86804F06FFA0346002B25D1BA
:10635000BB685B683B613B69FA8A9A813B690622AC
:106360003968184611F08FFD3B69063306227968BB
:10637000184611F088FDFB6893F83430062B06D0E0
:106380000A4B4FF499720A490A4811F02BFAFB683C
:106390009B69B968F8689847034602E000BF6FF050
:1063A000010318461837BD4680BD00BFBCC10308B5
:1063B00040C2030874C2030880B584B000AF78609F
:1063C00039603B681B680C331A463968786802F0FC
:1063D000A3FA0346FB7397F90F30002B03D13B68F8
:1063E00093F9043001E097F90F3018461037BD4695
:1063F00080BD000080B58CB000AF03463A60FB71F1
:106400000B46BB71FB793968184601F023F9F86235
:10641000FB6A002B54D0BB793B74FB6ABB6007F16D
:10642000080319462948FFF7C7FF034687F82B30B2
:1064300097F92B30002B43D0FB6A5B68002B05D00B
:10644000234BA3222349244811F0CCF9FB6A1033D3
:1064500018460FF0CAFF0346002B05D11C4BA4229F
:106460001E491D4811F0BEF9FB6A143318460FF09F
:10647000BCFF0346002B05D0154BA6221849164831
:1064800011F0B0F9FB6A0C33184610F03FF80346E0
:10649000002B05D10E4BA92212490F4811F0A2F989
:1064A000FB6A0C33184610F024F8FB6A10331846C8
:1064B0000FF014FFF96A072003F0CAFA002300E086
:1064C000FB6A18463037BD4680BD00BF29760208FA
:1064D0009CC203081CC3030840C3030868C3030825
:1064E00080C30308A4C3030880B58CB000AF7860F4
:1064F0007B68002B01D1002314E07B68FB6029231B
:106500007B7507F10C0319460848FFF755FF034652
:1065100087F82F3097F92F30002B02D097F92F30C2
:1065200000E0002318463037BD4680BD957B020849
:1065300080B584B000AF78607B68002B01D1002368
:106540000DE07868FFF7D0FF0346FB7397F90F3033
:10655000002B02D1786801F0EBF897F90F3018465C
:106560001037BD4680BD000080B58EB000AFF8602A
:10657000B9601346FB80FB68002B09D1114B4FF427
:106580009C721149114811F02DF96FF00F0315E0BD
:10659000BB68002B01D10E4BBB60FB687B61BB6805
:1065A000FB61FB883B8407F1140319460948FFF798
:1065B00003FF034687F8373097F9373018463837E6
:1065C000BD4680BD9CC2030820C4030840C3030825
:1065D000280B04085D7D020880B58CB000AF7860A0
:1065E0000B46FB707B68002B09D10D4B40F2BB12B0
:1065F0000C490D4811F0F6F86FF00F030CE07B68C2
:10660000FB6007F10C0319460848FFF7D5FE034667
:1066100087F82F3097F92F3018463037BD4680BDA8
:106620009CC20308A0C4030840C30308D17D02082C
:1066300080B586B000AF786039603B68002B09D127
:106640003D4B40F2E1123D493D4811F0CBF86FF06F
:106650000F036CE03B6800221A607B68002B09D1B5
:10666000354B40F2E3123749354811F0BBF86FF073
:106670000F035CE0786800F06CFB0346FB7497F94D
:106680001330002B02D097F9133050E07B6814339D
:1066900018460FF0AAFE0346002B05D07B681B7F2F
:1066A00003F00103002B02D06FF00E033FE07B6884
:1066B0001B7F03F00203002B0ED07B68143307F11D
:1066C0000C02114618460FF074FE0346B3F1FF3F6B
:1066D0000AD16FF006032AE07B68143307F10C013E
:1066E000002218460FF026FE7B685B6A002B05D05F
:1066F0007B685B6A0022012178689847FB6807F194
:1067000013021146184600F075FB0346002B02D019
:1067100097F913300BE0FB68002B02D16FF00E03EA
:1067200005E0FB687B613B687A691A6000231846C4
:106730001837BD4680BD00BF9CC20308C0C4030813
:1067400040C30308E0C4030880B588B000AFF86018
:10675000B9601346FB710023BB61BB68002B09D1F4
:10676000584B4FF412725849584811F03BF86FF0EB
:106770000F03A2E0BB6800221A60FB68002B09D15E
:10678000504B40F24A225249504811F02BF86FF01A
:106790000F0392E0FB68103318460FF026FE034605
:1067A000002B0ED1F86800F0D4FA03463B7797F936
:1067B0001C30002B02D097F91C307EE06FF00A03EA
:1067C0007BE0FB681B7F03F00203002B0FD1FB79FA
:1067D00003F00403002B0AD1FB681B7F03F00103C5
:1067E000002B04D1FB6893F90830002B23D0FB6801
:1067F000103307F11802114618460FF0DAFD034670
:10680000B3F1FF3F1FD1F86800F0A3FA03467B778E
:1068100097F91D30002B02D097F91D304DE0FB6831
:106820001B7F03F00103002B02D06FF00A0344E04A
:106830006FF0060341E0FB68103307F118010022F6
:1068400018460FF077FDFB681B7803F0F003102B60
:1068500017D1BB6907F117021146184600F0CAFAB2
:106860000346002B09D097F9173013F10F0F01D110
:10687000002322E097F917301FE0BB691B89FB83D7
:106880000DE0BB69002B06D10E4B40F2912211495D
:106890000E4810F0A7FFBB691B681B89FB83FB68D0
:1068A0005B6A002B05D0FB685B6AFA8B0121F868F4
:1068B0009847BA69BB681A60002318462037BD465E
:1068C00080BD00BF9CC2030800C5030840C3030885
:1068D00020C503083CC5030880B584B000AFF8604C
:1068E000B9607A60FB68002B05D0FB681B7803F069
:1068F000F003102B09D00C4B40F2A7220B490C4897
:1069000010F070FF6FF00F030AE07B68FA681A60FE
:106910007B68BA689A6079680648FFF74DFD0346C0
:1069200018461037BD4680BD9CC2030848C5030801
:1069300040C30308017F020880B590B000AFF86043
:10694000B9601346FB71FB68103318460FF04DFD1C
:106950000346002B02D16FF00A036DE0FB681B7F3A
:106960005BB2002B07DAFB681B7F03F07F03DAB210
:10697000FB681A7739E0FB791A46B968F868FFF7BF
:10698000E3FE034687F83F3097F93F30002B02D0F3
:1069900097F93F3050E0BB681B68BB63FB7903F09D
:1069A0000803002B0ED1BB6B002B02D0BB6B1B89E5
:1069B00000E00123FB86FB8E07F114021946F868FC
:1069C000FFF78AFFBB6B002B34D1FB7903F0100378
:1069D000002B09D0FB681B7F63F07F03DAB2FB68F2
:1069E0001A776FF0060327E000BFFB685B6A002B95
:1069F00005D0FB685B6A00220121F8689847FB68B4
:106A00005B68002B0FD1F86800F0A3F9034687F804
:106A10003F3097F93F30002B02D097F93F300BE021
:106A20006FF00D0308E00121F86800F055F96FF0F0
:106A30000E0301E097F93F3018464037BD4680BD50
:106A400080B586B000AF7860396000237B613B6819
:106A5000002B09D1324B40F263323249324810F0F8
:106A6000C1FE6FF00F0356E03B6800221A607B689E
:106A7000002B09D12A4B40F265322C492A4810F0EC
:106A8000B1FE6FF00F0346E07B681B7803F0F00364
:106A9000102B3AD10023FB60062002F063FF7861DF
:106AA0007B69002B02D14FF0FF3334E007F10C0378
:106AB000002219467868FFF73FFF0346FB7497F9F9
:106AC0001330002B06D07969062002F0C1FF97F938
:106AD000133020E0FB68002B06D1114B40F27932D5
:106AE0001349114810F07EFEFA687B691A60FA6853
:106AF0007B695A607B6900229A817B6900229A60D7
:106B00003B687A691A60002305E0002239687868DA
:106B1000FFF71AFE034618461837BD4680BD00BF72
:106B20009CC2030800C5030840C3030820C503082E
:106B300098C5030880B588B002AFF860B9607A6084
:106B4000FB70BB683B617B687B61FA7807F11001E1
:106B50003B6A009313460122F86800F005F80346EB
:106B600018461837BD4680BD80B592B000AFF860BA
:106B7000B96011461A460B46FB8013467B71FB68D1
:106B8000002B09D14E4B40F2EE324E494E4810F0E8
:106B900029FE6FF00F038EE0FB681B7803F0F00313
:106BA000102B09D0464B40F2EF324849464810F0CE
:106BB00019FE6FF005037EE0FB681B7F03F0020304
:106BC000002B04D17B7903F00403002B01D00123B7
:106BD00000E0002387F83F3097F83F30002B05D0C6
:106BE0003B6D002B02D16FF0050364E000237B6452
:106BF00000233B6415E03B6CDB00BA6813445B6820
:106C00007A6C13447B643B6CDB00BA6813445B68AA
:106C10007A6C9A4202D26FF005034CE03B6C013370
:106C20003B64FB883A6C9A42E5DB7B6C002B01D11C
:106C3000002340E07B6C002B0ADA3B6D002B02D175
:106C40006FF0050337E06FF00043BB63BB6B7B6401
:106C5000FB687B61BB68FB61FB883B8400237B6234
:106C60007B7987F830307B6CBB620023FB6207F1D5
:106C7000140319461648FFF79FFB034687F8373081
:106C800097F93730002B14D13B6D002B02D0FA6AF4
:106C90003B6D1A6097F83F30002B0AD1FB6A7A6C83
:106CA0009A4206D0064B4FF486620A49064810F015
:106CB00099FD97F9373018464837BD4680BD00BF6B
:106CC0009CC20308C0C5030840C30308DCC5030811
:106CD0000583020800C6030880B58CB000AF786059
:106CE0000B46FB707B68002B09D10F4B40F24742EB
:106CF0000E490F4810F076FD6FF00F0310E07B682F
:106D0000FB60FB783B7529237B7507F10C03194663
:106D10000848FFF751FB034687F82F3097F92F30CB
:106D200018463037BD4680BD9CC2030824C6030800
:106D300040C303081D84020880B582B000AF7860AC
:106D400003217868FFF7C8FF034618460837BD4699
:106D500080BD80B584B000AF78607B68002B01D126
:106D600000230DE00FF05CFCF8607B681B7AFB727F
:106D70007B6800221A72F8680FF060FC97F90B30FC
:106D800018461037BD4680BD80B582B000AF0346BF
:106D9000FB7197F9073013F10D0F09D013F10D0FA7
:106DA0000CDC13F10F0F07D013F10E0F02D005E02A
:106DB0000A4B0EE00A4B0CE00A4B0AE097F9073049
:106DC000002B05D0084B7D220849094810F00AFD28
:106DD000002318460837BD4680BD00BFEA090408F5
:106DE000EB090408EC09040888C6030808C703086F
:106DF00018C7030880B582B000AF786039603B687F
:106E0000002B05D1124B85221249134810F0EAFCE1
:106E10007B68124A934204D13B68F3221A70012323
:106E200012E07B680E4A934204D13B68F2221A704A
:106E3000012309E07B680B4A934204D13B68F122AD
:106E40001A70012300E0002318460837BD4680BDB4
:106E500088C6030840C7030818C70308EA090408DE
:106E6000EB090408EC09040880B588B000AFF860AD
:106E7000B9607A603B60BB68002B05D1344BE522DA
:106E80003449354810F0AEFCFB68002B05D1304B7F
:106E9000E6223249304810F0A5FCFB68FB61FB6933
:106EA000002B03D1786803F055FD4DE0FB695B686A
:106EB000BA689A4205D0264BEE222949264810F09E
:106EC00091FCFB69103318460FF08FFA0346002B34
:106ED00003D1786803F03EFD36E0062002F042FD63
:106EE000B861BB69002B03D1786803F033FD2BE058
:106EF000BB697A681A60BB697A685A603B68002B84
:106F000002D03B681B6800E00023BA699360BB694C
:106F10003A8D9A817B681B89FB82FB691033B969C2
:106F200018460FF0EDF90346002B03D0B86901F0C5
:106F300001FB09E0FB695B6A002B05D0FB695B6A1A
:106F4000FA8A0021F86998472037BD4680BD00BF06
:106F500088C603084CC7030818C7030870C703088E
:106F600090C7030880B588B000AFF860B9607A6058
:106F7000FB70BB68002B06D1364B4FF49672364936
:106F8000364810F02FFCFB68002B06D1314B40F245
:106F90002D123349314810F025FC97F90330002BAE
:106FA00006D02C4B4FF497722E492C4810F01AFC47
:106FB000FB687B617B69002B02D16FF0050345E024
:106FC0007B695B68BA689A4206D0224B40F2351260
:106FD0002549224810F006FC7B69103318460FF053
:106FE00004FA0346002B0DD17B68002B08D07B6888
:106FF0001B891946B86804F0CFFD786803F0AAFC35
:10700000002323E07B68002B05D07B68BB617B6895
:107010001B89FB8303E0154BBB610023FB837B696A
:107020001033B96918460FF06BF90346002B02D0F4
:107030004FF0FF330AE07B695B6A002B05D07B6968
:107040005B6AFA8B0021786998470023184620373D
:10705000BD4680BD88C60308B0C7030818C703082B
:10706000D4C70308F4C703080CC80308EC090408D4
:1070700080B584B000AF786039607B68FB60FB68E6
:10708000002B06D1294B4FF4B5722949294810F03D
:10709000A9FBFB685B78012B04D10121F86800F0A3
:1070A00065FF16E0FB685B78042B12D1FB681B6A56
:1070B000002B0AD0FB681B6A5B7A002B05D0FB68AB
:1070C0001B6A5A7A013AD2B25A720121F86800F06A
:1070D000F7FBFB681B7F03F01003002B21D0FB683C
:1070E0005B68002B1DD0FB685B68B3F86430B3F5B8
:1070F000866F16D3FB685B68B3F86630042B10D834
:10710000FB681B7F23F01003DAB2FB681A77FB6879
:107110005B6A002B05D0FB685B6A00220221F868DD
:107120009847002318461037BD4680BD88C603081F
:107130002CC8030818C7030880B586B000AFF860F4
:10714000B9601346FB80FB687B617B69002B06D12D
:10715000204B40F293122049204810F043FB7B69FA
:10716000002B32D07B695B78012B04D10121786937
:1071700000F0FCFE07E07B695B78042B03D1012162
:10718000786900F09DFB7B695B68002B1DD07B69F3
:107190005B68B3F86430B3F5866F16D37B695B68C0
:1071A000B3F86630042B10D87B691B7F23F01003E3
:1071B000DAB27B691A777B695B6A002B05D07B6941
:1071C0005B6AFA88022178699847002318461837C5
:1071D000BD4680BD88C603082CC8030818C703082D
:1071E00080B588B000AF78600B46FB707B68FB61B0
:1071F000FB69002B06D15F4B4FF4DC725E495F48A0
:1072000010F0F0FA0FF00CFAB861FB6900225A6036
:10721000FB69FA781A72FB691B7F43F00103DAB24B
:10722000FB691A77FB695B78FB75FB6900225A7072
:10723000B8690FF003FAFB695B6A002B05D0FB69A4
:107240005B6A00220421F8699847FB695B6A002B9E
:1072500005D0FB695B6A00220021F8699847FB6949
:107260005B6A002B05D0FB695B6A00220221F8698A
:10727000984797F903301846FFF786FD3861FB6998
:10728000103318460FF0B1F80346002B05D0FB6908
:107290001033396918460FF033F8FB691433184678
:1072A0000FF0A3F80346002B05D0FB6914333969AE
:1072B00018460FF025F8FB7D012B05D0FB7D042B34
:1072C00002D0FB7D032B43D1FB691B7F03F004033A
:1072D000002B14BF01230023DBB2FB60FB691B7F83
:1072E00023F00403DAB2FB691A77FB68002B3BD169
:1072F000FB691B6A002B06D11E4B4FF4F372204929
:107300001E4810F06FFAFB7D042B04D1FB691B6A49
:1073100000221A7103E0FB691B6AFA781A71FB6993
:107320001B6A1B680C33BB60B8680FF0EFF80346AC
:10733000002B06D10F4B40F2EF1212490F4810F00C
:1073400051FAFB6900221A62B8680FF0C5F80BE029
:10735000FB691B6A002B08D0064B40F2F7120A4962
:10736000064810F03FFA00E000BF00BF2037BD46DE
:1073700080BD00BF88C603082CC8030818C70308CF
:107380003CC8030858C8030874C8030880B584B013
:1073900000AF78607B685B68FB607968F86805F02F
:1073A000C3FA0A49F86805F0D1FA0949F86805F006
:1073B000EFFA02220749F86805F046FB0649F8682B
:1073C00005F008FB00BF1037BD4680BD656F0208A1
:1073D0003971020871700208E171020890B589B034
:1073E00000AFF860B9601346FB71FB68FB61FB6995
:1073F000002B02D16FF00503A1E0FB69143318469E
:107400000EF0F3FF0346002B02D16FF0050396E068
:10741000BB68002B1BD1FB6903F114046FF00C0057
:10742000FFF7B2FC0346194620460EF069FF0346FB
:10743000002B09D1FB695B6A002B05D0FB695B6AF5
:1074400000220021F86998476FF0050377E097F96B
:107450000730002B06D03C4B40F22A223B493C48E7
:1074600010F0C0F9FB691A78FB695B6A194610468F
:1074700000F0F0F8B861BB69002B1BD1FB6903F188
:1074800014046FF00C00FFF77FFC034619462046FA
:107490000EF036FF0346002B09D1FB695B6A002B17
:1074A00005D0FB695B6A00220021F86998474FF01C
:1074B000FF3344E0BB69BA685A60B869FFF766FFFA
:1074C000FB691433B96918460EF01AFF0346002B06
:1074D0002AD0BB695B687B610021786905F024FADA
:1074E0000021786905F032FA0021786905F050FA38
:1074F00000220021786905F0A7FA0021786905F0DB
:1075000069FABB6900225A60BB69103318460EF055
:10751000E5FEBB69103318460EF078FFB86900F03D
:1075200007F94FF0FF330AE0FB695B6A002B05D0D7
:10753000FB695B6A00220021F8699847002318461E
:107540002437BD4690BD00BF88C6030890C8030815
:1075500018C7030890B585B000AF78600023FB73AF
:107560007B681B685B68002B06D02B4B40F26522C2
:107570002A492B4810F036F97B681B681B7803F00A
:10758000F003102B22D0202B33D17B681C68FB7BAF
:1075900018460AF0C6FC034663607B681B685B689C
:1075A000002B2AD07B681B681B78222B04D17B68B8
:1075B0001B685B6801221A747B681B6858687B68CB
:1075C0001B681A4617490AF033FC16E07B681C68F2
:1075D000FB7B184605F09AF9034663607B681B68DD
:1075E0005B68002B0BD07B681B681846FFF7CEFE4C
:1075F00005E07B68FA221A710AE000BF00E000BFD4
:107600007B681B685B68002B02D17B68FF221A71C4
:107610001437BD4690BD00BF88C60308B8C803082C
:1076200018C70308696E020880B584B000AF78609F
:107630007B68FB60FB6800221A71FB681B685B6853
:10764000002B02D1F868FFF785FF00BF1037BD4659
:1076500080BD000080B586B000AF03463960FB7185
:107660000023FB74072002F07DF9F860FB68002B13
:1076700001D1002352E0FB6800221A72FB68FA79FC
:107680001A70FB6800225A60FB7903F0F003102B9C
:1076900004D0202B05D106237B610AE006237B6101
:1076A00007E0204B40F2E5221F49204810F09AF8ED
:1076B0002FE0FB681033796918460EF0EDFD0346A4
:1076C000002B25D1FB680C33002118460EF0ABFED1
:1076D0000346002B05D0FB68103318460EF0FEFD64
:1076E00017E0FB68143318460EF090FEFB6800228A
:1076F0005A70FB684FF0FF329A61FB683A685A6231
:10770000FB6800221A62FB68FA7C1A77FB6805E0C6
:1077100000BFF968072002F09BF9002318461837CC
:10772000BD4680BD88C60308D8C8030818C703082B
:1077300080B582B000AF78607B685B68002B06D0B4
:107740001B4B4FF447721B491B4810F04BF87B68EA
:10775000103318460EF049FE0346002B06D0144B9A
:1077600040F223321549144810F03CF87B6814337A
:1077700018460EF03AFE0346002B06D00C4B40F2A2
:1077800026320F490C4810F02DF87B680C33184650
:107790000EF0AFFE7B680C3318460EF0C8FE796819
:1077A000072002F055F900BF0837BD4680BD00BF75
:1077B00088C6030800C9030818C7030830C90308AE
:1077C0006CC9030880B586B000AF78607B68103361
:1077D00018460EF00AFE0346002B2FD018E07B68F7
:1077E0001B7803F0F003102B0ED13B6907F10F0259
:1077F00011461846FFF7FEFA0346002B08D13B69F5
:10780000184603F0A7F803E03B69184600F092FE23
:107810007B68103307F11002114618460EF0C9FDBF
:107820000346B3F1FF3FDAD17B68103318460EF000
:1078300055FD7B68103318460EF0E8FD7B68143365
:1078400018460EF0D2FD0346002B34D01DE03B69F4
:1078500007F10E0211461846FFF7CCFA0346002B3B
:1078600013D13B697B617869FFF7ACFF7B695B688B
:10787000002B07D07B695B68184603F0C5FF7B6966
:1078800000225A607869FFF753FF7B68143307F1D1
:107890001002114618460EF08CFD0346B3F1FF3F6F
:1078A000D5D17B68143318460EF018FD7B6814336D
:1078B00018460EF0ABFD00BF1837BD4680BD000076
:1078C00080B586B000AF78600B46FB7000237B75F7
:1078D0007B68002B06D1874B40F2A232864987484D
:1078E0000FF080FF7B681B7803F0F003102B06D0AD
:1078F000804B40F2A332824980480FF073FF7B68CF
:107900005B78042B06D07B4B4FF469727D497B4832
:107910000FF068FF7B685B68002B06D1754B40F267
:10792000A532794975480FF05DFF7B681B6A002B13
:1079300006D1704B40F2A632744970480FF052FFE6
:107940007B685B683B617B681B6A1B7AFB73FB7B14
:1079500003F00103BB73FB7B03F002037B73FB7B30
:10796000032B02D10123BB751FE0BB7B002B0ED084
:107970003B691B7D052B07D03B691B7D062B03D084
:107980003B691B7D082B02D10123BB750DE07B7B7E
:10799000002B08D03B695B8B03F01003002B02D057
:1079A0000123BB7501E00023BB75BB7D002B03D019
:1079B0000021386904F0B8FF3B691B7D012B04D11D
:1079C0000021386905F028F81DE0BB7B002B07D0AB
:1079D0000021386904F0BAFF0021386905F01CF86D
:1079E0007B7B002B03D00021386904F0D1FFBB7DE5
:1079F000002B08D000220021386905F025F800216D
:107A0000386904F0E7FFBB7D002B05D0386903F02F
:107A1000B5FD0346FB7507E0BB7B7A7B19463869E9
:107A200003F0D8FD0346FB7597F91730002B02D100
:107A300001237B7516E097F91730B3F1FF3F0FD1A3
:107A40007B681B6A5B7A002B0CD101237B75BB7DA5
:107A5000002B07D0386903F0D7FE0023FB7501E047
:107A600001237B757B7D002B52D07B681B6A1B68D2
:107A70000C33BB607B681B6AFA7D1A717B6800223D
:107A80001A627B6800225A7097F91730002B29D1AF
:107A9000BB7D002B0CD07B6800225A607B685B6A40
:107AA000002B05D07B685B6A002204217868984728
:107AB000BB7B002B09D07B685B6A002B05D07B6801
:107AC0005B6A00220021786898477B7B002B09D0F5
:107AD0007B685B6A002B05D07B685B6A0022022111
:107AE00078689847FB78002B02D0B8680EF0F4FC59
:107AF00000233CE088C60308A8C9030818C7030888
:107B0000B8C90308D8C90308FCC903083CC803085E
:107B10007B7D002B1ED13B691B7D012B06D1164BB3
:107B200040F24142154916480FF05CFE7B7B002B6A
:107B300003D01449386904F02BFF01221249386937
:107B400004F082FF1149386904F044FF796838690C
:107B500004F0EAFE97F91730002B06D1064B40F2ED
:107B60004D420B4906480FF03DFE97F91730184675
:107B70001837BD4680BD00BF88C6030810CA030879
:107B800018C703083971020871700208E171020810
:107B900034CA030880B584B000AF78607B68FB60AE
:107BA000FB681B685B78FB72FB7A002B0DD0FB68CF
:107BB0001B681B7803F0F003102B06D0604B40F2DB
:107BC0005E42604960480FF00DFEFB7A002B05D045
:107BD000FB7A022B02D0FB7A032B09D1FB7A032B11
:107BE0000AD1FB681B681B7F03F00403002B03D141
:107BF000FB68FB221A7197E0FB7A032B0DD1FB681F
:107C00001B681B7F03F00403002B06D14C4B40F292
:107C10007A424E494C480FF0E5FDFB6800221A718C
:107C2000FB681B681846FFF7CDFDFB681B685B68A7
:107C3000002B5FD0FB681B681B7803F0F003102B50
:107C40000DD0202B51D1FB681B685B680022DA61E4
:107C5000FB681B685B6818460AF00AF946E0FB6897
:107C60001B681B6A002B06D0354B40F29442384902
:107C700035480FF0B7FDFB681B6804225A70FB689B
:107C800003221A72FB681B68FA681A62FB681B6899
:107C900000211846FFF714FE0346002B4BD0FB686B
:107CA0001B685B78042B06D0254B40F29A42294989
:107CB00025480FF097FD28480EF07FFCFB681B68F5
:107CC0000C33002118460EF0D6FB23480EF066FC5C
:107CD000FB681B685B78002B2DD0194B40F29E424D
:107CE0001C4919480FF07EFD25E000BFFB681B68AA
:107CF00000225A60FB681B685B6A002B07D0FB6898
:107D00001B685B6AFA681068002200219847FB68CC
:107D10001B685B6A002B07D0FB681B685B6AFA680C
:107D20001068002202219847FB681B680C33184634
:107D30000EF0ECFB00E000BF1037BD4680BD00BF79
:107D400088C6030844CA030818C7030858CA0308AA
:107D500078CA030894CA03080C43012080B584B094
:107D600000AF78607B68BB60BB681B685B68002BFA
:107D700025D0BB681B681B7803F0F003102B0ED0D6
:107D8000202B19D1BB681B685868BB689968BB6811
:107D90009B891A4609F056FF0346FB7311E0BB6846
:107DA0001B685868BB689968BB689B891A4603F0D2
:107DB00037FD0346FB7304E0FA23FB7301E0FA236B
:107DC000FB73BB68FA7B1A7100BF1037BD4680BDDC
:107DD00080B586B000AF78607B687B617B691B688B
:107DE0005B68002B7FD07B691B681B7803F0F00376
:107DF000102B75D17B691B685B78002B65D17B6983
:107E00001B685B681B7D002B02D0FA23FB726CE0C1
:107E1000FF23FB747B691B685B6807F10B02F97C2D
:107E2000184603F0B5FDF860FB68002B5DD07B6958
:107E30001B68103318460EF0D8FA0346002B0BD0FF
:107E40007B691B68103318460EF048FA7B691B6883
:107E5000103318460EF0DAFA0023FB727B691B68B8
:107E6000143318460EF0C1FA0346002B08D17B6983
:107E70001B681433062118460EF00EFA0346FB72F7
:107E800097F90B30002B18D17B691B6802225A70BE
:107E90007B691B68FA685A607B691B685A687B6952
:107EA0001B681946104604F03FFD7B691B685B6840
:107EB0001249184604F0B0FD17E0F86803F05EFBC5
:107EC0007B691B6800225A600FE07B691B685B7846
:107ED000022B02D10023FB7207E0F523FB7204E0C2
:107EE000F023FB7201E0F523FB7297F90B207B690D
:107EF0001A7100BF1837BD4680BD00BFDD73020890
:107F000080B586B000AF78607B683B613B6900223A
:107F10001A713B691B685B68002B22D03B691B68A8
:107F20001B7803F0F003102B1BD13B699B687B612E
:107F30007B69B3F5803F02D27B699BB201E04FF6CB
:107F4000FF73FB813B691B685B68FA891146184621
:107F500003F022FEFB897A69D31A7B617B69002BCF
:107F6000E6D100BF1837BD4680BD000080B588B09F
:107F700000AF78600B46FB700023FB767B68002B1C
:107F800006D1964B40F27362954996480FF02AFC51
:107F90007B685B78012B06D0904B40F2746292496B
:107FA00090480FF01FFC7B681B6A002B06D18B4B9F
:107FB00040F275628D498B480FF014FC7B685B685A
:107FC000002B06D1854B40F27662894985480FF037
:107FD00009FC7B681B6A9A697B681B6A5B699A4229
:107FE00006D37E4B40F2776282497E480FF0FAFB5F
:107FF0007B681B6A9B89002B06D1784B40F2796223
:108000007D4978480FF0EEFB7B681B6A1B7FBB76CF
:108010007B681B7F03F00203002B04D1BB7E03F0BF
:108020000403002B01D0012300E000233B767B6892
:108030001B6A9B681A687B681B6A1B6913447B6117
:108040007B681B6A9B685A687B681B6A1B69D31A2A
:108050003B613B69B3F5803F07D34FF6FF73BB83AA
:10806000BB7E43F00203BB7601E03B69BB837B68C8
:108070005B68B3F86430FB81FA89BB8B9A4216D2F5
:10808000FB89BB833B7E002B0DD0BB8B002B0ED11D
:108090007B681B6A9B69002B02D16FF0060300E02E
:1080A0000023FB777DE0BB7E43F00203BB767B6859
:1080B0001B6A1A69BB8B1A447B681B6A9B685B68E6
:1080C0009A4206D9454B40F2A3624C4945480FF00D
:1080D00089FBBB8B4FF6FF72934203D13B69B3F52B
:1080E000803F09D23B699BB2BA8B9A420BD17B6825
:1080F0001B6A9B89012B06D901237B76BB7E43F04B
:108100000203BB7601E000237B767B685868BB7E68
:10811000BA8B796907F044FB0346FB7797F91F3068
:10812000002B2CD17B681B6A9969BA8B7B681B6A10
:108130000A449A617B681B6A1969BA8B7B681B6A5F
:108140000A441A617B681B6A1A697B681B6A9B6810
:108150005B689A4213D17B681B6A9A89013A92B292
:108160009A817B681B6A9B89002B08D07B681B6AFD
:108170009A6808329A607B681B6A00221A617B7ECB
:10818000002B04D097F91F30002B3FF450AF97F924
:108190001F30002B04D097F91F30B3F1FF3F46D1B9
:1081A00000BF3B7E002B2BD07B681B6A9A697B68E3
:1081B0001B6A5B699A4223D27B685B6A002B05D0FD
:1081C0007B685B6A00220321786898477B681B7F85
:1081D00043F01003DAB27B681A7728E088C60308F8
:1081E0002CC8030818C7030834CB03083CC803088D
:1081F00054CB03086CCB0308ACCB0308D4CB0308E7
:108200007B685B68B3F86430B3F5866F05D37B6831
:108210005B68B3F86630042B09D97B685B6A002B76
:1082200005D07B685B6A002203217868984797F93C
:108230001F30002B1DD17B681B6A9A697B681B6A03
:108240005B699A4202D03B7E002B01D00123FB7672
:108250007B685B68184608F08DF803463B7397F916
:108260000C3013F1040F2CD13B7BFB770123FB7601
:1082700027E097F91F30B3F1FF3F20D17B685B689F
:10828000184608F077F803467B7397F90D3013F121
:10829000040F04D17B7BFB770123FB7611E03B7E4F
:1082A000002B0ED07B681B6A9B69002B02D16FF0FC
:1082B000060300E00023FB770123FB7601E00123A6
:1082C000FB76FB7E002B15D07B681B6A1B680C338A
:1082D000BB607B681B6AFA7F1A717B6800221A6296
:1082E0007B6800225A70FB78002B06D0B8680EF02D
:1082F000F3F802E04FF0FF3300E000231846203788
:10830000BD4680BD80B584B000AF78607B68BB603F
:10831000BB681B681846FEF71CFD0346FB7397F904
:108320000F30002B66D1BB681B681B7803F0F0038D
:10833000102B5DD1BB681B685B78002B02D0FB2340
:10834000FB7357E0BB681B685B68002B4DD0BB68B4
:108350001B6801225A70BB681B681B6A002B06D081
:10836000284B40F22372284928480FF03BFABB689B
:108370005B69002B06D1234B40F224722449234829
:108380000FF030FABB681B68BA681A62BB681B68DA
:1083900000211846FFF7EAFD0346002B2ED0BB68EC
:1083A0001B685B78012B06D0164B4FF4E562194928
:1083B00016480FF017FA18480EF0FFF8BB681B6854
:1083C0000C33002118460EF056F813480EF0E6F86C
:1083D000BB681B685B78012B10D10A4B40F22C72F2
:1083E0000C490A480FF0FEF908E0F523FB7301E0A1
:1083F000FA23FB73BB68FA7B1A7100E000BF1037E9
:10840000BD4680BD88C6030878CA030818C703089C
:1084100000CC030894CA03080C43012080B584B043
:1084200000AF78607B68FB60FB681B685B78FB7261
:10843000FB681B685B68002B69D0FB681B681B78B6
:1084400003F0F003102B62D1FB681B7A032B02D0E0
:10845000FB7A022B5BD0FB7A032B03D1FB68F5225E
:108460001A7159E0FB7A012B03D1FB68FB221A71C8
:1084700052E0FB681B7A03F00103002B04D0FB6879
:108480001B681846FFF79EF9FB681B681B6A002BE8
:1084900006D0234B40F2BD72224923480FF0A2F9C7
:1084A000FB681B6804225A70FB681B68FA681A6232
:1084B000FB681B6800211846FFF702FA0346002BF1
:1084C00029D0FB681B685B78042B06D0144B40F264
:1084D000C272164914480FF085F915480EF06DF870
:1084E000FB681B680C33002118460DF0C4FF1048D0
:1084F0000EF054F8FB681B685B78002B0BD0084B20
:1085000040F2C672094908480FF06CF903E0FB68B5
:10851000F5221A7100E000BF1037BD4680BD00BFD4
:1085200088C6030878CA030818C7030894CA030852
:108530000C43012080B582B000AF78607B68002BCF
:1085400013D07B681B68002B0BD07B681B68184618
:1085500002F000FA7B6800225A607B685A687B68E8
:108560001A607968062001F073FA00BF0837BD462B
:1085700080BD000080B584B000AFF860B9607A605B
:10858000FB68002B08D11B4BC6221B491B480FF070
:1085900029F96FF00F0329E0BB68002B08D1154BB8
:1085A000C722174915480FF01DF96FF00F031DE0A2
:1085B0007B68002B08D10F4BC82212490F480FF0DF
:1085C00011F96FF00F0311E0FB685B68002B02D11B
:1085D0006FF001030AE0FB685B685A68BB681A60C9
:1085E000FB685B685A897B681A800023184610373D
:1085F000BD4680BD54CC0308A8CD0308F0CC0308C9
:10860000C4CD0308E4CD030880B582B000AF786024
:108610007B68002B08D1114BE022114911480FF063
:10862000E1F84FF0FF3314E07B685B681B68002BB8
:1086300002D14FF0FF330CE07B685B681A687B68FF
:108640005A607B685B681B68002B01D1012300E046
:10865000002318460837BD4680BD00BF54CC030830
:1086600000CE0308F0CC030880B584B000AF78607A
:10867000396008F037FFF860FB68B3F1FF3F0BD1BA
:1086800013480DF09AFF0022396878680DF052FE09
:108690000F480DF083FF18E0FB68002B02D108F0B3
:1086A000E7FEE6E70A480DF088FFFA68396878685F
:1086B0000DF040FEB86006480DF070FFBB68B3F1E6
:1086C000FF3F02D108F0D4FED3E71037BD4680BD8E
:1086D0000C43012080B584B000AF786010480DF0E5
:1086E0005DFF104B1B68002B05D00E4B1B680E4A1C
:1086F00012681046984707F10C0319460B48FFF71C
:10870000B3FFFB68002B06D1094B912209490A48A7
:108710000FF068F803E0FB68184600F00FF8EAE78E
:108720000C430120004301200443012008430120A1
:1087300038CE0308B4CE0308D4CE030880B582B087
:1087400000AF78607B681B78022B26D0022B2BDCD5
:10875000002B02D0012B15D026E07B68DB687A68FD
:1087600050687A689268114698470346002B04D0F7
:108770007B685B68184602F0EDF87968092001F023
:1087800067F918E07B685B687A68926810469847DA
:108790007968082001F05CF90DE07B685B687A6815
:1087A00092681046984706E0054BCF2205490648D7
:1087B0000FF018F800BF00BF0837BD4680BD00BFEE
:1087C00038CE0308B4CE0308D4CE030880B586B0F3
:1087D00000AFF860B9607A601A480DF006FE0346F3
:1087E000002B05D1184BFC22184919480EF0FAFF4E
:1087F000092001F0B7F878617B69002B02D14FF0B6
:10880000FF331AE07B6900221A707B69FA685A60AC
:108810007B69BA689A607B697A68DA607969094825
:108820000DF06EFD0346002B06D07969092001F09A
:108830000FF94FF0FF3300E0002318461837BD460C
:1088400080BD00BF0843012038CE0308FCCE0308DA
:10885000D4CE030880B582B000AF786039603B6841
:1088600093F8353003F01803002B06D0084A396816
:108870007868FFF7ABFF034605E0064A3968786879
:10888000FFF7A4FF034618460837BD4680BD00BF6A
:108890000D6202084550030880B584B000AF7860CF
:1088A000396019480DF0A1FD0346002B06D1174B86
:1088B00040F25D12164917480EF094FF082001F0AF
:1088C00051F8F860FB68002B02D14FF0FF3317E03E
:1088D000FB6801221A70FB687A685A60FB683A6884
:1088E0009A60F96808480DF00BFD0346002B06D08E
:1088F000F968082001F0ACF84FF0FF3300E00023E6
:1089000018461037BD4680BD0843012038CE030805
:10891000FCCE0308D4CE030880B584B000AFF86065
:10892000B9607A6006480DF039FEFB68B868984770
:1089300003480DF042FE002318461037BD4680BDA7
:108940000C43012080B584B002AF7860396000F03C
:108950005EFB174A7B681360164A3B68136006216A
:1089600015480DF099FC0346002B06D0134B40F23E
:108970006122134913480EF035FF13480DF0F2FD44
:108980000346002B06D00D4B40F265220F490D48DF
:108990000EF028FF002300934FF4806300220C495F
:1089A0000C480DF017FE00BF0837BD4680BD00BF64
:1089B00000430120044301200843012038CE03086E
:1089C0000CCF0308D4CE03080C43012030CF03089A
:1089D000D586020854CF030880B483B000AF0346A5
:1089E000FB80FB881B021AB2FB881B0A9BB21BB2DE
:1089F00013431BB29BB218460C37BD465DF8047B8F
:108A0000704780B483B000AF78607B681A067B68DB
:108A10001B0203F47F031A437B681B0A03F47F43A2
:108A20001A437B681B0E134318460C37BD465DF88E
:108A3000047B704780B400AF00BFBD465DF8047B87
:108A40007047000080B483B000AF03463960FB710B
:108A5000FB79012B0FD83B68002B06D0FB79094925
:108A60003A68126841F8232005E0FB790549064A77
:108A7000126841F8232000BF0C37BD465DF8047B27
:108A8000704700BF90470120280B040880B500AF55
:108A900000F0A8FA00BF80BD80B590B000AF0346DB
:108AA000FB71FA7913461B0113441B016C4A1344F2
:108AB0003B633B6BDB7A012B06D96A4B40F2FA220F
:108AC00069496A480EF08EFE3B6BDB7A1A46684BAA
:108AD00053F82230002B09D1FB790021184600F011
:108AE000CBF83B6B00229A720023B4E03B6B10334F
:108AF0001846E7F7FFFB03469BB212339BB24FF4D5
:108B000020721946362001F041FCF862FB6A002B06
:108B100000F0958007F110030C22002118460FF099
:108B20008BF83B6B1B891846FFF756FF03463B82C9
:108B30000123BB744FF48073BB8207F110030C2236
:108B40001946F86A02F0BAF93B6B1033BB63BB6B92
:108B5000013BBB630C23BB87BB6B0133BB63BB6BAC
:108B6000BB62002387F8373007E097F837300133CE
:108B700087F83730BB6B0133BB63BB6B1B782E2B85
:108B800003D0BB6B1B78002BEFD1BA6BBB6AD31A37
:108B9000FB84BA8F97F8373013444FF6FE72934236
:108BA00053DC97F83720BB8F1946F86A02F0B4FA05
:108BB000BB8F01339BB2FA8CB96AF86A02F010FAE3
:108BC00097F837309AB2BB8F13449BB20133BB87FF
:108BD000BB6B1B78002BBFD1BB8F00221946F86AF4
:108BE00002F09AFABB8F0133BB874FF48073BB81CD
:108BF0004FF48073FB81BB8F07F10C010422F86AEC
:108C000002F0EEF93B6BDB7B87F8253035237B8464
:108C10003B6BDB7A9B00164A1344FB6197F82530C7
:108C2000144A52F823007B8CFA69F96A08F054FE62
:108C3000034687F83F30F86A01F08CFE02E0FF231C
:108C400087F83F3097F93F3005E000BFF86A01F040
:108C500081FE6FF0050318464037BD4680BD00BF5A
:108C60002043012064CF0308E0CF0308F8CF0308B6
:108C7000904701201043012090B585B000AF034616
:108C80003960FB710023FB733DE0FA7B57491346C3
:108C90005B0013449B000B441B68002B30D0FA7B15
:108CA000524913465B0013449B000B4408331B7866
:108CB000FA799A4224D1FA7B4C4913465B0013445B
:108CC0009B000B441C68FA7913461B0113441B01DB
:108CD0001033474A9818FA7B444913465B00134403
:108CE0009B000B4404331B681A463968A047FA7B83
:108CF0003E4913465B0013449B000B4400221A605C
:108D0000FB7B0133FB73FB7B032BBED90023FB737F
:108D100031E0FA7BFB799A4229D0FA7B3449134639
:108D20001B0113441B010B440A331B78022B1FD178
:108D3000FA7B2F4913461B0113441B010B440F33CD
:108D40001978FA792A4813461B0113441B0103447E
:108D50000F331B7899420BD1FA79254913461B0131
:108D600013441B010B440F3304221A7006E000BFAA
:108D7000FB7B0133FB73FB7B032BCAD9FA791C49BC
:108D800013461B0113441B010B440F331B78032BA9
:108D900027D8FA79164913461B0113441B010B44CB
:108DA0000F331B781A46134B53F82230184609F03C
:108DB0005FF8FA790E4913461B0113441B010B445B
:108DC0000F331B7819460B4B002243F82120FA7908
:108DD000074913461B0113441B010B440F330422A4
:108DE0001A7000BF1437BD4690BD00BF6047012018
:108DF000204301201043012080B582B000AF0DF068
:108E000019FD0346BB800023FB711AE0FA79114972
:108E100013461B0113441B010B440A331B78022B1E
:108E20000CD1FA790B4913461B0113441B010B4467
:108E300008331B88BA889A4200D1E0E7FB790133F6
:108E4000FB71FB79032BE1D9BB8818460837BD4677
:108E500080BD00BF2043012080B485B000AF7860A2
:108E60000023FB737B68002B0DD07B68DB7A002B23
:108E700009D17B68DB7A0133064A52F82330002B94
:108E800001D00123FB73FB7B18461437BD465DF808
:108E9000047B70479047012080B584B000AF034643
:108EA000FB71FA7913461B0113441B01484A134412
:108EB000FB60FB79032B06D9464B40F21C42464926
:108EC00046480EF08FFCFB689B7A032B6FD801A2FB
:108ED00052F823F0BF8F0208E58E0208178F0208B0
:108EE0008D8F0208FFF788FF03461A46FB681A8138
:108EF000FB6802229A72FB680022DA72FB68012288
:108F00001A73FB6800225A73FB791846FFF7C4FDF9
:108F10000346FB7258E0FB681B7B013BDAB2FB683F
:108F20001A73FB681B7B002B4BD1FB685B7B013307
:108F3000DAB2FB685A73FB685B7B042B1BD1F868C1
:108F4000FFF78AFF0346002B0CD0FB68DB7A013366
:108F5000DAB2FB68DA72FB6801221A73FB6800223E
:108F60005A730CE0FB7900211846FFF785FEFB6879
:108F700000229A7228E0FB685A7BFB681A73FB791F
:108F80001846FFF789FD0346FB721AE0FB681B6871
:108F9000002B08D0FB681B685A1EFB681A60FB6830
:108FA0001B68002B0FD1FB6800229A720BE0094B63
:108FB00040F25B420A4909480EF014FC04E000BF8D
:108FC00002E000BF00E000BF00BF1037BD4680BD1B
:108FD0002043012064CF030820D00308F8CF030802
:108FE0003CD0030880B582B000AF0023FB7106E0DF
:108FF000FB791846FFF750FFFB790133FB71FB79D2
:10900000032BF5D900BF00BF0837BD4680BD80B532
:1090100082B000AF00237B600DF096FA00F0D6F826
:1090200000F032FC00F03EFD08F094FA02F096F8F1
:10903000FFF700FD08F0D4F900BF0837BD4680BD3A
:1090400080B483B000AF0346FB80054B1A68FB88F1
:10905000134418460C37BD465DF8047B704700BFCB
:10906000044E012080B483B000AF7860054B1B68CC
:109070007A68D31A9BB218460C37BD465DF8047B5C
:10908000704700BF044E012090B585B000AF7860F6
:10909000454B1B687A689A4206D2444B40F2DF1275
:1090A000434944480EF09EFB434B1B687A689A4242
:1090B00006D33E4B4FF4F07240493E480EF092FB0F
:1090C0007B681B79002B06D0384B40F2E1123C49FB
:1090D00038480EF087FB7B681B88B3F5C86F06D94C
:1090E000324B4FF4F272374932480EF07BFB7B680B
:1090F0001B881846FFF7A4FFF8607A68FB689A425D
:1091000024D0FB681B79002B20D12B4B1B68FA68FD
:109110009A421BD02C4B1B68FA689A4202D12A4A09
:109120007B681360FB681A887B681A80FB681B8861
:10913000B3F5C86F0AD0FB681B881846FFF780FF9D
:1091400004467868FFF78EFF034663807B685B8880
:109150001846FFF775FFB860BA687B689A421FD05F
:10916000BB681B79002B1BD1174B1B687A689A428E
:1091700002D1154ABB6813607B681A88BB681A80E5
:109180007B681B88B3F5C86F0AD07B681B881846BC
:10919000FFF756FF0446B868FFF764FF0346638095
:1091A00000BF1437BD4690BD044E01205CD00308BB
:1091B000D8D00308F0D00308084E012018D10308C6
:1091C00034D1030850D10308104E012080B582B07D
:1091D00000AF1F4B033323F003031A461D4B1A60E5
:1091E0001C4B1B687B607B684FF4C8621A807B68ED
:1091F00000225A807B6800221A714FF4C860FFF782
:109200001FFF0346144A1360134B1B6801221A7197
:10921000114B1B684FF4C8621A800F4B1B684FF448
:10922000C8625A800B4B1B680C4A13600C480DF047
:1092300099F90346002B06D00A4B40F21F220A4937
:109240000A480EF0CFFA00BF0837BD4680BD00BF08
:10925000B0470120044E0120084E0120104E01208D
:109260000C4E01205CD003087CD10308F0D0030829
:1092700080B586B000AF78607868FFF7F3FE0346EC
:10928000FB827B681B881846FFF7DAFE38617B6833
:109290005B881846FFF7D4FEF8607B681B88B3F53F
:1092A000C86F18D87B685B88B3F5C86F13D87B6824
:1092B0005B88FA8A9A4204D0FB681B88FA8A9A4231
:1092C00009D1084B1B683A699A4206D03B695B8812
:1092D000FA8A9A4201D0002300E001231846183789
:1092E000BD4680BD084E012080B588B000AF7860D3
:1092F0007B68002B70D07B6803F00303002B0DD03C
:10930000374B40F27322374937480EF06BFA0DF0B5
:1093100087F9F860F8680DF091F95EE07B68083B2A
:10932000FB61324B1B68FA699A4206D37B6803F1F2
:109330000C022F4B1B689A420DD9294B40F27F2219
:109340002C4929480EF04EFA0DF06AF93861386957
:109350000DF074F941E028480DF020F9FB691B7904
:10936000002B10D11E4B4FF4237224491E480EF0DF
:1093700039FA21480DF021F90DF052F97861786938
:109380000DF05CF929E0F869FFF772FF0346002B46
:1093900010D1134B40F29522194913480EF022FACE
:1093A00015480DF00AF90DF03BF9B861B8690DF0F8
:1093B00045F912E0FB6900221A71124B1B68FA6929
:1093C0009A4202D20F4AFB691360F869FFF75CFE0C
:1093D00009480DF0F2F800E000BF2037BD4680BD1F
:1093E0005CD0030898D10308F0D00308044E012094
:1093F000084E0120BCD103080C4E0120D8D103082F
:1094000000D20308104E012080B588B000AF78600C
:109410000B467B807B8803339BB223F00303FB83E3
:10942000FB8B0B2B01D80C23FB83FB8BB3F5C86F95
:1094300003D8FA8B7B889A4201D20023D8E06E4B86
:109440001B687A689A4204D36C4B1B687A689A420C
:1094500006D36B4B40F2D1226A496B480EF0C2F939
:10946000654B1B687A689A4204D3644B1B687A6820
:109470009A4207D30DF0D4F8B860B8680DF0DEF862
:109480007B68B5E07B68083BBB61B869FFF7EAFD24
:109490000346FB82BB691A88FB8AD31A9BB2083B3E
:1094A000BB82FA8BBB8A9A4206D9554B4FF439726C
:1094B000564955480EF096F9FA8BBB8A9A4201D963
:1094C000002395E0FA8BBB8A9A4201D17B688FE03A
:1094D0004F480DF063F8BB691B881846FFF7B0FDD5
:1094E00038613B691B79002B3FD1BB691B88B3F501
:1094F000C86F06D1424B40F2F522464942480EF071
:1095000071F93B691B88BB81FA8AFB8B13449BB2C0
:109510000833FB81404B1B683A699A4206D1FB89AC
:109520001846FFF78DFD03463B4A1360FB8918463A
:10953000FFF786FD38613B6900221A713B69BA89E1
:109540001A803B69FA8A5A80BB69FA891A803B699A
:109550001B88B3F5C86F47D03B691B881846FFF7D7
:109560006FFD0246FB8953803EE0FB8B03F1140242
:10957000BB8A9A4238D8FA8AFB8B13449BB20833D1
:10958000FB81BB691B88B3F5C86F06D11C4B40F249
:10959000163220491C480EF025F9FB891846FFF7C2
:1095A0004FFD38611C4B1B683A699A4202D21A4A35
:1095B0003B6913603B6900221A71BB691A883B69D9
:1095C0001A803B69FA8A5A80BB69FA891A803B691A
:1095D0001B88B3F5C86F07D03B691B881846FFF797
:1095E0002FFD0246FB89538009480CF0E6FF7B689B
:1095F00018462037BD4680BD044E0120084E01208C
:109600005CD0030834D20308F0D003084CD203081E
:109610000C4E01206CD20308104E012080B588B09A
:1096200000AF0346FB80FB88002B01D10023E2E062
:10963000FB8803339BB223F00303BB83BB8B0B2B51
:1096400001D80C23BB83BB8BB3F5C86F03D8BA8B8F
:10965000FB889A4201D20023CDE069480CF09EFFBE
:10966000684B1B681846FFF7FDFC0346FB83B7E019
:10967000FB8B1846FFF7E4FC78617B691B79002BB4
:1096800040F0A7807B691B881A46FB8BD31AA3F195
:109690000802BB8B9A42C0F09C807B691B881A46EB
:1096A000FB8BD31AA3F10802BB8B14339A4233D33A
:1096B000FA8BBB8B13449BB208337B827B8AB3F556
:1096C000C86F06D1504B40F28732504950480EF0D7
:1096D00089F87B8A1846FFF7B3FCF860FB68002224
:1096E0001A717B691A88FB681A80FB68FA8B5A80AA
:1096F0007B697A8A1A807B6901221A71FB681B8850
:10970000B3F5C86F0BD0FB681B881846FFF798FCB1
:1097100002467B8A538002E07B6901221A71394B31
:109720001B687A699A4227D1364B1B68BB6105E0FA
:10973000BB691B881846FFF783FCB861BB691B79BE
:10974000002B04D0334B1B68BA699A42F0D12D4AE2
:10975000BB6913602B4B1A682E4B1B689A420BD0C7
:10976000284B1B681B79002B06D0274B40F2B532E3
:10977000294927480EF036F821480CF01EFFBA8B15
:109780007B6913440833234A1268934206D91E4B5F
:1097900040F2B93221491E480EF024F87B6903F0EB
:1097A0000303002B06D0184B40F2BB321C4918486B
:1097B0000EF018F87B6903F00303002B06D0124B60
:1097C00040F2BD32174912480EF00CF87B6908339D
:1097D00011E0FB8B1846FFF733FC03461B88FB8325
:1097E000FA8BBB8BC3F5C8639A42FFF441AF0448C0
:1097F0000CF0E3FE002318462037BD4680BD00BFB5
:109800000C4E0120104E01205CD003086CD20308DE
:10981000F0D00308084E012080D203089CD2030830
:10982000CCD20308FCD2030880B485B000AF7860C6
:109830007B689B6800221A607B685B68033323F0B7
:109840000303BB600023FB6011E07B689B681A6820
:10985000BB681A607B689B68BA681A607B681B8863
:109860001A46BB681344BB60FB680133FB607B682E
:109870005B881A46FB689342E7DB00BF00BF1437E2
:10988000BD465DF8047B704780B582B000AF002311
:10989000FB8009E0FB88084A52F823301846FFF79E
:1098A000C3FFFB880133FB80FB880D2BF2D900BF7F
:1098B00000BF0837BD4680BD980A040880B584B053
:1098C00000AF78600CF0ACFEF8607B689B681B68AA
:1098D000BB60BB68002B15D07B689B68BA681268B8
:1098E0001A60BB6803F00303002B06D0094B4FF44A
:1098F0008C72094909480DF075FFF8680CF09EFE5E
:10990000BB6803E0F8680CF099FE00231846103796
:10991000BD4680BD20D303089CD30308C0D30308F1
:1099200080B582B000AF78607B68002B06D10A4B0F
:109930004FF49E7209490A480DF054FF7B68002BD2
:1099400001D1002303E07868FFF7B8FF034618460B
:109950000837BD4680BD00BF20D30308E8D3030805
:10996000C0D3030880B584B000AF0346FB71FB7918
:109970000D2B08D90A4B40F257120A490A480DF03C
:1099800031FF002308E0FB79084A52F823301846DB
:10999000FFF794FFF860FB6818461037BD4680BD9E
:1099A00020D30308FCD30308C0D30308980A040893
:1099B00080B584B000AF786039603B6803F0030382
:1099C000002B06D00D4B4FF4B6720D490D480DF02B
:1099D00009FF3B68FB600CF023FEB8607B689B6866
:1099E0001A68FB681A607B689B68FA681A60B86836
:1099F0000CF024FE00BF1037BD4680BD20D3030805
:109A00001CD40308C0D3030880B582B000AF7860CF
:109A100039607B68002B06D10A4B40F295120A4947
:109A20000A480DF0DFFE7B68002B07D03B68002B57
:109A300004D039687868FFF7BBFF00E000BF083743
:109A4000BD4680BD20D30308E8D30308C0D3030874
:109A500080B582B000AF03463960FB71FB790D2BF6
:109A600007D90C4B4FF4D5720B490C480DF0BAFED8
:109A70000CE03B68002B08D0FB79094A52F82330F0
:109A800039681846FFF794FF00E000BF0837BD466D
:109A900080BD00BF20D303083CD40308C0D3030813
:109AA000980A040880B400AF00BFBD465DF8047B8F
:109AB0007047000080B586B000AFF860B9607A608A
:109AC0003B60FB68002B08D15F4B40F227125F49D7
:109AD0005F480DF087FE0023B1E07B6A002B08D1C0
:109AE000594B4FF494725B4959480DF07BFE0023AB
:109AF000A5E0BB68002B01D1574BBB607B68002BF6
:109B000001D1554B7B603B68002B01D1524B3B6030
:109B1000FB6800225A60FB6800229A60FB68002202
:109B2000DA60FB684D4A5A61FB6800229A85FB683F
:109B3000002283F83520FB682833042200211846D0
:109B40000EF07AF8FB680022DA61FB6800221A62E4
:109B5000FB683A6A5A62424B1A78FB6883F83820ED
:109B6000FB68BA6A1A613B687A68B968F86800F0FD
:109B700047F97B6AF86898470346002B01D0002319
:109B80005DE0FB6893F83830FF2B03D1FB680022BF
:109B900083F8382000233B61324B1B687B612BE04C
:109BA0007A69FB689A4206D1274B40F28B122E4904
:109BB00027480DF017FE3B6901333B613B69FF2BE2
:109BC00006DD214B40F28D12284921480DF00AFE96
:109BD0007B6993F83820FB6893F838309A4208D1B3
:109BE000FB6893F838300133DAB2FB6883F8382029
:109BF00005E07B691B687B617B69002BD0D17B69A9
:109C0000002BBED1FB6893F83830FE2B03D1144BE8
:109C100000221A7006E0FB6893F838300133DAB29C
:109C20000F4B1A700F4B1A68FB681A600D4AFB68DD
:109C3000136000220121F86800F0F6FAFB6818466C
:109C40001837BD4680BD00BF58D4030838D5030877
:109C5000F4D4030854D50308280B0408BFA1020854
:109C6000588001205080012078D503088CD5030846
:109C700080B582B000AF786039603968786803F0E9
:109C800089F83968786808F059F900BF0837BD4687
:109C900080BD000080B586B000AFF860B9607A6022
:109CA000BB68002B06D1214B40F2CB122049214842
:109CB0000DF098FD7B68002B06D11C4B4FF4E6722B
:109CC0001B491C480DF08EFDBB681A68FB68043305
:109CD0001B689A4224D0BB681B687B61FB68043315
:109CE0001A687B681A6007F1140319467868FFF751
:109CF000BFFFBB68002B02D0BB681B6800E00023DD
:109D0000FA6853600121F86800F04AF9FB68DB69E2
:109D1000002B03D0FB68DB69F8689847012300E05B
:109D2000002318461837BD4680BD00BF58D403082D
:109D3000BCD50308F4D4030880B584B000AFF86044
:109D4000B9607A60BB681A68FB6808331B689A427E
:109D500019D07B68002B06D10D4B4FF404720D49CE
:109D60000D480DF03FFDFB6808331A687B681A60E8
:109D7000BB68002B02D0BB681B6800E00023FA68B8
:109D80009360012300E0002318461037BD4680BDD4
:109D900058D40308BCD50308F4D4030880B584B0B4
:109DA00000AFF860B9607A60BB681A68FB680C3372
:109DB0001B689A4219D07B68002B06D10D4B4FF4DB
:109DC00014720D490D480DF00DFDFB680C331A6837
:109DD0007B681A60BB68002B02D0BB681B6800E080
:109DE0000023FA68D360012300E0002318461037EF
:109DF000BD4680BD58D40308BCD50308F4D403087D
:109E000080B58EB000AFF860B9607A603B60002327
:109E1000FB8607F118033B6307F11403FB62BB6881
:109E2000002B01D1364BBB607B68002B01D1344B3A
:109E30007B603B68002B01D1314B3B60BB68002B42
:109E400003D0BB681B68002B01D1012300E0002375
:109E5000BB62BB6A002B10D007F110031A46B96829
:109E6000F868FFF717FF0346002B06D0FB8E43F080
:109E70001003FB8607F11003FB613A6B7968F86801
:109E8000FFF75AFF0346002B05D0FB8E43F040033B
:109E9000FB863B6B3B62FA6A3968F868FFF77EFF26
:109EA0000346002B05D0FB8E43F02003FB86FB6AA4
:109EB0007B62BB6A002B10D107F110031A46B96808
:109EC000F868FFF7E7FE0346002B06D0FB8E43F051
:109ED0001003FB8607F11003FB61FB8E002B0AD0F9
:109EE000FB8E43F08003FB8607F11C02FB8E1946B4
:109EF000F86800F099F900BF3837BD4680BD00BF53
:109F0000280B040880B483B000AF7860044A7B68F3
:109F1000136000BF0C37BD465DF8047B704700BF7F
:109F20005480012080B586B000AF78607B68002B3C
:109F300007D1184B4FF45472174918480DF052FCD2
:109F400024E07B6893F8353003F00103002B1DD12A
:109F50007B6893F8353043F00103DAB27B6883F80D
:109F600035207B68DB69002B03D07B68DB69786870
:109F7000984701233B7307F10C031A4608217868C0
:109F800000F052F90321786800F00AF81837BD464E
:109F900080BD00BF58D403082CD60308F4D40308AE
:109FA00080B582B000AF78600B46FB707B68002BF9
:109FB00006D1184B40F26D32174918480DF012FCCB
:109FC0007B6893F8353003F00403002B1ED07B68C8
:109FD00093F8353003F00103002B17D0FB7803F022
:109FE0000103002B13D07B6804331B68002B0ED0B9
:109FF0007B6893F8353003F00803002B07D07B68AB
:10A000000433194678680AF0E3FD00E000BF083722
:10A01000BD4680BD58D4030848D60308F4D40308CD
:10A0200080B586B000AF78607B68002B07D11B4BF2
:10A0300040F29B321A491B480DF0D4FB2AE07B68A2
:10A0400093F8353003F00103002B23D000233B733A
:10A0500007F10C031A460821786800F0E5F87B68E0
:10A0600093F8353023F00103DAB27B6883F83520AA
:10A070007B6893F8353003F00803002B02D0786832
:10A080000AF060F97B68DB69002B03D07B68DB6931
:10A09000786898471837BD4680BD00BF58D403087C
:10A0A0006CD60308F4D4030880B586B000AF78609E
:10A0B0007B68002B07D1194B4FF478721849194867
:10A0C0000DF090FB27E07B6893F8353003F0040334
:10A0D000002B20D17B6893F8353043F00403DAB2CB
:10A0E0007B6883F83520786808F072FB0321786874
:10A0F000FFF756FF7B681B6A002B03D07B681B6A47
:10A100007868984701233B7307F10C031A46042132
:10A11000786800F089F81837BD4680BD58D4030828
:10A120008CD60308F4D4030880B586B000AF7860FD
:10A130007B68002B07D1164B40F2064215491648A2
:10A140000DF050FB20E07B6893F8353003F00403FA
:10A15000002B19D07B6893F8353023F00403DAB272
:10A160007B6883F835207B681B6A002B03D07B68F3
:10A170001B6A7868984700233B7307F10C031A4663
:10A180000421786800F050F81837BD4680BD00BF44
:10A1900058D40308B0D60308F4D4030880B483B0BD
:10A1A00000AF786039607B68002B02D07B683A682A
:10A1B0001A6200BF0C37BD465DF8047B704780B45F
:10A1C00085B000AFF860B9607A606FF00B03184695
:10A1D0001437BD465DF8047B7047000080B485B03D
:10A1E00000AF0346FB71FB79002B13D00D4B1B68AE
:10A1F000FB600CE0FB6893F838300133DBB2FA798E
:10A200009A4201D1FB6806E0FB681B68FB60FB68B3
:10A21000002BEFD1002318461437BD465DF8047BB0
:10A22000704700BF5080012080B586B000AFF86055
:10A230000B467A607B810F4B1B687B61FB68002BB0
:10A2400010D10D4B40F2FC620C490D480DF0CAFADA
:10A2500008E07B691B6879897A68F86898477B69A8
:10A260005B687B617B69002BF3D100BF00BF1837AF
:10A27000BD4680BD4C80012058D4030814D7030884
:10A28000F4D4030880B582B000AF0CF0C9F938608F
:10A290000D4B00221A7038680CF0D0F90B4B1B687C
:10A2A0007B600AE07B685B6F002B03D0786802F06C
:10A2B000AFFD05E07B68DB687B607B68002BF1D13C
:10A2C0000837BD4680BD00BF59800120688001204D
:10A2D00080B582B000AF7860FFF7D4FF00BF0837C9
:10A2E000BD4680BD80B582B000AF0CF099F97860B2
:10A2F0000F4B1B78FB700E4B01221A7078680CF024
:10A300009DF9FB78002B0FD100210A48FEF7C4FA13
:10A310000346002B08D00CF083F97860044B002230
:10A320001A7078680CF08AF900BF0837BD4680BD06
:10A3300059800120D1A2020880B485B000AFF86036
:10A34000B96011461A460B46FB801346BB80FB687A
:10A3500000221A60FB68BA685A60FB68FA881A81A2
:10A36000FB68BA885A813B8BDAB2FB681A73FB68C8
:10A370003A7F5A73FB6801229A73FB680022DA73F2
:10A3800000BF1437BD465DF8047B704780B58CB0C4
:10A3900002AF0346FB710B46BB8013467B80FB7903
:10A3A0007B847B88B3F5207F7FD0B3F5207F00F3DB
:10A3B000C880B3F5C17F10D0B3F5C17F00F3C18071
:10A3C000012B02D0412B40F0BC807A88BB88194613
:10A3D000002000F0D1F87862BDE000237B6200230A
:10A3E000FB61BB887B830D20FFF7BCFA38613B69BA
:10A3F000002B09D1FFF776FF7B6A002B02D0786A29
:10A4000000F0A8FA0023A7E07B8C03339BB223F073
:10A4100003039BB2C3F514739BB27A8B934228BF9C
:10A420001346FB817B8C10333A691344033323F0CA
:10A4300003031846F9897A8B002301937B880093E4
:10A440000B4601463869FFF777FF3B695B6803F00D
:10A450000303002B06D0424B4FF48072414942481F
:10A460000DF0C0F97B8C033323F00303B3F5147FA5
:10A4700006D13B4B4FF481723C493B480DF0B2F999
:10A480007B6A002B02D13B697B6202E0FB693A697F
:10A490001A603B69FB617A8BFB89D31A7B830023AB
:10A4A0007B847B8B002B9ED155E07B8C03339BB24E
:10A4B00023F003039AB2BB8803339BB223F0030358
:10A4C0009BB213443B833B8B1033FB823A8BBB889C
:10A4D000033323F003039A4206D3FA8ABB8803337B
:10A4E00023F003039A4201D2002335E0FB8A184689
:10A4F000FFF794F878627B6A002B01D100232BE0F0
:10A500007B8C10337A6A1344033323F00303184619
:10A51000B988BA88002301937B8800930B460146D3
:10A52000786AFFF709FF7B6A5B6803F00303002B7F
:10A5300010D00B4B4FF491720D490B480DF052F9AE
:10A5400008E0074B40F227120A4907480DF04AF984
:10A55000002301E000BF7B6A18462837BD4680BD56
:10A560002CD70308A8D70308D8D7030800D80308B6
:10A5700034D8030860D8030880B586B002AF78608D
:10A580000B467B8013463B803B88412B09D03B88A0
:10A59000012B06D00F4B4FF4A5720F490F480DF059
:10A5A00021F90C20FFF7DEF9F860FB68002B01D1E0
:10A5B00000230BE079887A88002301933B8800937D
:10A5C0000B467968F868FFF7B7FEFB681846103746
:10A5D000BD4680BD2CD703087CD80308D8D7030814
:10A5E00080B588B002AF7B600346FB730B46BB812E
:10A5F00013467B81FB7B7B827B8A033323F0030240
:10A60000BB891A44BB8C9A4201D9002318E03B6AEB
:10A61000002B07D07B8A033323F003033A6A1344E9
:10A620007B6101E000237B617868B989BA890223E4
:10A6300001937B8900930B467969FFF77DFE7B6868
:10A6400018461837BD4680BD80B584B000AF78602D
:10A650000B467B807B68002B06D13A4B4FF4CC72C3
:10A6600039493A480DF0BEF87B681B897A889A42CE
:10A6700063D27B681A897B88D31A3B817B887B8174
:10A680007B68FB6018E0FB685B897A89D31A7B8161
:10A69000FB681A893B89D31A9AB2FB681A81FB6856
:10A6A0001B68FB60FB68002B06D1264B40F2AF1203
:10A6B000274926480DF096F8FB685B897A899A420B
:10A6C000E1D8FB681B7B03F00F03002B21D1FB6853
:10A6D0005B897A899A421CD0FB685B7B03F002039A
:10A6E000002B16D1FB685A68FB68D31A9AB27B8993
:10A6F00013449BB21946F868FEF786FEF860FB68C3
:10A70000002B06D10F4B40F2BD1212490F480DF03D
:10A7100069F8FB687A895A81FB685A89FB681A8153
:10A72000FB681B68002B04D0FB681B68184600F010
:10A7300011F9FB6800221A6000E000BF1037BD4627
:10A7400080BD00BF2CD7030890D80308D8D70308D2
:10A75000A8D80308C0D8030880B586B000AFF86059
:10A76000B9601346FB71FB68002B06D12B4B40F2FE
:10A77000DF122B492B480DF035F8FB68002B03D076
:10A78000BB68B3F5803F01D3012343E0BB68002BD6
:10A7900001D100233EE0BB687B82FB681A897B8A7B
:10A7A00013449BB27A8A9A4201D9012332E0FB68B2
:10A7B0001B7B3B823B8A03F08003002B0CD0FB68A1
:10A7C0005A68BB685B4213447B61FB6810337A694B
:10A7D0009A420DD201231DE0FB79002B06D0FB68C5
:10A7E0005A68BB685B4213447B6101E0012311E0BE
:10A7F000FB687A695A60FB685A897B8A13449AB26B
:10A80000FB685A81FB681A897B8A13449AB2FB68F9
:10A810001A81002318461837BD4680BD2CD703087F
:10A82000DCD80308D8D7030880B582B000AF7860C1
:10A830003960002239687868FFF78EFF03461846B2
:10A840000837BD4680BD000080B584B000AF786099
:10A8500039607B68002B06D1204B40F24B22204907
:10A8600020480CF0BFFF7B68002B03D03B68B3F59A
:10A87000803F01D301232CE03B68002B01D1002352
:10A8800027E03B68FB817B685B89FA899A4208D99B
:10A89000124B40F25522144912480CF0A3FF012339
:10A8A00017E07B685B68BB607B685A683B681A444A
:10A8B0007B685A607B685A89FB89D31A9AB27B6895
:10A8C0005A817B681A89FB89D31A9AB27B681A81EC
:10A8D000002318461037BD4680BD00BF2CD70308A3
:10A8E000DCD80308D8D70308E8D8030880B582B0BD
:10A8F00000AF78600B467B8013467B70B7F902305F
:10A90000002B08DAB7F902305B4219467868FFF786
:10A910009BFF034607E0B7F902307A78194678685A
:10A92000FFF71AFF034618460837BD4680BD80B5BD
:10A9300082B000AF78600B467B80B7F9023001220D
:10A9400019467868FFF7D2FF034618460837BD4618
:10A9500080BD000080B588B000AF78607B68002BB8
:10A960000BD17B68002B06D13B4B4FF437723B4930
:10A970003B480CF037FF002369E00023FB7762E0DF
:10A980000BF04EFEB8617B689B7B002B06D1324BEF
:10A9900040F2F122334932480CF024FF7B689B7B64
:10A9A000013BDAB27B689A737B689B7BFB75B86965
:10A9B0000BF044FEFB7D002B43D17B681B683B61A1
:10A9C0007B681B7B03F00F03FB737B685B7B03F0EF
:10A9D0000203002B11D07B68BB60BB681B69002B96
:10A9E00006D11D4B40F2FF221F491D480CF0FAFE14
:10A9F000BB681B69786898471DE0FB7B022B04D17C
:10AA000079680D20FFF724F815E0FB7B012B04D1BA
:10AA100079680C20FFF71CF80DE0FB7B002B03D1BD
:10AA20007868FEF761FC06E00B4B40F20F320F49ED
:10AA30000B480CF0D7FEFB7F0133FB773B697B6053
:10AA400001E000237B607B68002B99D1FB7F1846D7
:10AA50002037BD4680BD00BF2CD70308DCD80308D3
:10AA6000D8D7030808D9030820D9030844D9030814
:10AA700080B485B000AF78600023FB8105E0FB89DE
:10AA80000133FB817B681B687B607B68002BF6D100
:10AA9000FB8918461437BD465DF8047B70470000FB
:10AAA00080B584B000AF78607B68002B16D00BF0C7
:10AAB000B7FDF8607B689B7B0133DAB27B689A73E1
:10AAC000F8680BF0BBFD7B689B7B002B06D1054B28
:10AAD00040F24232044905480CF084FE00BF1037B2
:10AAE000BD4680BD2CD7030858D90308D8D7030822
:10AAF00080B584B000AF786039607B68002B02D0ED
:10AB00003B68002B07D1204B40F259321F492048A7
:10AB10000CF068FE34E07B68FB600AE0FB681A8991
:10AB20003B681B8913449AB2FB681A81FB681B6857
:10AB3000FB60FB681B68002BF0D1FB681A89FB687F
:10AB40005B899A4206D0104B40F26232114910489C
:10AB50000CF048FEFB681B68002B06D00A4B40F245
:10AB600063320D490A480CF03DFEFB681A893B68C8
:10AB70001B8913449AB2FB681A81FB683A681A6011
:10AB80001037BD4680BD00BF2CD703086CD9030821
:10AB9000D8D70308A4D90308D4D9030880B582B054
:10ABA00000AF7860396039687868FFF7A1FF3868CE
:10ABB000FFF776FF00BF0837BD4680BD80B586B081
:10ABC00000AF7860396000237B6100233B617B68C4
:10ABD000002B08D03B68002B05D07B681A893B68A6
:10ABE0001B899A4209D2574B40F2C93256495748FD
:10ABF0000CF0F8FD6FF00F039FE07B685B891A464D
:10AC00007B69D21A3B685B8919463B69CB1A9A4229
:10AC100006D33B685B891A463B69D31AFB6005E0A3
:10AC20007B685B891A467B69D31AFB607B685A682C
:10AC30007B69D0183B685A683B691344FA68194627
:10AC40000DF021F97A69FB6813447B613A69FB686E
:10AC500013443B617B685B891A467B69934206D942
:10AC6000384B40F2D9323A4938480CF0BBFD3B68CA
:10AC70005B891A463B69934206D9324B40F2DA327D
:10AC8000344932480CF0AEFD3B685B891A463B699B
:10AC9000934204D300233B613B681B683B607B68A5
:10ACA0005B891A467B69934214D100237B617B68E0
:10ACB0001B687B607B68002B0CD13B68002B09D0A4
:10ACC000204B4FF47972244920480CF08BFD6FF033
:10ACD0000F0332E03B68002B13D03B685A893B6876
:10ACE0001B899A420DD13B681B68002B09D0154B7C
:10ACF00040F2E932194915480CF074FD6FF0050374
:10AD00001BE07B68002B13D07B685A897B681B890A
:10AD10009A420DD17B681B68002B09D0094B40F289
:10AD2000EE320E4909480CF05DFD6FF0050304E0BA
:10AD30003B68002B7FF461AF002318461837BD46EF
:10AD400080BD00BF2CD7030820DA0308D8D703083A
:10AD500050DA030868DA030884DA030894DA03088F
:10AD600080B588B000AFF860B96011461A460B464E
:10AD7000FB801346BB8000237B830023FB82FB68A0
:10AD8000002B08D12B4B40F20A422B492B480CF0E8
:10AD900029FD00234AE0BB68002B08D1254B40F277
:10ADA0000B42274925480CF01DFD00233EE0FB68BF
:10ADB000FB6134E0BB88002B0AD0FB695B89BA8851
:10ADC0009A4205D3FB695B89BA88D31ABB8023E01A
:10ADD000FB695A89BB88D31A3B833A8BFB889A421A
:10ADE00001D9FB883B837B8BBA68D018FB695A6812
:10ADF000BB8813443A8B19460DF045F8FA8A3B8B11
:10AE00001344FB827A8B3B8B13447B83FA883B8B06
:10AE1000D31AFB800023BB80FB691B68FB61FB88A6
:10AE2000002B02D0FB69002BC4D1FB8A18462037C7
:10AE3000BD4680BD2CD70308C0DA0308D8D7030865
:10AE4000E0DA030880B487B000AFF8600B467A60A0
:10AE50007B817B89FB82FB683B6107E03B695B8907
:10AE6000FA8AD31AFB823B691B683B613B69002B62
:10AE700004D03B695B89FA8A9A42EFD27B68002B47
:10AE800002D07B68FA8A1A803B6918461C37BD4697
:10AE90005DF8047B704780B586B000AFF8600B4664
:10AEA0007A607B817B897A681946F868FFF7CAFF68
:10AEB00078617B6918461837BD4680BD80B588B07B
:10AEC00000AFF860B9601346FB80FB887B6100230C
:10AED0003B61FB68002B09D13A4B40F2B3423A493F
:10AEE0003A480CF07FFC6FF00F0367E0BB68002B63
:10AEF00009D1344B40F2B442354934480CF072FC6D
:10AF00006FF00F035AE0FB681B89FA889A4209D94F
:10AF10002C4B40F2B5422F492C480CF063FC4FF00B
:10AF2000FF334BE0FB68002B07D0BB68002B04D03D
:10AF3000FB681B89FA889A4202D96FF00F033DE043
:10AF4000FB68FB6128E0FB69002B06D11D4B40F23A
:10AF5000BD4221491D480CF045FC7B69BB61FB6982
:10AF60005B891A46BB69934202D9FB695B89BB6165
:10AF7000FB695868BA683B691344BA6919460CF012
:10AF800082FF7A69BB69D31A7B613A69BB69134452
:10AF90003B61FB691B68FB617B69002BD3D17B693B
:10AFA000002B03D1FB883A699A4206D0054B4FF437
:10AFB00099620A4905480CF015FC00231846203711
:10AFC000BD4680BD2CD7030850DB0308D8D7030843
:10AFD00068DB030884DB0308A4DB0308BCDB03088D
:10AFE00080B588B000AFF860B96011461A460B46CC
:10AFF000FB801346BB8007F11002BB881946F86836
:10B00000FFF749FFF861FB69002B47D0FB691B89FB
:10B010001A463B8A1946FB880B449A423EDBFB8862
:10B020007B83BB687B61FB695A893B8A9A4206D85D
:10B030001D4B40F2E3421D491D480CF0D3FBFB6958
:10B040005B891A463B8AD21AFB889A4205DAFB6969
:10B050005A893B8AD31A9BB200E0FB887B82FB694A
:10B060005B683A8A13447A8AB96818460CF00BFF79
:10B070007A8B7B8AD31A7B837B8A7A6913447B61C0
:10B080007B8B002B08D0FB691B687A8B796918468B
:10B09000FFF714FF034603E0002301E04FF0FF3306
:10B0A00018462037BD4680BD2CD70308D4DB0308E3
:10B0B000D8D7030880B584B000AF03463A60FB716F
:10B0C0000B46BB803B681989BA88FB791846FFF7A5
:10B0D0005DF9F860FB68002B01D1002311E03968AD
:10B0E000F868FFF76BFD0346FB7297F90B30002BF6
:10B0F00006D0064B40F22452054906480CF072FB7C
:10B10000FB6818461037BD4680BD00BF2CD703082A
:10B11000ECDB0308D8D7030880B584B000AF7860B3
:10B120000B467B8013467B7007F10A027B88194629
:10B130007868FFF7B0FEF860FB68002B0AD0FB6868
:10B140005A897B899A4205D9FB685B687A891344DE
:10B150007A781A7000BF1037BD4680BD80B500AF49
:10B160000BF068FB03469BB2C3F30D039BB2A3F540
:10B1700080439AB2014B1A8000BF80BD8800002036
:10B1800080B582B000AF78607B681B7D012B05D154
:10B19000064BD422064907480CF024FB79680120AD
:10B1A000FEF756FC00BF0837BD4680BD78DC0308BB
:10B1B000F4DC030808DD030880B582B000AF7860D6
:10B1C0007B681B7D012B05D1064BDF220649074812
:10B1D0000CF008FB79680220FEF73AFC00BF083744
:10B1E000BD4680BD78DC030830DD030808DD0308B8
:10B1F00080B500AF01F0A8F8074B1B780133DAB235
:10B20000054B1A70044B1B7803F00103002B01D08F
:10B2100000F058FD00BF80BD7180012080B584B072
:10B2200000AF786039603B68002B05D10D4BFF22E1
:10B230000D490E480CF0D6FA7B68FB600AE0FB680B
:10B24000DB6F3A689A4202D1FB680022DA67FB683A
:10B25000DB68FB60FB68002BF1D100BF00BF10373B
:10B26000BD4680BD78DC03084CDD030808DD03081B
:10B2700080B584B000AF78607B68002B06D1144B9A
:10B2800040F21112134914480CF0ACFA7B681B7D94
:10B29000012B06D00E4B4FF4897210490E480CF06A
:10B2A000A1FA0123FB600BE00D4AFB6852F8233042
:10B2B0001B6879681846FFF7B1FFFB680133FB6034
:10B2C000FB68032BF0D900BF00BF1037BD4680BD1F
:10B2D00078DC030874DD030808DD030880DD03085B
:10B2E000E80A0408B0B588B004AF78600B46FB707C
:10B2F0007B68002B06D1634B4FF4AF726249634801
:10B300000CF070FAFB78002B66D07B681B7D042B59
:10B3100003D07B681B7D072B5ED17B689B6F002B66
:10B3200004D17B681B8DB3F5066F55D07B685B8BB2
:10B3300003F01003002B06D1524B4FF4B272544964
:10B3400052480CF04FFA7B68186D7B685C6A7D6828
:10B350007B6804337A68D28A7968098B02910192FA
:10B3600000932B4622460146786805F0B7FD7868C1
:10B3700001F09AFB474B1B687A689A4205D1454B0E
:10B380001B68DB68434A136013E0424B1B68FB6099
:10B390000CE0FB68DB687A689A4204D17B68DA6863
:10B3A000FB68DA6005E0FB68DB68FB60FB68002B8C
:10B3B000EFD17B680022DA60374B01221A70374BDD
:10B3C0001B687A689A4202D104F02EF802E078688D
:10B3D000FFF7D6FE002350E07B681B7D022B3BD09D
:10B3E000022B44DC002B02D0012B2AD03FE07B68EB
:10B3F000DB8A002B21D02A4B1B687A689A4205D140
:10B40000274B1B68DB68264A136013E0244B1B683C
:10B41000BB600CE0BB68DB687A689A4204D17B6849
:10B42000DA68BB68DA6005E0BB68DB68BB60BB68F4
:10B43000002BEFD17B680022DA607868FFF7A0FE6E
:10B440001AE07868FFF714FF7968164801F07CFB72
:10B450007868FFF7B1FE0FE079680E4801F074FBE1
:10B460000D4B01221A707868FFF78AFE04E07868B5
:10B4700000F01AF8034600E0002318461037BD46D6
:10B48000B0BD00BF78DC030898DD030808DD0308C1
:10B49000B8DD03086880012070800120A8800120A9
:10B4A000608001206480012080B584B000AF7860A6
:10B4B0007B68002B06D12E4B4FF4CE722D492E48BF
:10B4C0000CF090F97B681B7D072B20D0072B2BDC21
:10B4D000032B02D0042B0DD026E0786804F00CFE7C
:10B4E0000346FB7397F90F30002B1FD17B680522B1
:10B4F0001A751BE0786804F0FFFD0346FB7397F9AB
:10B500000F30002B14D17B6805221A7510E0786883
:10B5100004F0F2FD0346FB7397F90F30002B09D1BD
:10B520007B6809221A7505E000231CE000BF02E0D9
:10B5300000BF00E000BF97F90F30002B03D17868FF
:10B5400004F018FF0DE097F90F30B3F1FF3F08D179
:10B550007B685B8B43F008039AB27B685A830023B5
:10B5600001E097F90F3018461037BD4680BD00BF87
:10B5700078DC030874DD030808DD030880B582B0B9
:10B5800000AF78607B68002B09D10F4B4FF4F47249
:10B590000E490F480CF026F96FF00F030FE07B689F
:10B5A0001B7D012B06D07B685B8B43F010039AB2A6
:10B5B0007B685A8301217868FFF794FE034618469A
:10B5C0000837BD4680BD00BF78DC0308D4DD030822
:10B5D00008DD030880B584B000AFF860B9607A6018
:10B5E000FB68002B09D1264B40F20722254926484B
:10B5F0000CF0F8F86FF00F033DE0FB681B7D012BAA
:10B6000002D16FF00A0336E0BB68002B1BD0FB6849
:10B610005B8B43F010039AB2FB685A837B68002B64
:10B6200005D00121F868FFF75DFE034623E0FB68C3
:10B630009B6F002B07D0FB689B6F1846FFF78AF9BA
:10B64000FB6800229A677B68002B13D0FB681B7D88
:10B65000042B02DC032B02DA09E0072B07D1BB68BD
:10B66000DBB21946F868FFF73DFE034603E06FF0D2
:10B670000A0300E0002318461037BD4680BD00BF16
:10B6800078DC0308ECDD030808DD030880B58EB024
:10B6900004AF786039607B68002B07D1524B40F2D1
:10B6A0003D22524952480CF09DF899E07B681B7D81
:10B6B000012B06D14C4B4FF410724E494C480CF004
:10B6C00091F87B681B7D0A2B07D179684A4801F005
:10B6D0003BFA7868FFF754FD82E000237B62002389
:10B6E0007B847B681B6DBB617B685B6A7B617B686D
:10B6F000D3F890303B617B681B69FB607B681B7DE6
:10B70000002B26D17B68DB8A002B2ED03B4B1B689D
:10B710007A689A4205D1394B1B68DB68374A136057
:10B7200013E0364B1B68FB610CE0FB69DB687A6851
:10B730009A4204D17B68DA68FB69DA6005E0FB694C
:10B74000DB68FB61FB69002BEFD17B680022DA60CC
:10B750000BE03B687B627B68DB8A7B8479682848E6
:10B7600001F0F2F9274B01221A707B681B6F002B46
:10B7700004D07B681B6F184600F0C6FE7B68DB6E4A
:10B78000002B04D07B68DB6E184600F0BDFE7B68A2
:10B790005B6F002B04D07B685B6F184600F0B4FE33
:10B7A0007B6A002B0ED079687B6804337A68128B31
:10B7B00002927A8C019200930B467A69B969786893
:10B7C00005F08CFB7B681B7DFB727868FFF7D8FC6B
:10B7D0003B69002B04D03B696FF00C01F868984777
:10B7E0002837BD4680BD00BF78DC030808DE0308AB
:10B7F00008DD030824DE03086C800120608001203E
:10B80000688001207080012080B582B000AF786030
:10B8100001217868FFF73AFF00BF0837BD4680BDB9
:10B8200080B588B000AFF860B9601346FB80042390
:10B830007B61BB68002B01D13E4BBB60FB68002BDA
:10B8400009D13D4B40F2A9223C493D480BF0CAFFCB
:10B850006FF00F036AE0FB681B7D002B09D0364BAD
:10B8600040F2AB22374936480BF0BCFF6FF00503BE
:10B870005CE0FB88002B09D100F0DEF90346FB8079
:10B88000FB88002B35D16FF001034FE00023FB61F3
:10B890002BE02D4AFB6952F823301B68BB611EE088
:10B8A000BB69DB8AFA889A4216D1BB69002B10D09B
:10B8B000BB691B68002B0CD0BB68002B09D0BB6890
:10B8C0001B68002B05D0BB691A68BB681B689A42CD
:10B8D00002D16FF0070329E0BB69DB68BB61BB697C
:10B8E000002BDDD1FB690133FB61FA697B699A4268
:10B8F000CFDBBB68002B0CD0BB681B68002B08D0CB
:10B90000BB68002B02D0BB681B6800E00023FA680C
:10B910001360FB68FA88DA820C4B1A68FB68DA60FD
:10B920000A4AFB68136005F09BFC00231846203789
:10B93000BD4680BD280B040878DC030858DE0308E8
:10B9400008DD030870DE0308E80A040860800120AF
:10B9500080B584B000AFF860B9601346FB71BB6876
:10B96000002B06D1074B40F20F32074907480BF076
:10B9700039FFB868FFF748FF6FF00C03184610371F
:10B98000BD4680BD78DC030898DE030808DD0308A7
:10B9900080B588B000AFF8600B467A60FB72002378
:10B9A000FB61FB68002B09D1474B40F259324749F4
:10B9B00047480BF017FFF023FB7679E0FB681B7D0F
:10B9C000002B09D0404B40F25A32424940480BF01C
:10B9D00009FFF123FB766BE0FB681B7D012B04D193
:10B9E000FB68FB61F723FB7662E00220FDF7BAFFFC
:10B9F000F861FB69002B02D1FF23FB7658E0FB685E
:10BA00001A69FB691A61FB68DA8AFB69DA82FB69E9
:10BA100001221A75FB685A7DFB695A75FB685A7AD0
:10BA2000FB695A72FB6900221A72FB68DA7AFB69B9
:10BA3000DA72FB689A7AFB699A72FB681A68FB698A
:10BA40001A60FB68DB8A002B21D0234B1B68FA6845
:10BA50009A4205D1204B1B68DB681F4A136013E034
:10BA60001D4B1B687B610CE07B69DB68FA689A42BE
:10BA700004D1FB68DA687B69DA6005E07B69DB6822
:10BA80007B617B69002BEFD1FB680022DA60F868EC
:10BA9000FFF776FBFB69114A9A61114B1A68FB6943
:10BAA000DA600F4AFB69136005F0DAFB0023FB76CE
:10BAB0007B68002B02D07B68FA7E1A70FB691846FF
:10BAC0002037BD4680BD00BF78DC0308B8DE030820
:10BAD00008DD0308E8DE03086080012051B9020890
:10BAE0006480012080B584B000AF78607B68002B53
:10BAF00006D1254B40F2A632244925480BF072FEB0
:10BB00007B685B6A7A68128D1344FB607B68DB6A32
:10BB10007A68528EB2F5866F28BF4FF4866292B271
:10BB20001344FA68D31A002B08DB7B681A8D7B68F4
:10BB30005A857B68DB6AFA68D31A20E07B685A6A08
:10BB40007B68DB6AD31A002B03DD7B6800225A85F1
:10BB500014E07B68DA6A7B685B6AD31ABB60BB68F7
:10BB6000B3F5803F06D3084B40F2B6320949084886
:10BB70000BF038FEBB689AB27B685A8500231846E2
:10BB80001037BD4680BD00BF78DC030820DF030806
:10BB900008DD030844DF030880B584B000AF786097
:10BBA0000B467B807B68002B07D11F4B40F2CF32C6
:10BBB0001E491F480BF016FE32E07B681B7D012BEF
:10BBC00006D1194B40F2D2321A4919480BF00AFE3D
:10BBD0007B681A8D7B881344FB81FB89B3F5066F64
:10BBE00004D87B681B8DFA899A4204D27B684FF493
:10BBF00006621A8502E07B68FA891A857868FFF781
:10BC000071FFB860BB68B3F5067F09D37B685B8BB7
:10BC100043F002039AB27B685A83786804F0AAFB67
:10BC20001037BD4680BD00BF78DC030860DF030825
:10BC300008DD030878DF030880B483B000AF002379
:10BC4000BB801E4B1B8801339AB21C4B1A801B4BC6
:10BC50001B884FF6FF72934203D1184B4FF44042BA
:10BC60001A800023FB711EE0FB79154A52F823303D
:10BC70001B683B6011E03B68DA8A104B1B889A42D4
:10BC800008D1BB880133BB80BB88B3F5804FD8D3C4
:10BC900000230DE03B68DB683B603B68002BEAD18A
:10BCA000FB790133FB71FB79032BDDD9034B1B8837
:10BCB00018460C37BD465DF8047B704788000020AD
:10BCC000E80A0408B0B590B004AF002387F8253027
:10BCD000954B1B680133944A1360944B1B780133D6
:10BCE000DAB2924B1A7000E000BF0023BB62904BA7
:10BCF0001B68FB629FE2FB6A1B7D002B06D18D4B0C
:10BD000040F2BE428C498D480BF06CFDFB6A1B7DF6
:10BD1000012B06D1874B40F2BF42894987480BF07F
:10BD200061FDFB6A1B7D0A2B06D1824B4FF49862A2
:10BD3000844982480BF056FDFB6A9A7F7B4B1B7847
:10BD40009A4205D1FB6ABB62FB6ADB68FB6272E266
:10BD5000764B1A78FB6A9A77002387F827300023FE
:10BD600087F82630FB6A1B7D022B0AD1FB6A93F809
:10BD70004230052B05D997F82730013387F8273053
:10BD80001EE1FB6A93F842300B2B05D997F8273058
:10BD9000013387F8273013E1FB6A93F89930002BC1
:10BDA00075D0FB6A1B6F002B06D0624B40F2D44269
:10BDB000654962480BF016FDFB6ADB6E002B06D16D
:10BDC0005C4B40F2D54261495C480BF00BFDFB6ACD
:10BDD00093F89A300B2B05D997F82730013387F861
:10BDE0002730EDE0FB6A93F89930013B584AD35C69
:10BDF0007B74FB6A93F898307A7C9A4207D9FB6A85
:10BE000093F898300133DAB2FB6A83F89820FB6A22
:10BE100093F898307A7C9A4200F2D28001233B62F8
:10BE2000FB6AB3F86030002B08D1F86A05F04AF9D4
:10BE30000346002B14D000233B6211E0FB6AB3F8E9
:10BE400060301946F86A04F00FF80346002B07D15A
:10BE5000F86A04F08FFA0346002B01D100233B62FD
:10BE60003B6A002B00F0AC80FB6A002283F898202C
:10BE7000FB6A93F89930062B00F2A280FB6A93F8D4
:10BE800099300133DAB2FB6A83F8992098E0FB6AB3
:10BE9000B3F93030002B0FDBFB6AB3F9303047F6D3
:10BEA000FF72934208D0FB6AB3F930309BB2013382
:10BEB0009BB21AB2FB6A1A86FB6AB3F93020FB6A9E
:10BEC000B3F940309A427BDBF86A04F047FD034641
:10BED000002B07D0FB6A1B6F002B71D1FB6ADB6E56
:10BEE000002B6DD0FB6A1B7D022B3AD0FB6A93F8C6
:10BEF00042300C2B28BF0C23FB76FB6AB3F93C3095
:10BF0000DB101BB21A46FB6AB3F93E301344FA7ECB
:10BF100010498A5C93407B617B6947F6FE729342CD
:10BF20001ADC7B691AB219E05C8001207280012062
:10BF30006880012078DC030808E0030808DD0308B6
:10BF400034E0030860E0030890E00308C4E003085D
:10BF5000E00A0408D00A040847F6FF72FB6AA3F857
:10BF60004020FB6A00221A86FB6AB3F86020FB6A55
:10BF7000B3F84830934228BF13467B827B8A5B0824
:10BF80009AB2FB6AA3F84A20FB6AB3F84A20FB6A1C
:10BF90005B8E5B009BB29A4206D2FB6A5B8E5B00B3
:10BFA0009AB2FB6AA3F84A20FB6A5A8EFB6AA3F88E
:10BFB0004820FB6A0022A3F86A20F86A04F03EFDDC
:10BFC000FB6A1B7D062B11D1FB6A5B8B03F0100310
:10BFD000002B0BD09D4B1A68FB6A1B6AD31A282BC7
:10BFE00004D997F82730013387F82730FB6A5B7A4A
:10BFF00003F00803002B4CD0FB6A1B7D042B03D0FD
:10C00000FB6A1B7D072B44D1904B1A68FB6A1B6AA5
:10C01000D21AFB6AD3F8943003F5242303F6B8430D
:10C020008B49A1FB03135B099A420AD997F8273081
:10C03000013387F8273097F82630013387F8263008
:10C0400027E0824B1A68FB6A1B6AD21AFB6AD3F894
:10C050009410FB6A93F89B3018467E4B00FB03F369
:10C060000B447B49A1FB03135B099A4211D9F86A7F
:10C0700004F0E8FF034687F8253097F92530002BB8
:10C0800007D1FB6A93F89B300133DAB2FB6A83F87D
:10C090009B20FB6A5B6F002B11D06C4B1A68FB6A0C
:10C0A0001B6AD21AFB6AB3F9403019460B465B0093
:10C0B0000B445B009A4202D3F86A00F0A9FEFB6AC7
:10C0C0001B7D032B0BD1614B1A68FB6A1B6AD31AC9
:10C0D000282B04D997F82730013387F82730FB6ADB
:10C0E0001B7D092B0BD1594B1A68FB6A1B6AD31AAB
:10C0F000F02B04D997F82730013387F8273097F8C9
:10C100002730002B60D0FB6AD3F89030FB60F86AD0
:10C1100000F0CAFCBB6A002B10D04F4B1B68FA6AB8
:10C120009A4206D14D4B40F26D524D494D480BF0AD
:10C1300059FBFB6ADA68BB6ADA600FE0464B1B68A2
:10C14000FA6A9A4206D0454B40F271524649454838
:10C150000BF048FBFB6ADB683F4A136097F8263018
:10C16000002B13D0FB6A186DFB6A5C6AFD6AFB6AE0
:10C170000433FA6AD28AF96A098B02910192009318
:10C180002B4622460146F86A04F0A8FEFB6A1B69AA
:10C19000BB60FB6A1B7DFB71FB6A3B60FB6ADB6873
:10C1A000FB623868FEF7ECFF304B00221A70FB6828
:10C1B000002B04D0FB686FF00C01B86898472B4B3C
:10C1C0001B78002B37D090E5FB6ABB62FB6ADB680B
:10C1D000FB62BB6A1B7F0133DAB2BB6A1A77BB6AA8
:10C1E0001A7FBB6A5B7F9A4225D3BB6A00221A770B
:10C1F0001E4B00221A70BB6AD3F88C30002B0BD078
:10C20000BB6AD3F88C30BA6A1269B96A104698478B
:10C21000034687F8253002E0002387F82530134BCA
:10C220001B78002B7FF460AD97F92530002B02D1ED
:10C23000B86A04F09FF8FB6A002B7FF45CAD002322
:10C24000BB620B4B1B68FB6267E000BF5C80012098
:10C25000D34D6210F82401006880012078DC0308C7
:10C26000FCE0030808DD030828E1030870800120D2
:10C270006C800120FB6A1B7D0A2B06D02B4B40F201
:10C28000A1522B492B480BF0ADFA002387F8273039
:10C29000294B1A68FB6A1B6AD31AF02B04D997F84A
:10C2A0002730013387F8273097F82730002B2FD01D
:10C2B000F86A00F0F9FBBB6A002B10D01F4B1B681B
:10C2C000FA6A9A4206D1194B40F2AF521C491948FA
:10C2D0000BF088FAFB6ADA68BB6ADA600FE0174B8A
:10C2E0001B68FA6A9A4206D0104B40F2B3521549C5
:10C2F00010480BF077FAFB6ADB68104A1360FB6AA0
:10C30000FB61FB6ADB68FB62F869FEF739FF04E05A
:10C31000FB6ABB62FB6ADB68FB62FB6A002BA9D18C
:10C3200000BF00BF3037BD46B0BD00BF78DC03089A
:10C3300054E1030808DD03085C8001206C800120C3
:10C3400084E10308ACE1030880B582B000AF2D4B57
:10C350001B780133DAB22B4B1A702B4B1B687B60B6
:10C3600048E07B689A7F274B1B789A423FD0254B49
:10C370001A787B689A777B685B8B03F00103002B4C
:10C3800010D07B685B8B43F002039AB27B685A83C0
:10C39000786803F0EFFF7B685B8B23F003039AB2AE
:10C3A0007B685A837B685B8B03F00803002B09D002
:10C3B0007B685B8B23F008039AB27B685A837868AA
:10C3C000FFF772F87B68DB683B607B689B6F002B34
:10C3D0000AD00E4B00221A70786800F019F80B4B47
:10C3E0001B78002B00D0B8E73B687B6002E07B68DD
:10C3F000DB687B607B68002BB3D100BF00BF0837D0
:10C40000BD4680BD728001206880012070800120BF
:10C4100090B585B000AF78607B68002B09D1374BB1
:10C4200040F20962364937480BF0DCF96FF00F0330
:10C4300060E07B689B6F5B7BBB737B689B6FBB60C3
:10C440007B6800229A677B68D3F88430002B0BD07E
:10C450007B68D3F884407B6818690023BA687968E0
:10C46000A0470346FB7307E00023BA687968002001
:10C4700000F0A4F80346FB7397F90F30002B2AD184
:10C48000BB7B03F02003002B33D07B681B8DB3F5FF
:10C49000066F05D07B681B8D01339AB27B681A85C5
:10C4A0007B68D3F88430002B0BD07B68D3F88440B2
:10C4B0007B681869002300227968A0470346FB7354
:10C4C00001E00023FB7397F90F3013F10D0F10D12A
:10C4D0006FF00C030EE097F90F3013F10D0F02D13E
:10C4E0006FF00C0306E07B68BA689A676FF004038C
:10C4F00000E0002318461437BD4690BD78DC0308E1
:10C50000D4E1030808DD030880B584B000AF78608B
:10C5100007E07B681B68FB60786800F00AF8FB683E
:10C520007B607B68002BF4D100BF00BF1037BD4695
:10C5300080BD80B582B000AF78607B68002B0CD0E6
:10C540007B685B68002B04D07B685B681846FEF74D
:10C5500001FA79680320FDF77BFA00BF0837BD4672
:10C5600080BD000080B584B000AF78607B68002B90
:10C5700006D10F4B40F282620E490F480BF032F9A0
:10C580000320FDF7EFF9F860FB68002B01D10023D1
:10C590000AE010227968F8680BF075FCFB685B68AC
:10C5A0001846FEF77DFAFB6818461037BD4680BD79
:10C5B00078DC030818E2030808DD030880B584B0BE
:10C5C00000AFF860B9607A60FB70BB68002B09D1DE
:10C5D000124B4FF4D362124912480BF003F96FF07B
:10C5E0000F0316E07B68002B09D07B681B89194676
:10C5F000B868FFF7D1FA7868FEF7ACF908E097F968
:10C600000330002B04D1B868FEF7B8FF034600E002
:10C61000002318461037BD4680BD00BF78DC0308F4
:10C6200034E2030808DD030880B586B000AF034696
:10C63000FB7197F90730002B01DBFB7900E07F23CA
:10C64000FB72FB7A002B34D0FB7A013BFB72002398
:10C65000FB6000233B61194B1B687B611FE07B691A
:10C660005B7DFA7A9A420CD87B695B7DFA7A9A42B2
:10C6700012D1134B1A687B691B6AD31AFA689A4263
:10C680000AD80F4B1A687B691B6AD31AFB607B6957
:10C690003B617B695B7DFB727B69DB687B617B69EE
:10C6A000002BDCD13B69002B04D03869FFF7ACF8D4
:10C6B00000E000BF1837BD4680BD00BF6880012084
:10C6C0005C80012080B586B000AF0346FB71FB792A
:10C6D000082B09D0FB79092B06D01A4B40F2DD62FA
:10C6E00019491A480BF07EF80023FB6000233B61D8
:10C6F000174B1B687B6117E07B691B7DFA799A42B7
:10C700000FD1144B1A687B691B6AD31AFA689A42D4
:10C7100007D8104B1A687B691B6AD31AFB607B69C8
:10C720003B617B69DB687B617B69002BE4D13B6902
:10C73000002B03D000213869FEF7A8FF00BF18378F
:10C74000BD4680BD78DC030850E2030808DD03081D
:10C75000688001205C80012080B584B000AF002398
:10C760007B600023BB60124B1B68FB6012E0114B27
:10C770001A68FB681B6AD31A7A689A4207D80D4B6D
:10C780001A68FB681B6AD31A7B60FB68BB60FB6896
:10C79000DB68FB60FB68002BE9D1BB68002B02D093
:10C7A000B868FFF731F800BF1037BD4680BD00BF45
:10C7B0006C8001205C80012080B582B000AF104BFE
:10C7C0001B687B6014E07B68DB683B607B685B8B8D
:10C7D00003F00803002B09D07B685B8B23F0080370
:10C7E0009AB27B685A837868FEF75EFE3B687B608E
:10C7F0007B68002BE7D100BF00BF0837BD4680BD76
:10C800006880012080B584B000AF0346FB71012031
:10C81000FDF7A8F8F860FB68002B26D1FFF7CCFFE6
:10C82000FFF79AFF0120FDF79DF8F860FB68002BE9
:10C830001BD10920FFF746FF0120FDF793F8F860B0
:10C84000FB68002B11D10820FFF73CFF0120FDF70A
:10C8500089F8F860FB68002B07D1FB791846FFF7D1
:10C86000E3FE0120FDF77EF8F860FB68002B3FD067
:10C870009C220021F8680BF0DFF9FB68FA795A7501
:10C88000FB684FF48662A3F86420FB684FF40662ED
:10C890005A85FB685A8DFB681A85FB68FF22DA729D
:10C8A000FB684FF406725A86FB680622A3F8402004
:10C8B000FB680622DA87FB684FF6FF721A86FB6870
:10C8C0000122A3F848200D4B1A68FB681A620C4B32
:10C8D0001A78FB689A77FB684FF48662A3F84A20BF
:10C8E000FB68084AC3F88420FB68074AC3F8942011
:10C8F000FB6818461037BD4680BD00BF5C80012034
:10C9000072800120BDC5020800DD6D0080B584B0D5
:10C9100000AF0346FB714020FFF774FFF860FB682F
:10C9200018461037BD4680BD80B483B000AF786034
:10C9300039607B68002B02D07B683A681A6100BFBF
:10C940000C37BD465DF8047B7047000080B582B0AF
:10C9500000AF786039607B68002B0ED07B681B7D50
:10C96000012B06D1074B40F2DF72074907480AF056
:10C9700039FF7B683A68C3F8842000BF0837BD469A
:10C9800080BD00BF78DC030860E2030808DD03080F
:10C9900080B582B000AF786039607B68002B0ED024
:10C9A0007B681B7D012B06D1074B40F2F3720749D0
:10C9B00007480AF017FF7B683A68C3F8802000BF79
:10C9C0000837BD4680BD00BF78DC030888E2030855
:10C9D00008DD030880B582B000AF786039607B68FD
:10C9E000002B0ED07B681B7D012B06D1074B40F638
:10C9F0000D02074907480AF0F5FE7B683A68C3F85C
:10CA0000902000BF0837BD4680BD00BF78DC03081A
:10CA1000B0E2030808DD030880B485B000AF786099
:10CA200039607B68002B08D07B681B7D012B04D10B
:10CA30007B68FB60FB683A689A6100BF1437BD46AB
:10CA40005DF8047B7047000080B584B000AFF860EB
:10CA5000B9601346FB71FB68002B07D10E4B40F603
:10CA60003D020E490E480AF0BDFE11E0FB681B7D39
:10CA7000012B06D1084B40F63E020A4908480AF04D
:10CA8000B1FEFB68BA68C3F88C20FB68FA795A7764
:10CA90001037BD4680BD00BF78DC0308D8E203082C
:10CAA00008DD0308F0E2030880B582B000AF7860CB
:10CAB0007B68002B07D1214B40F6510220492148C9
:10CAC0000AF090FE37E07B681B7D002B33D07B683B
:10CAD0001B7D0A2B2FD07B681B7D012B2BD07B6805
:10CAE0009B6F002B07D07B689B6F1846FDF732FFCA
:10CAF0007B6800229A677B685B6F002B02D07868A6
:10CB000000F086F97B684FF6FF721A867B68DB6E51
:10CB10001846FFF7F9FC7B681B6F1846FFF7F4FC1B
:10CB20007B680022DA667B68DA6E7B681A677B684E
:10CB30000022A3F868200837BD4680BD78DC0308D2
:10CB400010E3030808DD030880B584B000AF786007
:10CB500039603B68002B06D13E4B40F683023E49CC
:10CB60003E480AF03FFE7B68002B06D1394B40F669
:10CB700084023B4939480AF035FE7B681B683A68F5
:10CB80009A4205D17B681B68DA687B681A6013E0FB
:10CB90007B681B68FB600CE0FB68DB683A689A42C4
:10CBA00004D13B68DA68FB68DA6005E0FB68DB68A3
:10CBB000FB60FB68002BEFD13B680022DA6038682D
:10CBC000FFF772FF3B681B7D0A2B13D03B681B7D70
:10CBD000012B0FD03B685B8B03F00103002B09D0C6
:10CBE0003B685B8B43F002039AB23B685A83386818
:10CBF00003F0C0FB3B681B7D012B20D03B68DB6E44
:10CC0000002B06D0134B40F69302164913480AF046
:10CC1000E9FD3B681B6F002B06D00E4B40F69402DB
:10CC200011490E480AF0DEFD3B685B6F002B06D011
:10CC3000084B40F696020D4908480AF0D3FD3B68C0
:10CC400000221A753B680022DA8200BF1037BD4609
:10CC500080BD00BF78DC03082CE3030808DD03086F
:10CC600048E3030868E3030880E303089CE3030840
:10CC700080B582B000AF78607B68002B06D10A4B8C
:10CC800040F6AF0209490A480AF0ACFD094B1A68A0
:10CC9000094B1B681344074A1360064B1B68184670
:10CCA0000837BD4680BD00BF78DC0308B4E3030845
:10CCB00008DD03088C0000205C80012080B586B070
:10CCC00000AF0346B9607A60FB817B68002B06D118
:10CCD000144B40F6C502144914480AF083FDBB68A2
:10CCE000002B01D1FB8919E0BB689B8DFB82FB8A7D
:10CCF000002B12D02823BB82FA8ABB8A9A4204D91D
:10CD0000FA8ABB8AD31A9BB200E000237B827A8A1C
:10CD1000FB89934228BF1346FB81FB8918461837CD
:10CD2000BD4680BD78DC0308D0E3030808DD0308B6
:10CD300080B584B000AF786039603B68FB607B6889
:10CD4000002B19D1104B4FF41062104910480AF013
:10CD500049FD11E0FB681A687B681B689A4208D19C
:10CD6000FB68DB68BB60F868FEF74EFDBB68FB60E4
:10CD700002E0FB68DB68FB60FB68002BEAD100BFC8
:10CD800000BF1037BD4680BD78DC0308F8E3030818
:10CD900008DD030880B584B000AF786039607B6837
:10CDA000002B2AD07B681B68002B26D0154B1B68F4
:10CDB00019467868FFF7BCFF134B1B681946786863
:10CDC000FFF7B6FF3B68002B17D03B681B68002BB2
:10CDD00013D00E4B1B68FB600CE0FB681A687B6885
:10CDE0001B689A4203D13B681A68FB681A60FB68AB
:10CDF000DB68FB60FB68002BEFD100BF1037BD463E
:10CE000080BD00BF68800120608001206480012017
:10CE100080B582B000AF78607B685B6F002B07D075
:10CE20007B685B6F1846FFF76FFB7B6800225A67D1
:10CE300000BF0837BD4680BD90B58DB004AF7860A7
:10CE400039607B68002B05D19B4B83229B499C4812
:10CE50000AF0C8FC7B685B689A4A13607B685B8950
:10CE6000132B40F2D183984B5B69974A12681146A5
:10CE7000184608F001FB0346002B40F0C783924B95
:10CE80005B6903F0F003E02B00F0C0838D4B1B685F
:10CE90009B899BB21846FBF79FFD03461B0B9BB279
:10CEA000DBB29B00BB74BB7C132B40F2B183BB7C19
:10CEB0009AB27B681B899A4200F2AA83BB7C9BB220
:10CEC000143B9AB2814B1A80814B00221A607B6816
:10CED0005A89BB7C9BB29A4209D37C4B1A887D4B02
:10CEE0001A80BB7C19467868FDF7AEFC4EE07B6883
:10CEF0001B68002B05D1704BC222774970480AF09D
:10CF000071FC14217868FDF79FFC7B685A89714B8E
:10CF10001A806E4B1A886F4B1B88D31A3B826D4B5D
:10CF20001B8819467868FDF78FFC7B681B685B8956
:10CF30003A8A9A4200F26E837B681B685B68644A97
:10CF400013607B681B683A8A11461846FDF77CFC23
:10CF50007B681A893B8AD31A9AB27B681A817B68EC
:10CF60005B89002B05D0544BDF225C4954480AF002
:10CF700039FC7B681A897B681B681B899A4205D03B
:10CF80004D4BE02256494E480AF02CFC4D4B1B6895
:10CF90001B889BB24B4A14681846FBF71DFD0346DD
:10CFA0002380484B1B685B889BB2464A146818462E
:10CFB000FBF712FD03466380424B1B685B68414AE6
:10CFC00014681846FBF71DFD034663606368454A15
:10CFD00013603C4B1B689B683A4A14681846FBF781
:10CFE00010FD0346A360A3683F4A1360354B1B68DE
:10CFF000DB899BB2334A14681846FBF7EDFC034605
:10D00000E381304B1B689B899BB21846FBF7E4FC1D
:10D010000346DBB203F03F03DAB2344B1A707B688D
:10D020001A89334B1A80314B1B7803F00303002B12
:10D030000CD02F4B1B8801339AB22D4B1A807B6882
:10D040001A892B4B1B889A4200F2E6820023BB61AF
:10D05000284B1B68FB619DE0FB691B7D002B05D104
:10D06000154BFB22244916480AF0BCFBFB691B7DCB
:10D070000A2B05D1104BFC22204911480AF0B2FBC3
:10D08000FB691B7D012B05D10B4BFD221C490C4874
:10D090000AF0A8FBFB691B7A002B33D0FB691A7AD4
:10D0A000094B5B6893F838300133DBB29A4229D0E0
:10D0B000FB69BB616BE000BF2CE40308ACE4030830
:10D0C000C4E403088480012098470120888001205F
:10D0D0008C8001208A800120ECE40308FCE4030832
:10D0E00008E503089480012098800120A080012099
:10D0F0009E8001206880012028E5030850E5030890
:10D100007CE50308FB691A8B724B1B681B889BB27A
:10D110009A423AD1FB69DA8A6E4B1B685B889BB2F4
:10D120009A4232D1FB695A686B4B1B699A422CD1E7
:10D13000FB691A68684B5B699A4226D1FB69DB6818
:10D14000FA699A4206D1654B40F20D12644965486E
:10D150000AF048FBBB69002B0AD0FB69DA68BB699F
:10D16000DA60614B1A68FB69DA605F4AFB69136039
:10D17000FB69DB68FA699A4211D1584B40F21512EB
:10D180005A4958480AF02EFB09E0FB69BB61FB696C
:10D19000DB68FB61FB69002B7FF45EAF00E000BF42
:10D1A000FB69002B40F0AA80514B1B68FB613FE0FC
:10D1B000FB691B7D0A2B06D0484B40F21F124D49DC
:10D1C00048480AF00FFBFB691B7A002B09D0FB696A
:10D1D0001A7A414B5B6893F838300133DBB29A42DC
:10D1E00022D1FB691A8B3B4B1B681B889BB29A426E
:10D1F0001BD1FB69DA8A374B1B685B889BB29A426A
:10D2000013D1FB695A68344B1B699A420DD1FB69F3
:10D210001A68314B5B699A4207D1F86900F056FBF6
:10D220007868FDF797FBFDE100BFFB69DB68FB61F8
:10D23000FB69002BBCD10023BB612F4B1B687B61BA
:10D240002AE07B691B7A002B0CD07B691A7A224B6F
:10D250005B6893F838300133DBB29A4202D07B69C5
:10D26000BB6116E07B69DA8A1A4B1B685B889BB24C
:10D270009A420CD17B691A68174B5B699A420FD0AE
:10D280007B69002B0DD07B691B68002B09D07B6963
:10D29000BB617B69DB687B617B69002BD1D100E0DE
:10D2A00000BF7B69002B29D0BB69002B0AD07B69AA
:10D2B000DA68BB69DA60104B1A687B69DA600E4A7B
:10D2C0007B691360786900F003FA7868FDF742FB28
:10D2D000A8E100BF84800120984701202CE40308C6
:10D2E000A4E50308C4E4030868800120D0E503082E
:10D2F0006C800120FCE5030864800120FB69002BA1
:10D3000000F05881954B00221A607B681A89934B74
:10D310001A81924A7B685360914B1B688F4AD36095
:10D32000904B00221A60904B00221A708F4B002203
:10D330001A808F4B1B7803F00803002B06D07B6804
:10D340005B7B43F00103DAB27B685A73FB699B6F26
:10D35000002B17D0F869FFF75BF8034613F10D0FA8
:10D3600007D0FB699B6F002B0CD0824B1B88002BD6
:10D3700008D0FB695B8D002B40F0E380F86903F077
:10D38000FFFDDEE07C4AFB691360F86900F018FBE2
:10D390000346FB7497F9133013F10D0F00F0D3809F
:10D3A000714B1B7803F00803002B15D0FB69D3F8F1
:10D3B0009030002B08D0FB69D3F89030FA691269DD
:10D3C0006FF00D0110469847F9696C48FFF7BCFBF8
:10D3D000F869FDF7D5FEDAE00023FB74634B1B8888
:10D3E000002B1DD0614B1B88FB81FB69D3F880307B
:10D3F000002B0AD0FB69D3F88030FA691069FA89EA
:10D40000F96998470346FB7401E00023FB7497F920
:10D41000133013F10D0F00F09880544B00221A8046
:10D42000F86900F015F90346002B40F090804D4B51
:10D430001B68002B41D0FB699B6F002B06D0504B23
:10D440004FF4F3724F4950480AF0CCF9FB695B8BFB
:10D4500003F01003002B08D0424B1B681846FDF761
:10D4600079FAF869FEF7D0F991E0FB69D3F88430D6
:10D47000002B0CD0FB69D3F88440FB691869394B49
:10D480001A680023F969A0470346FB7408E0354B8E
:10D490001A680023F9690020FFF790F80346FB742F
:10D4A00097F9133013F10D0F53D097F91330002B68
:10D4B00003D02C4B1A68FB699A672B4B1B7803F03F
:10D4C0002003002B30D0FB699B6F002B09D0FB6938
:10D4D0009B6F5A7BFB699B6F42F02002D2B25A735A
:10D4E00022E0FB691B8DB3F5066F05D0FB691B8D30
:10D4F00001339AB2FB691A85FB69D3F88430002B9B
:10D500000BD0FB69D3F88440FB6918690023002223
:10D51000F969A0470346FB7401E00023FB7497F907
:10D52000133013F10D0F16D0134B00221A60F86957
:10D5300000F08EF80346002B28D1F86902F01AFF9C
:10D5400025E000BF23E000BF21E000BF1FE000BFD7
:10D550001DE000BF1BE000BF19E000BF7480012088
:10D5600084800120A4800120A18001209C800120D2
:10D57000A08001209E800120A880012068800120D9
:10D580002CE403082CE60308C4E4030800BF274B7F
:10D5900000221A60264B00221A60264B5B68002B83
:10D5A0003FD0244B5B681846FDF7D4F9214B00228D
:10D5B0005A6036E0204B1B689B899BB21846FBF7EC
:10D5C0000BFA0346DBB203F00403002B18D11B4B0C
:10D5D00019681B4B1B881A461A4B1B68D018164B30
:10D5E0001B685B889BB2144A1268128892B202923E
:10D5F0000193154B0093154B0246002003F06EFC7F
:10D600007868FDF7A7F90CE000BF06E000BF04E072
:10D6100000BF02E000BF00E000BF7868FDF79AF9A4
:10D6200000E000BF2437BD4690BD00BFA8800120A8
:10D63000A480012074800120848001209880012032
:10D640009E80012094800120A8470120AC47012042
:10D6500080B582B000AF78607B68002B06D1174B95
:10D6600040F25A22164917480AF0BCF8164B1B78AC
:10D6700003F01003002B1CD07B685B8B03F01003BE
:10D68000002B0DD17B68D3F89030002B08D07B683D
:10D69000D3F890307A6812696FF00E0110469847FF
:10D6A00079680A48FFF750FA7868FDF769FD0123A9
:10D6B00000E0002318460837BD4680BD2CE403086F
:10D6C00048E60308C4E40308A18001206880012023
:10D6D00090B58BB004AF78606F4B1B7803F00403F8
:10D6E000002B40F0D2807B68002B06D16B4B40F2C0
:10D6F00081226B496B480AF075F8674B1B7803F081
:10D700001003002B19D0684B1968684B1B881A4608
:10D71000674B1B68D018674B1B685B889BB2654AD8
:10D720001268128892B202920193634B0093634B8A
:10D730000246786803F0D2FBA9E0574B1B7803F050
:10D740000203002B00F0A3807B685B7D1846FFF787
:10D7500059F878617B69002B11D17B689B69002B9C
:10D760000AD07B689B697A6810694FF0FF3200210C
:10D7700098470346BB738BE0F023BB7388E0504BA4
:10D780005A697B691A604E4B1A697B695A607B68DB
:10D79000DA8A7B69DA82474B1B681B889AB27B69FD
:10D7A0001A837B6903221A75414B1B685A1C7B69DB
:10D7B0005A627B695A6A7B69DA627869FFF758FABC
:10D7C00038617B693A699A657B693A691A657B6950
:10D7D0003A695A647B693A69DA65354B1B685A1EA7
:10D7E0007B695A657B681A697B691A617B697A680B
:10D7F000DA677B685B7A03F00C03DAB27B695A72F2
:10D800007B681A7A7B691A722E4B1A687B69DA6018
:10D810002C4A7B69136003F023FD2B4B01221A7005
:10D82000786901F08BFD234B1B68DB899AB27B6919
:10D83000A3F860207B69B3F860207B69A3F86220BD
:10D840007B695C8E7B690433184607F061FB0146F7
:10D850007B6904331A462046FFF730FA03461A461E
:10D860007B695A861221786902F096FC0346FB73A5
:10D8700097F90F30002B04D000217869FDF706FFDF
:10D8800006E0786902F076FD01E000BF00E000BF2D
:10D890001C37BD4690BD00BFA08001202CE40308CA
:10D8A00070E60308C4E40308988001209E800120EC
:10D8B0009480012084800120A8470120AC470120EA
:10D8C00098470120688001207080012080B586B0D3
:10D8D00004AF78602F4B1B7803F00403002B53D167
:10D8E0007B68002B06D12C4B40F2EE222B492C48B2
:10D8F00009F078FF274B1B7803F00203002B2AD096
:10D90000284B1A687B685B6AD31A002B2DDB254BEA
:10D910001A687B685B6A7968098D0B44D31A002BFF
:10D9200023DC214B1968214B1B881A461D4B1B68B1
:10D93000D0181F4B1B685B889BB21D4A1268128867
:10D9400092B2029201931B4B00931B4B02467868E4
:10D9500003F0C4FA1BE00F4B1B7803F00103002B0C
:10D9600003D0164B1A687B681A62104B1B88002B79
:10D970000CD07B685B8B43F002039AB27B685A83BE
:10D98000786802F0F7FC01E000BF00E000BF083754
:10D99000BD4680BDA08001202CE4030890E603086A
:10D9A000C4E4030894800120988001209E80012017
:10D9B00084800120A8470120AC4701205C80012021
:10D9C00090B58DB004AF78600023FB760023BB7662
:10D9D0007B68002B06D19D4B4FF447729C499D48B4
:10D9E00009F000FF9C4B1B7803F00403002B4ED082
:10D9F0007B681B7D022B08D17B681A6D974B1B68D7
:10DA00009A4223D10123FB7620E07B685A6A944B2B
:10DA10001B689A4202D10123FB7617E0904B1A68EB
:10DA20007B685B6AD31A002B10DB8D4B1A687B680E
:10DA30005B6A7968098D0B44D31A002B06DC7B687E
:10DA40005B8B43F002039AB27B685A83FB7E002B08
:10DA50001BD07B681B7D002B06D17C4B4FF44E7294
:10DA600080497C4809F0BEFE7F4B1B7843F00803D9
:10DA7000DAB27D4B1A707B685B8B23F001039AB29C
:10DA80007B685A836FF00D037AE3002378E3724BCF
:10DA90001B7803F00203002B10D07B681B7D022B48
:10DAA0000CD07B681B7D032B08D07B685B8B43F01D
:10DAB00002039AB27B685A83002361E37B685B8B25
:10DAC00003F01003002B03D1684B1A687B681A62BD
:10DAD0007B68002283F89B207B68002283F89A20D1
:10DAE000786801F02BFC7B681B7D023B072B00F262
:10DAF000378301A252F823F019DB020849DD02083E
:10DB0000C1DE0208EBDE02080FE00208C1DE0208F7
:10DB10009BE002082BE102084F4B1B7803F0100337
:10DB2000002B00F0E4804C4B1B7803F00203002B29
:10DB300000F0DD807B685B6C5A1C484B1B689A4286
:10DB400040F0D580464B1B685A1C7B685A627B6844
:10DB50005A6A7B68DA62414B1A687B685A64444BA4
:10DB60001B68DB899AB27B68A3F860207B68B3F8F6
:10DB700060207B68A3F86220394B1B685A1E7B68C3
:10DB80005A657B6804221A757B685C8E7B68043357
:10DB9000184607F0BDF901467B6804331A46204653
:10DBA000FFF78CF803461A467B685A867B685B8EC3
:10DBB0009A007B685B8E5B0041F21C118B4238BF80
:10DBC0000B469A4204D27B685B8E9B009BB20DE0B1
:10DBD0007B685B8E5B0041F21C12934204D97B6828
:10DBE0005B8E5B009BB201E041F21C137A68A2F8E5
:10DBF00048307B68B3F86630002B06D1134B4FF4E6
:10DC00005B721C49134809F0EDFD7B68B3F8663080
:10DC1000013B9AB27B68A3F866207B681B6FFB61AF
:10DC2000FB69002B2AD17B68DB6EFB61FB69002B53
:10DC300006D1064B4FF45D720F49064809F0D2FD3C
:10DC4000FB691A687B68DA661CE000BF2CE40308F5
:10DC5000B0E60308C4E40308A080012098800120F6
:10DC600094800120CCE60308A18001205C80012083
:10DC700084800120ECE6030804E70308FB691A68C6
:10DC80007B681A67F869FEF754FC7B681B6F002BF2
:10DC900004D17B684FF6FF721A8606E07B6800228B
:10DCA0001A867B68002283F842207B68D3F888308C
:10DCB000002B0AD07B68D3F888307A68106900227C
:10DCC000796898470346BB7601E00023BB7697F955
:10DCD0001A3013F10D0F02D16FF00C0350E27B6884
:10DCE0005B8B43F002039AB27B685A833AE2984B0B
:10DCF0001B7803F01003002B00F03482954B196859
:10DD0000954B1B881A46954B1B68D018944B1B6883
:10DD10005B889BB2924A1268128892B20292019377
:10DD2000904B0093904B0246786803F0D7F87B68DD
:10DD300093F84230052B00F215827B6800221A8688
:10DD4000786802F0A3FE0DE2814B1B7803F010030C
:10DD5000002B00F0A1807F4B1A687B685B6CD31AA4
:10DD6000013B002B7EDB7B4B1A687B681B6DD31A53
:10DD7000002B77DC7B6804221A757B68DB6F002B35
:10DD800002D1FA23BB761DE07B68DB6F9B69002B19
:10DD900006D1764B4FF46A727549764809F022FD38
:10DDA0007B68DB6F9B69002B0AD07B68DB6F9B690C
:10DDB0007A6810690022796898470346BB7601E0CB
:10DDC000F023BB7697F91A30002B0AD097F91A3056
:10DDD00013F10D0F02D07868FDF716FD6FF00C03FC
:10DDE000CEE1786800F0E0FA634B1B88002B05D089
:10DDF000614B1B88013B9AB25F4B1A807B685B8E3C
:10DE00009A007B685B8E5B0041F21C118B4238BF2D
:10DE10000B469A4204D27B685B8E9B009BB20DE05E
:10DE20007B685B8E5B0041F21C12934204D97B68D5
:10DE30005B8E5B009BB201E041F21C137A68A2F892
:10DE400048304E4B1B7803F02003002B37D07B6803
:10DE50005B8B43F002039AB27B685A837B6807228C
:10DE60001A752CE03B4B19683B4B1B881A463B4B01
:10DE70001B68D0183A4B1B685B889BB2384A126803
:10DE8000128892B202920193364B0093364B0246AF
:10DE9000786803F023F867E12D4B1B7803F0020349
:10DEA000002B00F061817B685B6A5A1E2B4B1B685C
:10DEB0009A4240F05981786802F00AFE54E153E139
:10DEC000786800F071FA2D4B1B7803F02003002BCB
:10DED00000F04C817B685B8B43F002039AB27B6855
:10DEE0005A837B6807221A7540E1786800F05CFA73
:10DEF000224B1B7803F02003002B71D0144B1B78AE
:10DF000003F01003002B60D07B681A6D114B1B6867
:10DF10009A425AD17B68DB6E002B56D17B685B8BB3
:10DF200043F002039AB27B685A837868FEF7BCFD1F
:10DF3000134B1B687A689A4205D1114B1B68DB684A
:10DF40000F4A13602EE00E4B1B687B6127E000BF79
:10DF5000A0800120988001209E80012094800120D3
:10DF600084800120A8470120AC4701202CE403084D
:10DF700018E70308C4E403089C800120A180012065
:10DF8000688001207B69DB687A689A4204D17B68EB
:10DF9000DA687B69DA6005E07B69DB687B617B6955
:10DFA000002BEFD17B680022DA60774B01221A70D8
:10DFB0007B680A221A75754B1A687B68DA60734AA7
:10DFC0007B68136003F04CF9D2E07B685B8B43F015
:10DFD00002039AB27B685A837B6808221A75C7E0ED
:10DFE0006B4B1B7803F01003002B00F0C1807B68A3
:10DFF0001A6D684B1B689A4240F0BA807B68DB6EF2
:10E00000002B40F0B5807B6806221A75B0E0786876
:10E0100000F0CAF9604B1B7803F02003002B00F0DE
:10E02000A9807B685B8B43F002039AB27B685A83BA
:10E030007868FEF739FD594B1B687A689A4205D11A
:10E04000564B1B68DB68554A136013E0534B1B6843
:10E050003B610CE03B69DB687A689A4204D17B68DB
:10E06000DA683B69DA6005E03B69DB683B613B6984
:10E07000002BEFD17B680022DA60434B01221A703B
:10E080007B680A221A75414B1A687B68DA603F4A3E
:10E090007B68136003F0E4F86CE0786800F084F9C2
:10E0A0003B4B1B7803F01003002B65D07B681A6D87
:10E0B000384B1B689A425FD17B68DB6E002B5BD1CB
:10E0C0007868FEF7F1FC354B1B687A689A4205D1F7
:10E0D000324B1B68DB68314A136013E02F4B1B681F
:10E0E000FB600CE0FB68DB687A689A4204D17B68CD
:10E0F000DA68FB68DA6005E0FB68DB68FB60FB68F8
:10E10000002BEFD17B680022DA601F4B01221A70CE
:10E110007B680A221A751D4B1A687B68DA601B4AF5
:10E120007B68136003F09CF826E0786800F03CF907
:10E13000174B1B7803F01003002B1FD07B681A6D60
:10E14000144B1B689A4219D17B68DB6E002B15D1EA
:10E15000114B1B7843F01003DAB20F4B1A700DE02D
:10E1600000BF0CE000BF0AE000BF08E000BF06E00F
:10E1700000BF04E000BF02E000BF00E000BF0023DA
:10E1800018462437BD4690BD708001206C80012068
:10E19000A080012098800120A180012068800120BA
:10E1A00090B585B000AF786039607B68002B06D1F0
:10E1B0003B4B40F21F423B493B4809F013FB7B6855
:10E1C000DB689B899BB21846FAF706FC0346DBB274
:10E1D00003F00103002B28D03868FEF795F90023DF
:10E1E0003B6056E03B68DB689B899BB21846FAF7B8
:10E1F000F3FB0346DBB203F00103002B0DD07B6879
:10E20000DB689B899CB20120FAF7E6FB03461A46BD
:10E210007B68DB68224392B29A813B68FB603B6873
:10E220001B683B60F868FEF784F93B68002B0ED052
:10E230007B681B891A461D4B1B681A443B68DB68C8
:10E240005B68396809890B44D31A002BCADA3B682A
:10E25000002B1ED07B681B891A46144B1B681A447E
:10E260003B68DB685B68D31A002B12DD3B68DB6818
:10E270005B689AB20D4B1B689BB2D31A9AB27B684B
:10E280001A817B685A687B681B8919461046FCF71F
:10E29000DBF97B683A681A6000BF1437BD4690BD51
:10E2A0002CE4030838E70308C4E403089480012041
:10E2B000B0B586B000AFF860B9607A603B603EE010
:10E2C000BB687B61BB681B68BB607B695B68184689
:10E2D000FCF7CEFB03467B82FB68B3F866307A8A94
:10E2E0009A4206D92A4B40F257422A492A4809F055
:10E2F00079FAFB68B3F866207B8AD31A9AB2FB6876
:10E30000A3F866207B691A89244B1B8813449AB2B0
:10E31000224B1A807869FEF70CF9FB68B3F8663077
:10E32000002B0CD0BB68002B09D13B68002B06D119
:10E33000174B40F261421A49174809F053FABB687B
:10E34000002B20D0BB68DB685B681846FAF759FBE6
:10E350000446BB681B891D46BB68DB689B899BB272
:10E360001846FAF739FB0346DBB203F00303002B30
:10E3700001D0012300E000232B44E218094B1B6865
:10E38000D31A002B9CDDBB6818461837BD46B0BDBC
:10E390002CE4030860E70308C4E403089C80012020
:10E3A00088E7030898800120B0B594B000AF78608A
:10E3B0000023BB647B68002B06D1914B40F27B426B
:10E3C0009049914809F00EFA7B681B7D032B06D813
:10E3D0008B4B40F27C428D498B4809F003FA8C4B01
:10E3E0001B7803F01003002B00F064827B68B3F805
:10E3F00060301A467B689B6D13443B637B685A6DA3
:10E40000844B1B68D31A002B1BDB7B685A6D814B36
:10E410001B689A4206D17B689A6D7F4B1B68D31AA2
:10E42000002B0EDB7B689A6D7B4B1B689A4225D1D3
:10E430007A4B1B68DB899AB27B68B3F860309A42EA
:10E440001CD9764B1B68DB899AB27B68A3F86020E5
:10E450007B68B3F862207B68B3F860309A4205D2DB
:10E460007B68B3F860207B68A3F86220694B1A6868
:10E470007B685A65684B1A687B689A65664B1A68B0
:10E480007B685B6CD31A002B58DC654B1B88002B18
:10E490004BD17B689B6D7A68B2F8602013443A6B6D
:10E4A0009A4242D17B68B3F93030002B3DDB7B6868
:10E4B0005A6C594B1B689A4237D10123BB647B6865
:10E4C00093F84330FF2B07D07B6893F84330013338
:10E4D000DAB27B6883F843207B6893F84330032BE0
:10E4E0001BD97B68B3F848207B685B8E13449AB2D3
:10E4F0007B68B3F848309A420AD37B68B3F8482067
:10E500007B685B8E13449AB27B68A3F8482004E0D2
:10E510007B684FF6FF72A3F848207B6893F843307E
:10E52000022B02D9786802F03FFBBB6C002B40F055
:10E5300061817B68002283F843205BE1364B1A68D7
:10E540007B685B6CD31A013B002BC0F24E81324BCF
:10E550001A687B681B6DD31A002B00F346817B6819
:10E560005B8B03F00403002B10D07B685B8B23F0E4
:10E5700004039AB27B685A837B68B3F84A207B68AD
:10E58000A3F848207B680022A3F86A207B68002259
:10E5900083F842207B68B3F93C30DB101BB29AB29F
:10E5A0007B68B3F93E309BB213449BB21AB27B68CE
:10E5B000A3F84020184B1B689AB27B685B6C9BB237
:10E5C000D31AFB857B68002283F84320124B1A681C
:10E5D0007B685A647B681B7D032B40F297807B68C5
:10E5E000B3F848207B68B3F84A309A4245D27B683A
:10E5F0005B8B03F40063002B14D0012313E000BFF6
:10E600002CE40308A8E70308C4E40308C4E70308EC
:10E61000A080012094800120988001208480012026
:10E620009E800120022387F82D3097F82D309AB272
:10E630007B685B8E12FB03F39BB2FA8D934228BF7B
:10E6400013467B857B68B3F848207B8D13449AB2D0
:10E650007B68B3F848309A4209D37B68B3F8482006
:10E660007B8D13449AB27B68A3F848204EE07B6808
:10E670004FF6FF72A3F8482048E07B68B3F86A20A1
:10E68000FB8D13449AB27B68B3F86A309A4209D37F
:10E690007B68B3F86A20FB8D13449AB27B68A3F8B9
:10E6A0006A2004E07B684FF6FF72A3F86A207B685B
:10E6B000B3F86A207B68B3F848309A4226D37B6867
:10E6C000B3F86A207B68B3F84830D31A9AB27B68F3
:10E6D000A3F86A207B68B3F848207B685B8E1344FC
:10E6E0009AB27B68B3F848309A420AD37B68B3F891
:10E6F00048207B685B8E13449AB27B68A3F848205D
:10E7000004E07B684FF6FF72A3F848207B68196F1E
:10E710007B68DB6E984A7868FFF7CAFD02467B6823
:10E720001A677B68D96E7B681B6F944A7868FFF71D
:10E73000BFFD02467B68DA667B681B6F002B04D145
:10E740007B684FF6FF721A8602E07B6800221A8609
:10E750007B6800221A777B68DB6E002B03D17B6815
:10E760000022A3F868207B68B3F86420844B1B88E0
:10E7700013449AB27B68A3F864207B685B8B03F434
:10E780000063002B35D07B681B6F002B18D17B6892
:10E79000DB6E002B0CD07B68DC6C7B68DB6EDB688F
:10E7A0005B681846FAF72DF90346E31A002B20DCC4
:10E7B0007B685B8B23F400639AB27B685A8318E012
:10E7C0007B68DC6C7B681B6FDB685B681846FAF75C
:10E7D00018F90346E31A002B0BDC7B685B8B23F4F0
:10E7E00000639AB27B685A8303E0786802F0C8FB42
:10E7F00000E000BF7B685B6B002B5BD07B689A6B93
:10E80000604B1B68D31A002B54DA5F4B1B689AB21B
:10E810007B685B6B9BB2D31A9BB2A7F84E30B7F8FC
:10E820004E207B68B3F93C30DB101BB29BB2D31A8D
:10E830009BB2A7F84E307B68B3F93C309AB2B7F878
:10E840004E3013449BB21AB27B689A87B7F94E30A8
:10E85000002B05DAB7F84E305B429BB2A7F84E307A
:10E86000B7F84E207B68B3F93E309B101BB29BB2C9
:10E87000D31A9BB2A7F84E307B68B3F93E309AB2F8
:10E88000B7F84E3013449BB21AB27B68DA877B68C4
:10E89000B3F93C30DB101BB29AB27B68B3F93E305F
:10E8A0009BB213449BB21AB27B68A3F840207B68EA
:10E8B00000225A63354B1B88002B00F0DF847B68F5
:10E8C0001B7D062B00F2DA847B685A6A304B1B688A
:10E8D000D31A013B002BC0F28F807B685A6A2B4B06
:10E8E0001B8819462A4B1B680B44D31A0133002B93
:10E8F00000F38280274B5B687B647B685A6A244BF9
:10E900001B68D31A7B62234B5B68002B06D1224B1A
:10E9100040F294522149224808F064FF7B6A4FF686
:10E92000FE72934206D91C4B40F295521D491C4879
:10E9300008F058FF7B6AA7F84230164B5B681B89CA
:10E94000B7F842209A4206D9134B40F29752164923
:10E95000134808F047FF0F4B1A89B7F84230D31A13
:10E960009AB20C4B1A810B4B5B681A89B7F842308C
:10E97000D31A7B842AE000BFE0E70308E8E7030836
:10E980009C800120988001205C8001209E800120D5
:10E9900094800120748001202CE40308F0E7030830
:10E9A000C4E4030800E8030810E803087B6C5B89F3
:10E9B000B7F84220D31AA7F842307B6C7A8C1A81C0
:10E9C0007B6C00225A817B6C1B687B647B6C5B894F
:10E9D000B7F842209A42E9D8B7F842301946786C25
:10E9E000FBF732FF7B685B6A904A1360904BDB68F1
:10E9F0008E4A12685A600DE08C4B1A687B685B6A1D
:10EA0000D31A002B06DA7B685B8B43F002039AB2C1
:10EA10007B685A83854B1A687B685B6AD31A002B24
:10EA2000C0F22784814B1A687B685B6A7968098D1C
:10EA30000B44D31A0133002B00F31B847B685A6A02
:10EA40007A4B1B689A4240F09882794B1C89784B2C
:10EA5000DB689B899BB21846F9F7BEFF0346DBB221
:10EA600003F00303002B01D0012300E00023234423
:10EA70009AB2704B1A807B681A8D6E4B1B889A4233
:10EA800074D26B4BDB689B899BB21846F9F7A4FFE5
:10EA90000346DBB203F00103002B1ED0644BDB689E
:10EAA0009B899BB21BB223F47C531CB2604BDB6886
:10EAB0009B899BB21846F9F78FFF0346DBB203F040
:10EAC0003E039BB21846F9F787FF03461BB2234368
:10EAD0001AB2574BDB6892B29A817B681A8D544BFD
:10EAE0001A81534BDB689B899BB21846F9F774FF78
:10EAF0000346DBB203F00203002B05D04C4B1B890D
:10EB0000013B9AB24A4B1A81494B5B68484A1289C9
:10EB100011461846FBF798FD454B1C89444BDB68B2
:10EB20009B899BB21846F9F757FF0346DBB203F007
:10EB30000303002B01D0012300E0002323449AB2F9
:10EB40003C4B1A803B4B1B881A46384B1B681A44B7
:10EB50007B685B6A7968098D0B449A4206D0364B14
:10EB600040F2CB523549364808F03CFE7B685B6F7B
:10EB7000002B00F0E6802E4BDB689B899BB2184689
:10EB8000F9F72AFF0346DBB203F00103002B10D094
:10EB90000AE07B685B6FFB607B685B6F1A687B6871
:10EBA0005A67F868FDF7C5FC7B685B6F002BF0D1F6
:10EBB000C7E07B685B6FFB6351E0FB6BDB689B89A5
:10EBC0009BB21846F9F708FF0346DBB203F00103D6
:10EBD000002B3CD0164BDB689B899BB21846F9F79B
:10EBE000FBFE0346DBB203F00203002B2FD1104BD8
:10EBF000DB689B899CB20120F9F7EEFE03461A46BA
:10EC00000B4BDB68224392B29A81094B1C89084B5B
:10EC1000DB689B899BB21846F9F7DEFE0346DBB240
:10EC200003F00303002B0DD001230CE0948001209E
:10EC3000748001209E8001202CE4030820E8030852
:10EC4000C4E40308002323449AB2984B1A80FB6B58
:10EC50003B61FB6B1B68FB633869FDF76AFCFB6B70
:10EC6000002B0ED0914B1B881A46914B1B681A44FF
:10EC7000FB6BDB685B68F96B09890B44D31A002BCB
:10EC80009BDAFB6B002B59D0884B1B881A46884BAC
:10EC90001B681A44FB6BDB685B68D31A002B4DDDE5
:10ECA000FB6BDB685B689AB2814B1B689BB2D31A23
:10ECB0009AB2804B1A817F4BDB689B899BB21846C6
:10ECC000F9F78AFE0346DBB203F00203002B05D0FE
:10ECD000784B1B89013B9AB2764B1A81754B5B6866
:10ECE000744A128911461846FBF7AEFC714B1C8919
:10ECF000704BDB689B899BB21846F9F76DFE0346A3
:10ED0000DBB203F00303002B01D0012300E000235A
:10ED100023449AB2654B1A80644B1B881A46644B95
:10ED20001B681A44FB6BDB685B689A4206D0624B37
:10ED300040F2FC526149624808F054FD7B68FA6B6E
:10ED40005A675A4B1B881A46594B1B681A447B68F2
:10ED50005A627B681A8D554B1B889A4206D2564BD5
:10ED600040F207625749564808F03CFD7B681A8D0F
:10ED70004E4B1B88D31A9AB27B681A857868FCF7C9
:10ED8000B1FE4C4B5B681B89002B06D0494B5B687E
:10ED90004D4A1360474B00225A60464BDB689B8903
:10EDA0009BB21846F9F718FE0346DBB203F00103E5
:10EDB000002B00F0B880454B1B7843F02003DAB2FB
:10EDC000424B1A70AFE07B685B6FBB607B685B6F28
:10EDD000DB685B68364A1360BB681B891C46BB68EE
:10EDE000DB689B899BB21846F9F7F6FD0346DBB258
:10EDF00003F00303002B01D0012300E000231A19C4
:10EE00007B685B6A1A447B685A627B681B8D1C4670
:10EE1000BB681B891D46BB68DB689B899BB2184693
:10EE2000F9F7DAFD0346DBB203F00303002B01D050
:10EE3000012300E000232B449C4206D21E4B40F2EB
:10EE40002B6223491E4808F0CDFCBB681B891C4679
:10EE5000BB68DB689B899BB21846F9F7BDFD03468A
:10EE6000DBB203F00303002B01D0012300E00023F9
:10EE700019197B681A8D8BB2D31A9AB27B681A85DE
:10EE80007868FCF72FFEBB685B681B89002B28D0D5
:10EE90000D4B1B68002B1DD00B4B1A68BB685B68C1
:10EEA00019461046FBF724FE18E000BF9E800120A3
:10EEB00094800120748001202CE4030858E80308A2
:10EEC000C4E4030894E80308A4800120A180012081
:10EED000B4E80308BB685B68704A1360BB68002233
:10EEE0005A60BB68DB689B899BB21846F9F774FDD2
:10EEF0000346DBB203F00103002B0DD0684B1B78F7
:10EF000043F02003DAB2664B1A707B681B7D042B3A
:10EF100002D17B6807221A75BB681A687B685A673A
:10EF2000B868FDF706FB7B685B6F002B08D07B6839
:10EF30005B6FDB685A687B685B6A9A423FF443AF59
:10EF40007B685B8B03F00103002B0ED07B685B8B2F
:10EF500023F001039AB27B685A837B685B8B43F092
:10EF600002039AB27B685A8387E17B685B8B43F02C
:10EF700001039AB27B685A837FE17B685B6F002B49
:10EF800006D14848FDF7EEFA02467B685A676CE105
:10EF900000237B637B685B6FBB6356E1BB6BDB6805
:10EFA0005A68414B1B689A421DD13E4B1A89BB6B74
:10EFB0001B899A4240F24E813A48FDF7D3FA7861B4
:10EFC0007B69002B00F048817B6B002B03D07B6BAF
:10EFD0007A691A6002E07B687A695A67B96B786966
:10EFE000FFF7DEF838E17B6B002B17D12E4B1A6848
:10EFF000BB6BDB685B68D31A002B57DA2948FDF737
:10F00000B1FAB861BB69002B00F028817B68BA694E
:10F010005A67B96BB869FFF7C3F81FE1224B1A684A
:10F020007B6BDB685B68D31A013B002B3EDB1E4B1E
:10F030001A68BB6BDB685B68D31A0133002B35DCC5
:10F040001848FDF78FFAF861FB69002B00F0088182
:10F050007B6BDB685B687A6B12891A44124B1B6806
:10F06000D31A002B12DD104B1B689AB27B6BDB6846
:10F070005B689BB2D31A9AB27B6B1A817B6B5A681E
:10F080007B6B1B8919461046FBF7DEFA7B6BFA692E
:10F090001A60B96BF869FFF783F8E1E0A4800120FA
:10F0A000A18001207480012094800120BB6B7B63D0
:10F0B000BB6B1B68002B40F0C5807F4B1A68BB6B95
:10F0C000DB685B68D31A002B40F3BC80BB6BDB684A
:10F0D0009B899BB21846F9F77FFC0346DBB203F02D
:10F0E0000103002B40F0BE807448FDF73BFA024656
:10F0F000BB6B1A60BB6B1B68002B00F0B580BB6B51
:10F10000DB685B68BA6B12891A446B4B1B68D31AB5
:10F11000002B12DD684B1B689AB2BB6BDB685B6827
:10F120009BB2D31A9AB2BB6B1A81BB6B5A68BB6B8A
:10F130001B8919461046FBF787FA614B1B881A4654
:10F140005D4B1B681A447B685B6A7968098D0B44C8
:10F15000D31A002B40F38880BB6B1B68DB689B894C
:10F160009BB21846F9F738FC0346DBB203F0010303
:10F17000002B21D0BB6B1B68DB689B899BB21BB249
:10F1800023F47C531CB2BB6B1B68DB689B899BB26E
:10F190001846F9F721FC0346DBB203F03E039BB2AD
:10F1A0001846F9F719FC03461BB223431AB2BB6B8E
:10F1B0001B68DB6892B29A817B685B6A9AB27B6853
:10F1C0001B8D134499B23C4B1B689AB2BB6B1B68F6
:10F1D0008A1A92B21A81BB6B1B685A68BB6B1B6898
:10F1E0001B8919461046FBF72FFABB6B1B681C895D
:10F1F000BB6B1B68DB689B899BB21846F9F7ECFB7D
:10F200000346DBB203F00303002B01D0012300E02F
:10F21000002323449AB22A4B1A80294B1B881A4692
:10F22000254B1B681A447B685B6A7968098D0B441F
:10F230009A4219D0234B4FF4DF622349234808F048
:10F24000D1FA11E0BB6B1B68BB63BB6B002B7FF477
:10F25000A5AE0AE000BF08E000BF06E000BF04E082
:10F2600000BF02E000BF00E000BF786801F088FE48
:10F2700003E0786801F084FE1AE019E00E4B1A688A
:10F280007B685B6AD31A002B0ADB0B4B1A687B681E
:10F290005B6A7968098D0B44D31A0133002B07DDB3
:10F2A0007B685B8B43F002039AB27B685A83FFE76B
:10F2B00000BF5037BD46B0BD94800120748001204E
:10F2C0009E8001202CE4030820E80308C4E403081E
:10F2D00080B483B000AF154B1B885A1C91B2134AFF
:10F2E0001180FB80124B1B68002B04D0114B1B8834
:10F2F000FA889A4208D2104B1B6814333B60FB8893
:10F300003A6813441B780BE0FB88DAB2094B1B8880
:10F31000DBB2D31A7B71064B1A687B7913441B78D6
:10F3200018460C37BD465DF8047B7047908001207D
:10F330008C8001208A8001208480012080B584B0E7
:10F3400000AF78607B68002B06D1324B40F27D72B3
:10F350003149324808F046FA314B1B88002B56D011
:10F36000304B00221A8046E0FFF7B2FF0346FB73E2
:10F37000FB7B022B06D0022B2ADC002B42D0012B78
:10F3800038D025E0FFF7A4FF0346042B3CD1254BE2
:10F390001B880133224A1288934235DAFFF798FF1F
:10F3A00003461B02BB81FFF793FF03461A46BB8946
:10F3B0001343BB81BB89B3F5067F04D8BB89002BFF
:10F3C00001D0BA8901E04FF406727B685A8612E0D8
:10F3D000FFF77EFF0346FB72FB7A012B16D9FB7AFF
:10F3E0009AB2104B1B8813449BB2023B9AB20D4B4E
:10F3F0001A8000E000BF0B4B1A88094B1B889A4209
:10F40000B2D304E000BF02E000BF00E000BF10374D
:10F41000BD4680BD2CE40308DCE80308C4E403080F
:10F42000888001209080012080B400AF054B1B78BC
:10F4300043F01003DAB2034B1A7000BFBD465DF80B
:10F44000047B7047A180012080B584B000AFF860D4
:10F45000B9607A60FB68002B0AD0FB681B7A002B2E
:10F4600006D0FB681B7A1846FAF7B8FE034603E09D
:10F47000786805F04DFD034618461037BD4680BD3F
:10F4800090B587B000AFF860B9603B601346FB7180
:10F49000FB68002B05D1434BA3224349434808F0A6
:10F4A000A1F9BB68002B05D13E4BA42240493F483F
:10F4B00008F098F997F828309B00DBB203F00403BA
:10F4C000FB750320FAF74EFA38613B69002B04D133
:10F4D000B868FBF73FFA002360E03B6997F8282003
:10F4E0009A723B6900221A603B69BA685A60BB682D
:10F4F0001A89FB7D9BB29A4205D22A4BB0222D4934
:10F500002A4808F06FF9BB681A89FB7D9BB2D31AB1
:10F510009AB23B691A811421B868FBF785F9034652
:10F52000002B04D03869FDF704F8002336E03B696E
:10F530005B685A683B69DA60FB68DA8A3B69DC68B9
:10F540001046F9F749FA03462380FB681A8B3B699A
:10F55000DC681046F9F740FA034663803B69DC68D3
:10F560003868F9F74EFA03466360FB7D9B08DBB20F
:10F5700005339BB21B039AB2FB799BB213439AB239
:10F580003B69DC681046F9F727FA0346A3813B691B
:10F59000DB6800229A740022DA743B6918461C3733
:10F5A000BD4690BDF8E8030878E9030898E9030828
:10F5B000C0E90308E4E9030880B586B000AF7B60CA
:10F5C0000346FB730B46BB8113467B81BB89FB82E1
:10F5D0007B68002B05D1304BE8223049304808F0D9
:10F5E00001F93B6A002B05D12B4BE9222D492C4810
:10F5F00008F0F8F8BA897B899A4221D297F824302A
:10F6000003F00203002B11D13B6A5B8B03F0400334
:10F61000002B15D197F82830002B07D03B6ADB6E02
:10F62000002B03D13B6A1B6F002B09D0BB8903F26F
:10F630001B2323F003027B89934228BF1346FB82DE
:10F64000F98AFB7B4FF420721846FAF79FFE386167
:10F650003B69002B01D1002319E03B691B68002B9B
:10F6600006D00D4B40F20B120F490D4808F0BAF8C6
:10F670003B695A89BB89D31A9AB27B681A803B6965
:10F68000BA891A813B691A893B695A813B691846D4
:10F690001837BD4680BD00BFF8E80308FCE9030841
:10F6A00098E9030820EA030840EA030880B582B01D
:10F6B00000AF78600B467B807B68002B06D1334B14
:10F6C00040F233123249334808F08CF87B681B7DD6
:10F6D000042B0ED07B681B7D072B0AD07B681B7D1B
:10F6E000022B06D07B681B7D032B02D06FF00A0330
:10F6F00048E07B88002B01D1002343E07B68B3F80E
:10F7000064307A889A4209D97B685B8B43F0800326
:10F710009AB27B685A834FF0FF3333E07B68B3F8CB
:10F720006630082B09D97B685B8B43F080039AB263
:10F730007B685A834FF0FF3324E07B68B3F8663070
:10F74000002B0FD07B681B6F002B1AD17B68DB6E00
:10F75000002B16D10D4B40F255120F490D4808F001
:10F7600041F80EE07B681B6F002B03D17B68DB6EDA
:10F77000002B06D0054B4FF4AC720849054808F041
:10F7800031F8002318460837BD4680BDF8E8030865
:10F7900054EA030898E9030874EA0308B0EA030886
:10F7A00090B59BB004AFF860B96011461A460B469D
:10F7B000FB8013467B7100237B6500233B650023A0
:10F7C000FB640023BB6400237B640023A7F8423062
:10F7D000002387F8273000237B820023FB87002348
:10F7E000BB87FB68002B09D1A44B4FF4CF72A4490F
:10F7F000A44807F0F7FF6FF00F032AE3FB68B3F8A4
:10F8000062305B089AB2FB685B8E934228BF134656
:10F81000BB84BB8C002B02D1FB685B8E00E0BB8CF1
:10F82000BB84BB68002B09D1944B40F2AD129649C2
:10F83000944807F0D7FF6FF00F030AE3FB881946DF
:10F84000F868FFF733FF034687F8233097F9233032
:10F85000002B02D097F92330FBE2FB68B3F8663047
:10F86000A7F84030002387F82230FB68DB6E002BBE
:10F8700000F0F680FB68DB6E3B6502E03B6D1B68C9
:10F880003B653B6D1B68002BF8D13B6D9B7A9B0061
:10F890009BB203F004033B84BA8C3B6D1B89194671
:10F8A0003B8C0B449A4206DA744B4FF4F37277495F
:10F8B000744807F097FF3B6D1A893B8C13449BB249
:10F8C000BA8CD31A7B87FB68B3F868307B827B8A5B
:10F8D000002B26D07B8A7A8F9A4206D2674B4FF450
:10F8E000FC726B49674807F07DFF3B6DFB647B8AC8
:10F8F000FA88934228BF13469BB27A8F934228BF5F
:10F900001346FB87B7F84220FB8F1344A7F8423019
:10F910007A8AFB8FD31A9BB27B827A8FFB8FD31AA2
:10F920007B877B8A002B0BD0B7F84220FB889A425A
:10F9300006D0524B4FF400725649524807F052FF1E
:10F94000B7F84220FB889A4280F067817B8F002BBA
:10F9500000F063813B6D1B89002B00F05E81FA880B
:10F96000B7F84230D21A7B8F9342A8BF1346FB836D
:10F970003B6DFB647B7903F00103002B27D007F17B
:10F9800012007A8FF98B012302937B790193FB6834
:10F99000009303460020FFF70FFE78657B6D002B78
:10F9A00000F025827B6D5868B7F84230BA6813447E
:10F9B000FA8B194608F067FA786DFBF759F8034699
:10F9C0001A46B7F840301344A7F8403041E03B6D89
:10F9D0005B687B6302E07B6B1B687B637B6B1B68F4
:10F9E000002BF8D17B6B1B7B03F0C003002B15D1E0
:10F9F0007B6B5B687A6B52891344BA689A420DD16B
:10FA0000B7F84230002B06D01C4B40F2312222497D
:10FA10001C4807F0E7FEFB8BBB871AE0FB8B01223B
:10FA200019460020FAF7B2FC78657B6D002B00F0D8
:10FA3000E081B7F84230BA681A447B6D5A60786D3D
:10FA4000FBF716F803461A46B7F840301344A7F8F8
:10FA50004030B7F84220FB8B1344A7F84230DCE07B
:10FA6000FB68B3F86830002B00F0D780034B40F2FE
:10FA70004A220A49034807F0B5FECEE0F8E8030839
:10FA8000E4EA030898E90308FCEA030830EB0308FA
:10FA900048EB030868EB030888EB0308B4EB0308A2
:10FAA000FA88B7F84230D31ABB8397F822309BB25A
:10FAB000BA8CD31A7B837A8BBB8B934228BF1346B5
:10FAC0003B837B7903F00103002B36D097F822307B
:10FAD0009AB23B8B134499B27B6C002B0CBF012371
:10FAE0000023DBB207F11200BA8C02937B790193F9
:10FAF000FB68009303463620FFF75EFD38633B6BDF
:10FB0000002B00F078813B6B5B893A8B9A4206D9D7
:10FB10008C4B40F266228C498C4807F063FE3B6BAD
:10FB20005A6897F82230D018B7F84230BA681344B0
:10FB30003A8B194608F0A7F92FE07B8A002B06D0F4
:10FB4000804B40F271228249804807F04BFE3B8B8C
:10FB5000012219463620FAF719FC78617B69002BDF
:10FB600000F04B81B7F84230BA681A447B695A609A
:10FB700097F822309BB24FF4207219463620FAF7DC
:10FB800005FC38633B6B002B03D17869FAF7E2FE82
:10FB900036E17969386BFAF7ABFF386BFAF768FF33
:10FBA00003461A46B7F840301344A7F84030B7F878
:10FBB0004030092B03D9386BFAF7CCFE20E1FB6803
:10FBC000DA6DB7F842301A4497F82730009313469D
:10FBD0000022396BF868FFF753FCF864FB6C002BCC
:10FBE00000F00D817B6C002B02D1FB6C7B640CE080
:10FBF000BB6C002B06D1534B40F2AB225549534806
:10FC000007F0F0FDBB6CFA6C1A60FB6CBB64B7F8D4
:10FC100042203B8B1344A7F84230B7F84220FB88C0
:10FC20009A42FFF43DAFFB8F002B2CD03B6D5B68FD
:10FC3000FB621EE0FB6A1A89FB8F13449AB2FB6ACF
:10FC40001A81FB6A1B68002B10D1FB6A5B68FA6A99
:10FC500052891344FA8FB968184608F014F9FB6A00
:10FC60005A89FB8F13449AB2FB6A5A81FB6A1B685C
:10FC7000FB62FB6A002BDDD13B6D1A89FB8F1344BD
:10FC80009AB23B6D1A817A8AFB68A3F868207B6D73
:10FC9000002B18D03B6D002B06D12A4B4FF4387245
:10FCA0002D492A4807F09EFD3B6D5B68796D18462B
:10FCB000FAF71EFF3B6D1A897B6D1B8913449AB2BC
:10FCC0003B6D1A8137E0BB8F002B34D03B6D002B8E
:10FCD00003D03B6D5B68002B06D11A4B40F2E62245
:10FCE0001E491A4807F07EFD3B6D5B68BB6209E068
:10FCF000BB6A1A89BB8F13449AB2BB6A1A81BB6A6A
:10FD00001B68BB62BB6A1B68002BF1D1BB6A1A89F6
:10FD1000BB8F13449AB2BB6A1A81BB6A5A89BB8FE4
:10FD200013449AB2BB6A5A813B6D1A89BB8F134444
:10FD30009AB23B6D1A813B6D002B11D1FB687A6C36
:10FD4000DA6610E0F8E80308E4EB030898E9030832
:10FD500024EC030834EC030848EC030880EC0308A7
:10FD60003B6D7A6C1A60FB68DA6DFB881A44FB689D
:10FD7000DA65FB68B3F86420FB88D31A9AB2FB6893
:10FD8000A3F86420FB68B7F84020A3F86620FB685E
:10FD9000B3F86630002B0ED0FB681B6F002B0AD126
:10FDA000FB68DB6E002B06D12C4B40F212322C4943
:10FDB0002C4807F017FDFB6C002B16D0FB6CDB68A2
:10FDC000002B12D07B7903F00203002B0DD1FB6CCA
:10FDD000DB689B899CB20820F8F7FEFD03461A46B3
:10FDE000FB6CDB68224392B29A81002331E000BFB2
:10FDF00006E000BF04E000BF02E000BF00E000BF7B
:10FE0000FB685B8B43F080039AB2FB685A837B6D7F
:10FE1000002B02D0786DFAF79DFD7B6C002B02D091
:10FE2000786CFCF771FBFB68B3F86630002B0ED0E2
:10FE3000FB681B6F002B0AD1FB68DB6E002B06D121
:10FE4000064B40F227320649064807F0CBFC4FF03C
:10FE5000FF3318465C37BD4690BD00BFF8E8030885
:10FE6000B8EC030898E9030890B58BB002AF78604E
:10FE70000B467B800023FB6100237B6100233B61F9
:10FE80007B68002B06D1954B40F24B329449954844
:10FE900007F0A8FC7B68DB6E7B617B69002B02D1DD
:10FEA0004FF0FF3316E17B88002B09D18B4B40F2DA
:10FEB00053328D498B4807F095FC6FF0050309E13B
:10FEC0007B691B897A889A4201D3002302E17B680F
:10FED0005B8E7A889A4206D9804B40F25B32834926
:10FEE000804807F07FFC7B691B89002B06D17B4B88
:10FEF0004FF457727E497B4807F074FC7B699B7A0C
:10FF0000FB73FB7B9B00DBB203F00403BB737B69D9
:10FF10001A897B88D31ABB81BB7B9AB2BB891344F5
:10FF20009BB24FF4207219463620FAF72FFA386147
:10FF30003B69002B00F0B7807B695B681A897B699D
:10FF40001B89D31A9AB27B8813447B817B695868DA
:10FF50003B695A68BB7BD1187B89BA89FAF700FFE5
:10FF600003461A46BB89934240F09F807B69DB6859
:10FF70009B899BB21846F8F72FFD0346DBB203F0CE
:10FF80003F03FB760023BB76FB7E03F00803002BC8
:10FF900007D0FB7E23F00803FB76BB7E43F008030B
:10FFA000BB76FB7E03F00103002B07D0FB7E23F022
:10FFB0000103FB76BB7E43F00103BB767B69DB6804
:10FFC0005B681846F8F71DFD02467B88D118BA7E9B
:10FFD000FB7B00930B4639697868FFF751FAF861AB
:10FFE000FB69002B63D07B695B681846FAF740FD1C
:10FFF00003461A467B68B3F866309B1A9AB27B6850
:020000040803EF
:10000000A3F866207B6958687B695B681A89BB899D
:10001000D31A9BB21946FAF717FB7B691A89BB8979
:10002000D31A9AB27B691A817B69DB689B899CB27F
:10003000FB7E9BB21846F8F7CFFC03461A467B6955
:10004000DB68224392B29A817B695B681846FAF7B3
:100050000FFD03461A467B68B3F8663013449AB224
:100060007B68A3F86620FB695B681846FAF700FD19
:1000700003461A467B68B3F8663013449AB27B682D
:10008000A3F866207B691A68FB691A607B69FA69C4
:100090001A60FB691B68002B03D17B680022A3F860
:1000A0006820002316E000BF02E000BF00E000BFB0
:1000B000FB69002B06D0094B4FF476720D490948B5
:1000C00007F090FB3B69002B02D03869FAF742FC3D
:1000D0004FF0FF3318462437BD4690BDF8E80308BB
:1000E000D8EC030898E90308FCEC030820ED0308AA
:1000F00030ED030840ED030890B585B000AF78609F
:100100007B68002B06D1214B40F2EB32204921487D
:1001100007F068FB7B68DB6E002B2ED07B68DB6E04
:10012000FB6002E0FB681B68FB60FB681B68002B40
:10013000F8D1FB68DB689B899BB21846F8F74CFC4A
:100140000346DBB203F00703002B16D1FB68DB6824
:100150009B899CB20120F8F73FFC03461A46FB68D6
:10016000DB68224392B29A817B685B8B43F0200369
:100170009AB27B685A83002304E00121786800F07A
:100180000BF8034618461437BD4690BDF8E803083F
:100190004CED030898E9030880B58AB002AF786097
:1001A0000B46FB700023FB770023FB75FB7803F005
:1001B0000303002B06D1674B40F2114266496748A2
:1001C00007F010FB7B68002B06D1624B40F2134214
:1001D0006349624807F006FBFB7803F00203002B3B
:1001E00001D00123FB77FB7F9B00DBB203F004030C
:1001F000FB75FB7D9BB24FF4207219463620FAF74F
:10020000C5F838613B69002B09D17B685B8B43F0F3
:1002100080039AB27B685A834FF0FF3395E03B69C5
:100220005A89FB7D9BB29A4206D24A4B40F2394230
:100230004C494A4807F0D6FA7B68D96DFA78FB7FBB
:1002400000930B4639697868FFF71AF9F860FB6884
:10025000002B09D17B685B8B43F080039AB27B68EB
:100260005A834FF0FF3370E0FB68DB6803F0030351
:10027000002B06D0374B40F242423B49374807F04B
:10028000B1FAFB681B89002B06D0324B40F2434287
:100290003649324807F0A6FA7B68DB6E002B03D1A3
:1002A0007B68FA68DA660DE07B68DB6EBB6102E0B2
:1002B000BB691B68BB61BB691B68002BF8D1BB69BC
:1002C000FA681A607B680022A3F86820FB7803F0C4
:1002D0000203002B04D1FB7803F00103002B04D0B0
:1002E0007B68DB6D5A1C7B68DA65FB7803F00103E1
:1002F000002B06D07B685B8B43F020039AB27B68AF
:100300005A83FB685B681846FAF7B2FB03461A4645
:100310007B68B3F8663013449AB27B68A3F8662012
:100320007B68B3F86630002B0ED07B681B6F002B08
:100330000AD17B68DB6E002B06D1064B40F265428A
:100340000B49064807F04EFA002318462037BD46F1
:1003500080BD00BFF8E8030868ED030898E90308CA
:10036000C0ED0308E0ED03081CEE030834EE0308BB
:1003700060EE0308B0B58AB000AF78607B68002BF0
:1003800006D18A4B40F2E14289498A4807F02AFAAD
:100390007B681B7D012B06D1844B40F2E3428649EA
:1003A000844807F01FFA854B1B687A689A4201D18E
:1003B0000023CEE17B68B3F848207B68B3F8603057
:1003C000934228BF13469BB2BB617B68DB6E7B62A6
:1003D0007B6A002B0BD17B685B8B03F00203002B45
:1003E00000F0AA81786800F0CBFD0346B1E179689E
:1003F0007B6804331A467868FFF726F878617B69D2
:10040000002B02D16FF00303A3E17B68002B03D024
:100410007B681B68002B11D17B69002B02D07B69A4
:10042000043300E000233B613B69002B02D16FF0F5
:1004300003038EE13B691A687B681A607B6ADB689C
:100440005B681846F8F7DDFA02467B685B6CD31AE6
:100450007A6A12891344BA699A4227D27B68B3F840
:1004600060301A46BB69934214D17B681B6F002B26
:1004700010D17B6893F89930002B0BD17B68002258
:1004800083F898207B68012283F899207B680022FA
:1004900083F89A207B685B8B03F00203002B00F04B
:1004A0004D81786800F06CFD034652E17B680022C4
:1004B00083F899207B681B6F3B623B6A002B00F03E
:1004C0001C8102E03B6A1B683B623B6A1B68002B95
:1004D000F8D112E17B6ADB689B899BB21846F8F77A
:1004E0007BFA0346DBB203F00403002B06D02F4B4C
:1004F00040F2365232492F4807F074F97B681B6F7F
:10050000002B1FD07B685B8B03F04403002B19D1B9
:100510007B68DB6E002B0BD07B68DB6E1B68002BCF
:1005200010D17B68DB6E1A897B685B8E9A4209D298
:100530007B68B3F86430002B04D07B68B3F8663076
:10054000082B01D9012300E00023002B06D17B6892
:100550005B8B03F0A003002B00F0E4807B681B7D25
:10056000022B0DD07B6ADB689B899CB21020F8F7C8
:1005700033FA03461A467B6ADB68224392B29A81B9
:100580007A697968786A00F009F90346FB7397F98C
:100590000F30002B16D07B685B8B43F080039AB240
:1005A0007B685A8397F90F30D3E000BFF8E803085F
:1005B00088EE030898E90308A0EE0308A88001204C
:1005C000C8EE03087B6A1A687B68DA667B681B7D65
:1005D000022B06D07B685B8B23F003039AB27B6807
:1005E0005A837B6ADB685B681846F8F70AFA0446A8
:1005F0007B6A1B891D467B6ADB689B899BB2184618
:10060000F8F7EAF90346DBB203F00303002B01D04D
:10061000012300E000232B442344BB607B681A6D58
:10062000BB68D31A002B02DA7B68BA681A657B6A4A
:100630001B891C467B6ADB689B899BB21846F8F7CE
:10064000CBF90346DBB203F00303002B01D00123F7
:1006500000E000232344002B49D07B6A00221A606B
:100660007B681B6F002B05D17B687A6A1A677B6AEF
:100670003B623FE07B6ADB685B681846F8F7C1F9CC
:1006800004463B6ADB685B681846F8F7BAF903462C
:10069000E31A002B24DA7B687033FB6102E0FB690C
:1006A0001B68FB61FB691B68002B11D0FB691B6891
:1006B000DB685B681846F8F7A4F904467B6ADB68D8
:1006C0005B681846F8F79DF90346E31A002BE6DB52
:1006D000FB691A687B6A1A60FB697A6A1A6009E02A
:1006E0003B6A7A6A1A603B6A1B683B6202E0786A7E
:1006F000FBF71FFF7B68DB6E7B627B6A002B12D0EF
:100700007B6ADB685B681846F8F77BF902467B6812
:100710005B6CD31A7A6A12891344BA699A42BFF49D
:10072000D9AE00E000BF7B68DB6E002B08D17B6890
:100730000022A3F8682004E000BF02E000BF00E050
:1007400000BF7B685B8B23F080039AB27B685A837F
:10075000002318462837BD46B0BD00BF80B582B023
:1007600000AF78607B68002B06D1094B40F29A52AB
:100770000849094807F036F87B685B689B7B012BCA
:1007800001D0012300E0002318460837BD4680BD94
:10079000F8E80308E0EE030898E90308B0B58CB068
:1007A00004AFF860B9607A60FB68002B06D1644B37
:1007B0004FF4B7626349644807F014F8BB68002B34
:1007C00006D15F4B40F2B95260495F4807F00AF822
:1007D0007B68002B06D15A4B40F2BA525C495A480A
:1007E00007F000F8F868FFF7B9FF0346002B01D0C7
:1007F0000023A1E0BB685A6AFB68DC681046F8F782
:1008000000F90346A360BB685A8DFB68DC6810469C
:10081000F8F7E2F80346E381BB685B6ABA68528D79
:100820001A44BB68DA62FB68DB681433FB61FB685F
:100830009B7A03F00103002B15D0BB6804331A46E2
:1008400079684FF40670FCF739FA03467B837B8B9B
:1008500043F001731846F8F7D4F80246FB691A60B2
:10086000FB690433FB61BB68B3F93030002B02DA5B
:10087000BB6800221A86BB685B6B002B0CD1354B22
:100880001A68BB685A63FB68DB685B681846F8F750
:10089000B8F80246BB689A63FB68DA68FB685B6875
:1008A0005B68D31A3B83FB685B685989FB685B68AC
:1008B0003A8B8A1A92B25A81FB685B681989FB6885
:1008C0005B683A8B8A1A92B21A81FB685B68FA6895
:1008D000D2685A60FB68DB6800221A7400225A74DE
:1008E000FB68DA68FB689B7A03F00103002B01D0F8
:1008F000182300E014231344FA699A4206D0104BDF
:1009000040F21C621449104806F06CFFFB685868FE
:10091000B968BB681C1DBB68DD7ABB689B7A7A68C6
:1009200002920622019200932B46224604F0CCFC50
:100930000346FB7597F9173018462037BD46B0BD02
:10094000F8E8030808EF030898E9030828EF03080C
:1009500048EF03085C8001206CEF0308B0B584B059
:1009600000AF78607B68002B06D1314B40F26362A8
:100970003049314806F036FF7B681B6F002B02D1EF
:100980006FF0050350E07B681B6FFB600BE0F868BD
:10099000FFF7E4FE0346002B02D06FF0050343E0AF
:1009A000FB681B68FB60FB681B68002BEFD1F868D5
:1009B000FFF7D4FE0346002B02D06FF0050333E0AF
:1009C0007B68DA6EFB681A607B681A6F7B68DA6690
:1009D0007B6800221A677B685B8B43F400639AB2E2
:1009E0007B685A83FB68DB685B681846F8F709F890
:1009F0000446FB681B891D46FB68DB689B899BB22C
:100A00001846F7F7E9FF0346DBB203F00303002BB8
:100A100001D0012300E000232B44E2187B68DA6454
:100A20007B6800225A63002318461037BD46B0BDCC
:100A3000F8E8030880EF030898E9030880B582B05E
:100A400000AF78607B68002B06D10D4B4FF4D3626A
:100A50000C490D4806F0C6FE7B6893F84230FF2B28
:100A600007D07B6893F842300133DAB27B6883F8B1
:100A700042207868FFF77EFC00BF0837BD4680BD86
:100A8000F8E80308A4EF030898E9030880B582B0EA
:100A900000AF78607B68002B06D10A4B40F2AD6254
:100AA00009490A4806F09EFE7868FFF757FF03469B
:100AB000002B02D17868FFF7C1FF00BF0837BD46A1
:100AC00080BD00BFF8E80308C8EF030898E90308F1
:100AD00090B585B000AF78607B68002B06D12F4BB6
:100AE00040F2C1622E492F4806F07CFE7B681B6FE6
:100AF000002B02D16FF005034CE07B681B6FBB60DD
:100B0000B868FFF72BFE0346002B02D06FF00503F9
:100B100040E0BB681A687B681A677B686C33FB60CF
:100B200002E0FB681B68FB60FB681B68002B11D0B0
:100B3000FB681B68DB685B681846F7F762FF0446D2
:100B4000BB68DB685B681846F7F75BFF0346E31A90
:100B5000002BE6DBFB681A68BB681A60FB68BA68A2
:100B60001A60BB681B68002B03D17B680022A3F8C6
:100B700068207B6893F84230FF2B07D07B6893F89E
:100B800042300133DAB27B6883F842207B6800226E
:100B90005A63002318461437BD4690BDF8E8030891
:100BA000E4EF030898E9030880B582B000AF7860ED
:100BB0007B68002B06D12A4B40F2F96229492A486A
:100BC00006F010FE7B681B6F002B44D07B685B8BAC
:100BD00003F00403002B3ED17868FFF779FF03464A
:100BE000002B38D17B68B3F860207B68B3F84830BD
:100BF000934228BF13469BB2DA0F13445B109AB29C
:100C00007B68A3F84A207B68B3F84A301A467B68B1
:100C10005B8E5B009A4206D27B685B8E5B009AB269
:100C20007B68A3F84A207B68B3F84A207B685B8E18
:100C3000194649000B449BB213449AB27B68A3F84F
:100C400048207B685B8B43F004039AB27B685A832D
:100C50007B6800221A8600BF0837BD4680BD00BFF2
:100C6000F8E80308FCEF030898E9030880B586B0AC
:100C700000AFF8607B600B467B8113463B817A892D
:100C80003B8913449BB214339BB24FF42072194634
:100C90002220F9F77BFB78617B69002B4DD07B89A3
:100CA00013337A695289934206DB264B40F2237252
:100CB0002549264806F096FD7B695B683B613B8CC5
:100CC0001846F7F789FE03461A463B691A80BB8C23
:100CD0001846F7F781FE03461A463B695A803B697E
:100CE0007A685A60F868F7F78CFE02463B699A60AA
:100CF0007B899B089BB205339BB21B039AB297F882
:100D000028309BB213439BB21846F7F765FE0346A3
:100D10001A463B699A81BB8D1846F7F75DFE03467C
:100D20001A463B69DA813B6900221A7400225A7420
:100D30003B6900229A740022DA747B6918461837DE
:100D4000BD4680BDF8E803081CF0030898E90308D5
:100D5000B0B58AB004AFF8607B600B467B81134668
:100D60003B81FB68002B06D1154B40F242721549BE
:100D7000154806F037FDFB68586AFB68DB8AFA689D
:100D8000128BF968498D3D897C890391102102916C
:100D9000019200937B682A462146FFF767FF78613E
:100DA0007B69002B06D0FB685B6AFA68528D1A4497
:100DB000FB68DA627B6918461837BD46B0BD00BFD4
:100DC000F8E803084CF0030898E9030880B588B0F8
:100DD00000AFF860B96011461A460B46FB71134626
:100DE000BB710023FB83BB68002B06D1124B40F282
:100DF00056721249124806F0F5FCBB685B68BB618D
:100E0000BB6914337B61FB8B9B001A46FB799B000B
:100E100003F0040313441433BA6913447A699A4201
:100E200006D0054B40F275720649054806F0DAFC1B
:100E300000BF2037BD4680BDF8E8030874F0030802
:100E400098E903086CEF030880B58AB004AFF86036
:100E5000B9607A603B60BB68002B06D11C4B40F246
:100E600087721C491C4806F0BDFC3A687968F8682E
:100E7000FEF7EAFA38613B69002B02D1FC23FB75CF
:100E80001CE0FB68002B06D0FB68DB7ABB75FB68B7
:100E90009B7A7B7503E0FF23BB7500237B75BA7DCE
:100EA0003B690293062301937B7D009313463A68C6
:100EB0007968B86804F008FA0346FB75B868F9F772
:100EC00049FD97F9173018461837BD4680BD00BF59
:100ED000F8E803089CF0030898E9030890B58BB084
:100EE00004AFF860B9607A603B603B68002B06D1C4
:100EF0001F4B40F2C4721F491F4806F073FCBB6AC7
:100F0000002B06D11A4B40F2C5721C491A4806F054
:100F100069FC0023FB7546F20803BB82FB7D9CB293
:100F2000B868F7F76EFD0246BB8A03931423029359
:100F30003B8E0193BB8D00931346002221467868B7
:100F4000FFF794FE38613B69002B0CD0FB7D00223B
:100F50003969F868FFF73AFFBB6A3A683969F86897
:100F6000FFF772FF00E000BF1C37BD4690BD00BF19
:100F7000F8E80308C8F0030898E90308E4F0030858
:100F800090B587B000AF78600023FB750023BB7578
:100F90007B68002B06D1284B40F2EA72274928488B
:100FA00006F020FCFB7D9B00DBB203F004037B75A5
:100FB0007B7D9CB27B681B6D1846F7F722FD0346CC
:100FC000002221467868FFF7C3FE38613B69002B99
:100FD00009D17B685B8B43F003039AB27B685A8329
:100FE0006FF0010323E0BB7DFA7D39697868FFF774
:100FF000EDFE7A687B68043339697868FFF724FF6F
:101000000346FB7397F90F30002B07D07B685B8B8F
:1010100043F003039AB27B685A8306E07B685B8BDC
:1010200023F003039AB27B685A8397F90F3018466E
:101030001C37BD4690BD00BFF8E8030800F1030867
:1010400098E9030890B587B000AF78600023FB757E
:101050007B68002B06D1184B40F62402174918482C
:1010600006F0C0FBFB7D9CB27B681B6D013B184604
:10107000F7F7C7FC0346002221467868FFF768FEB1
:1010800038613B69002B02D14FF0FF3310E0FB7D4C
:10109000002239697868FFF799FE7A687B68043323
:1010A00039697868FFF7D0FE0346FB7397F90F3074
:1010B00018461C37BD4690BDF8E8030820F1030828
:1010C00098E9030890B58BB000AF7860002387F8EB
:1010D00027307B68002B06D14C4B40F64F024C4921
:1010E0004C4806F07FFB7B68DB6E3B623B6A002B63
:1010F00001D1002386E07B6893F89A30FF2B07D05C
:101100007B6893F89A300133DAB27B6883F89A20CF
:101110003B6ADB689B899BB21846F7F75DFC034688
:10112000DBB203F00103002B05D03B6A1B89002BC7
:1011300001D1012300E00023FB77FB7F002B0CBFD4
:1011400001230023DBB2BB8397F8273099B23B6AB7
:10115000DB685B68BA8B7868FFF7FAFDB861BB693A
:10116000002B02D14FF0FF334CE0BB695B687B6121
:10117000FB7F002B11D07B699B899BB21BB223F4B0
:101180007C531CB21120F7F727FC03461BB2234304
:101190001BB29AB27B699A8110E0BB695B68143319
:1011A0003B613B6A58683B6A5B681A893B6A1B89EA
:1011B000D31A9BB201223969F9F7D2FD3B6ADB6889
:1011C0005B681846F7F71DFC03460133FB607B683C
:1011D0001A6DFB68D31A002B02DA7B68FA681A656D
:1011E00097F827300022B9697868FFF7EFFD7A6831
:1011F0007B680433B9697868FFF726FE0346FB7203
:1012000097F90B3018462C37BD4690BDF8E8030817
:101210003CF1030898E9030880B582B000AF78601C
:10122000F9F7E6FF0A4B1B68002B03D1094B1B683B
:10123000002B05D000220849FA2000F0F3F803E063
:10124000064B00221A6000BF00BF0837BD4680BDB4
:10125000688001206C80012019120308B4800120ED
:1012600080B500AF0A4B1B68002B0FD1094B1B68E0
:10127000002B03D1084B1B68002B07D0044B012225
:101280001A6000220549FA2000F0CCF800BF80BDAA
:10129000B4800120688001206C80012019120308AD
:1012A00080B586B000AFF860B9607A600A20F8F7C0
:1012B00059FB38613B69002B09D13B69002B51D1A7
:1012C0002A4BBE222A492B4806F08CFA4AE03B6999
:1012D00000221A603B69BA689A603B697A68DA60F2
:1012E0003B69FA685A60244B1B68002B03D1224AE1
:1012F0003B69136037E03B695A681F4B1B685B68AA
:10130000D31ADB0F03F00103DBB2002B07D01A4B1B
:101310001A683B691A60184A3B69136023E0164B50
:101320001B687B611AE07B691B68002B0BD03B6953
:101330005A687B691B685B68D31ADB0F03F00103F3
:10134000DBB2002B07D07B691A683B691A607B69A6
:101350003A691A6007E07B691B687B617B69002B37
:10136000E1D100E000BF1837BD4680BD60F1030841
:10137000E0F1030820F20308AC80012080B586B0BC
:1013800000AF78607B687B617B695B689847EBF7AF
:1013900007FC38617B691A680F4B1B681344FB60BC
:1013A000FA683B69D31ADB0F03F00103DBB2002BB1
:1013B00009D07B691A683B6913447A680749184663
:1013C000FFF76EFF04E07A680449F868FFF768FFEA
:1013D00000BF1837BD4680BDB08001207D130308D3
:1013E00080B582B000AF01237B600EE00B4A7B68C2
:1013F00052F833007B68DB00084A13441A46084958
:1014000000F010F87B6801337B607B68052BEDD919
:1014100000BF00BF0837BD4680BD00BFF80A040802
:101420007D13030880B586B000AFF860B9607A60BC
:10143000FB68B3F1804F06D30A4B40F229120A49E8
:101440000A4806F0CFF9EBF7ABFB0246FB68134402
:101450007B617A68B9687869FFF722FF00BF1837A7
:10146000BD4680BD60F1030848F2030820F203087E
:1014700080B584B000AFEBF793FBF860174B1B68A7
:10148000BB60BB68002B22D0BB685B68FA68D31ACC
:10149000DB0F03F00103DBB2002B1AD1BB681B6822
:1014A0000E4A1360BB689B687B60BB68DB683B606F
:1014B000BB685B680A4A1360B9680A20F8F7C8FA83
:1014C0007B68002BDAD07B6838689847D6E700BF86
:1014D00000E000BF1037BD4680BD00BFAC800120DA
:1014E000B080012080B582B000AF164B1B68002B86
:1014F00002D14FF0FF3320E0EBF752FB7860114B45
:101500001B685A687B68D31ADB0F03F00103DBB258
:10151000002B01D0002310E00A4B1B685A687B683F
:10152000D31A3B603B68002B06DA074B4FF4DC72A2
:101530000649074806F056F93B6818460837BD4685
:1015400080BD00BFAC80012060F1030880F2030879
:1015500020F2030880B500AF05F06CF903469BB29A
:10156000C3F30D039BB2A3F580439AB2014B1A80DB
:1015700000BF80BD9000002080B483B000AF002386
:10158000FB80174B1B885A1C91B2154A11804FF6ED
:10159000FF72934203D1124B4FF440421A80114B19
:1015A0001B683B6011E03B685A8A0D4B1B889A42CE
:1015B00008D1FB880133FB80FB88B3F5804FE0D373
:1015C000002307E03B68DB683B603B68002BEAD107
:1015D000034B1B8818460C37BD465DF8047B7047EB
:1015E00090000020B880012080B584B000AFF86082
:1015F000B9601346FB71FB68002B05D1274B87228E
:101600002749284806F0EEF8BB68002B05D1234B8C
:1016100088222549234806F0E5F8FB681B7A002B51
:101620000BD0FB681A7A214B5B6893F83830013392
:10163000DBB29A4201D000232BE0FB79002B18D0BB
:10164000FB68002B13D0FB681B68002B0FD0174BD7
:101650005B69B3F1FF3F0AD0FB681A68134B5B6903
:101660005A40BB6808331B681340002B10D101237C
:101670000FE0FB68002B09D0FB681B68002B05D02E
:10168000FB681A68094B5B699A4201D1012300E0AB
:10169000002318461037BD4680BD00BF94F20308F2
:1016A00010F3030834F303085CF3030898470120A0
:1016B00090B58DB002AF786039600023FB767B680F
:1016C000002B05D17C4BCF227C497D4806F08AF85F
:1016D0003B68002B05D1784BD0227A49784806F038
:1016E00081F87B685B89072B03D87868F9F732F9B2
:1016F000DEE07B685B687B61734B5B69724A1268F2
:101700001146184603F0B8FE0346FB747B691B883C
:101710009BB21846F7F760F903463B827B695B880A
:101720009BB21846F7F758F90346FB8100237B620A
:1017300000233B620023FB61644B1B687B6254E027
:101740007B6A5B8AFA899A424AD1FB7C1A463968DD
:10175000786AFFF749FF0346002B41D07B6A1B7C68
:1017600003F00403002B1DD1FB69002B02D17B6A1F
:10177000FB6117E0FB7C002B14D0534B5B69B3F18A
:10178000FF3F0FD1FB691A683B6804331B689A421C
:1017900008D07B6A1A683B6804331B689A4201D1FF
:1017A0007B6AFB617B6A9B8A3A8A9A4218D17B6A80
:1017B0005B68002B05D07B6A5A68434B1B699A42D1
:1017C0000ED13B6A002B14D07B6ADA683B6ADA6080
:1017D0003E4B1A687B6ADA603C4A7B6A136008E019
:1017E0007B6A3B627B6ADB687B627B6A002BA7D1EA
:1017F00000E000BF7B6A002B01D1FB697B627B6A42
:10180000002B02D00123FB760AE03B6804331A6800
:101810002D4B5B699A420CBF01230023DBB2FB76A0
:10182000FB7E002B41D008217868F9F70DF80346BC
:10183000002B0AD0204B4FF4B8722549204805F000
:10184000D1FF7868F9F786F832E07B6A002B12D076
:101850007B6A9B69002B0AD07B6A9C697B6AD8698A
:101860003B8A00931B4B7A68796AA04721E078682D
:10187000F9F770F81CE0FB7C002B12D1124B5B696E
:1018800003F0F003E02B0CD00F4B9B8908339BB285
:101890001BB219467868F9F74AF80321786803F013
:1018A000ADFA7868F9F756F803E07868F9F752F876
:1018B00000BF2C37BD4690BD94F2030884F30308A3
:1018C00034F303089CF3030898470120B8800120F3
:1018D000B8F30308A847012080B588B002AFF860CC
:1018E000B9607A607B80FB68002B09D1234B4FF4F1
:1018F00006722349234805F075FF6FF00F0338E0A7
:10190000BB68002B09D11D4B40F219221E491D480E
:1019100005F068FF6FF00F032BE07B68002B09D107
:10192000164B40F21A221949164805F05BFF6FF07A
:101930000F031EE0FB681B7A002B06D0FB681B7AA6
:101940001846F8F74BFC786103E0786803F0E0FA9A
:1019500078617B69002B02D16FF0030309E07A887C
:101960007B69009313467A68B968F86800F010F84C
:10197000034618461837BD4680BD00BF94F20308E1
:1019800004F4030834F303081CF4030838F40308D0
:1019900080B588B002AFF860B9607A607B80FB6880
:1019A000002B09D12E4B4FF420722E492E4805F002
:1019B00019FF6FF00F034FE0BB68002B09D1284BD4
:1019C00040F281222949284805F00CFF6FF00F03EF
:1019D00042E07B68002B09D1214B40F2822224494E
:1019E000214805F0FFFE6FF00F0335E03B6A002B46
:1019F00009D11B4B40F283221E491B4805F0F2FE21
:101A00006FF00F0328E0FB68002B09D0FB681B6810
:101A1000002B05D0FB681B6803F0F003E02B03D11B
:101A20003B6A04337B610BE0FB681A683B6A043352
:101A30001B689A4202D06FF003030DE0FB687B61E4
:101A40007A887B6901933B6A009313467A68B96888
:101A5000F86800F011F8034618461837BD4680BDF7
:101A600094F2030854F4030834F3030870F40308F1
:101A70008CF40308ACF4030880B58CB004AFF860B4
:101A8000B9607A607B80FB68002B09D1654B40F21E
:101A9000D1226549654805F0A5FE6FF00F03BCE053
:101AA000BB68002B09D15F4B40F2D22260495F48EE
:101AB00005F098FE6FF00F03AFE07B68002B09D1B3
:101AC000584B40F2D3225B49584805F08BFE6FF02B
:101AD0000F03A2E0FB6A002B09D1524B4FF4357281
:101AE0005549524805F07EFE6FF00F0395E0BB6A42
:101AF000002B09D14B4B40F2D52250494B4805F001
:101B000071FE6FF00F0388E0FB685B8A002B0FD13A
:101B1000F968FB685B8A1A46F86800F093F8034698
:101B2000FB7697F91B30002B02D097F91B3074E03D
:101B3000BB681B894FF6F772934202D94FF0FF330F
:101B40006BE00821B868F8F76FFE0346002B15D04C
:101B50004FF4207208212220F8F718FCF861FB6985
:101B6000002B02D14FF0FF3357E0BB681B89002BDD
:101B700006D0B968F869F9F711F801E0BB68FB61B4
:101B8000FB695B89072B06D8264B40F20D322C49A6
:101B9000264805F027FEFB695B687B61FB685B8A72
:101BA0001846F6F719FF03461A467B691A807B88A8
:101BB0001846F6F711FF03461A467B695A807B697F
:101BC00000229A710022DA71FB691B891846F6F728
:101BD00003FF03461A467B699A801123FB74FB6856
:101BE000DB7ABB74FB689B7AB97CBA6A0292FA7C96
:101BF000019200930B467A68F96AF86903F08EFB4C
:101C00000346FB76FA69BB689A4204D0F869F8F794
:101C1000A1FE0023FB6197F91B3018462037BD4613
:101C200080BD00BF94F20308CCF4030834F303082A
:101C3000ECF403080CF5030830F5030854F5030829
:101C400078F5030880B586B000AFF860B960134638
:101C5000FB80BB68002B01D1394BBB60FB68002BBC
:101C600009D1384B40F2B7323749384805F0BAFD50
:101C70006FF00F0360E00023FB74354B1B687B6142
:101C800009E0FA687B699A4202D10123FB7405E0FE
:101C90007B69DB687B617B69002BF2D1FB88002BC1
:101CA00009D1FFF769FC0346FB80FB88002B2CD190
:101CB0006FF0070340E0264B1B687B6122E0FA6867
:101CC0007B699A421BD07B695B8AFA889A4216D15B
:101CD0007B691A68BB681B689A420DD0BB68002BF1
:101CE0000AD0BB681B68002B06D07B69002B03D091
:101CF0007B691B68002B02D16FF007031CE07B6936
:101D0000DB687B617B69002BD9D1BB68002B02D0DB
:101D1000BB681B6800E00023FA681360FB68FA8860
:101D20005A82FB7C002B06D1094B1A68FB68DA60EB
:101D3000074AFB681360002318461837BD4680BD6C
:101D4000280B040894F20308A8F5030834F30308E9
:101D5000B880012080B586B000AFF860B960134646
:101D6000FB80FB68002B09D12C4B40F235422C49FB
:101D70002C4805F037FD6FF00F034BE0BB68002BDC
:101D800009D1264B40F236422749264805F02AFD64
:101D90006FF00F033EE0FB685B8A002B0FD1F96800
:101DA000FB685B8A1A46F868FFF74CFF0346FB7432
:101DB00097F91330002B02D097F913302AE0BB6853
:101DC000002B02D0BB681B6800E00023FA68536058
:101DD000FB68FA889A82FB681B7C43F00403DAB242
:101DE000FB681A74114B1B687B6108E0FA687B6919
:101DF0009A4201D100230DE07B69DB687B617B693E
:101E0000002BF3D1094B1A68FB68DA60074AFB68BC
:101E10001360002318461837BD4680BD94F20308AE
:101E2000C0F5030834F30308DCF50308B88001208B
:101E300080B584B000AFF860B9607A60FB68002BB1
:101E400007D1084B40F28A420749084805F0CAFC0E
:101E500005E0FB68BA689A61FB687A68DA61103756
:101E6000BD4680BD94F2030814F6030834F303085A
:101E700080B584B000AF78607B68002B07D1194B28
:101E800040F2A1421849194805F0ACFC26E0184B75
:101E90001B687A689A4205D1154B1B68DB68144AA7
:101EA000136017E0124B1B68FB6010E0FB68DB68F7
:101EB000002B09D0FB68DB687A689A4204D17B6802
:101EC000DA68FB68DA6005E0FB68DB68FB60FB68EA
:101ED000002BEBD179680020F7F7BAFD1037BD462B
:101EE00080BD00BF94F203082CF6030834F3030806
:101EF000B880012080B582B000AF0020F7F732FD36
:101F000078607B68002B07D020220021786805F0DC
:101F100093FE7B68FF22DA727B6818460837BD465D
:101F200080BD80B584B000AF0346FB71FFF7E2FFD0
:101F3000F860FB6818461037BD4680BD80B485B098
:101F400000AF786039607B68002B1ED07B681B680F
:101F5000002B1AD03B68002B17D03B681B68002B66
:101F600013D00D4B1B68FB600CE0FB681A687B68A4
:101F70001B689A4203D13B681A68FB681A60FB68C9
:101F8000DB68FB60FB68002BEFD100BF1437BD4658
:101F90005DF8047B704700BFB880012080B500AFBA
:101FA000204B1B78002B33D11F4B1B68002B05D017
:101FB0001E4BE5221E491F4805F014FCFFF79AFF4F
:101FC0000346194A1360184B1B68002B02D14FF0CF
:101FD000FF3324E0144B1B685A7A134B1B6842F002
:101FE0002002D2B25A72104B1B6844221249184682
:101FF000FFF728FE0C4B1B6843220F491846FFF7DA
:10200000A9FE094B1B6800220C491846FFF710FF78
:10201000044B1B780133DAB2024B1A7000231846C6
:1020200080BD00BFF4800120F080012044F6030849
:10203000C8F60308F0F60308280B040865390308FE
:1020400080B500AF0E4B1B78002B05D10D4BFF2246
:102050000D490E4805F0C6FB094B1B78013BDAB26F
:10206000074B1A70064B1B78002B07D1084B1B68D7
:102070001846FFF7FDFE064B00221A6000BF80BD28
:10208000F480012044F6030818F70308F0F603086B
:10209000F080012080B584B000AF78607B689B6AD7
:1020A000FB600C21F86801F06FF8064B054A054902
:1020B0007868F7F7A5FE786800F068FC00BF103775
:1020C000BD4680BD280B040880B584B000AF7860A1
:1020D0007B689B6AFB600821F86801F055F8FB6893
:1020E0001C3300221946786802F086FB0346FB7217
:1020F000FB689B79FF2B05D0FB689B790133DAB233
:10210000FB689A714FF4FA733B813B8903F2F31336
:10211000064A82FB03125211DB17D31A9AB2FB68EC
:102120001A8100BF1037BD4680BD00BFD34D62107D
:1021300080B584B000AF786039607B689B6AFB60D3
:102140000C4B9B78002B11D0FB6800221A810A4BA4
:102150009B681846F6F755FC0246FB689A613B6897
:102160001A69FB68DA61786800F008F800BF103778
:10217000BD4680BDE4800120BC800120B0B58AB09E
:1021800002AF78607B68002B09D1714B40F2771267
:102190007049714805F026FB6FF00F03D3E07B68B0
:1021A0009B6ABB61BB69002B09D1694B40F2791274
:1021B0006A49694805F016FB6FF00503C3E0012189
:1021C000B86900F0E1FF07F10C030322B9697868F0
:1021D00001F096FC78617B69002B00F085807B69BB
:1021E0005B683B61B8893B6903F1F0010223392246
:1021F00000F0E4FF0346BB81B8893B6903F1F001BD
:102200007B689B8D1A4601F033F80346BB81B88981
:102210003B6903F1F0010423322200F0CFFF0346B3
:10222000BB81BC893B6903F1F005BB69DB691846DA
:10223000F6F7E7FB03461A462946204601F04AF81E
:102240000346BB81B8893B6903F1F00104233622C0
:1022500000F0B4FF0346BB81BC893B6903F1F00584
:10226000BB699B691846F6F7CCFB03461A4629461C
:10227000204601F02FF80346BB81B8893B6903F182
:10228000F0010423372200F099FF0346BB810023AD
:10229000BB770EE0B8893B6903F1F001BB7F304AA0
:1022A000D35C1A4600F0BEFF0346BB81BB7F0133FF
:1022B000BB77BB7F032BEDD9B8893B69F0337A69D3
:1022C000194601F0F3FC274B1868274B01937B68F4
:1022D00000934323254A7969FFF7CEFB0346FB773A
:1022E0007869F8F737FB01E0FF23FB77BB699B793F
:1022F000FF2B05D0BB699B790133DAB2BB699A71B8
:10230000BB699B79052B0DD8BB699B791A460123C4
:1023100093409BB21A465201D21A92001344DB003A
:102320009BB201E04EF66023FB81FB8903F2F313BD
:102330000F4A82FB03125211DB17D31A9AB2BB6900
:102340001A8197F91F3018462037BD46B0BD00BF2F
:1023500044F603083CF70308F0F6030858F70308AF
:1023600094000020F0800120280B04082C0B0408A6
:10237000D34D621080B582B000AF274B1B687B60E5
:1023800042E07B689B6A3B603B68002B39D03B682E
:102390005B79002B35D03B689B8A002B12D03B68C1
:1023A0005B8A01339AB23B685A823B685A8A3B681F
:1023B0009B8A9A4206D1786800F04CFE786800F05B
:1023C00089F91EE03B681B8A002B0BD03B681B8AF7
:1023D0005A1E91B23A681182012B03D1786800F03D
:1023E000C6F80EE03B68DB89002B0AD03B68DB892E
:1023F0005A1E91B23A68D181012B02D1786800F05F
:1024000088F87B681B687B607B68002BB9D100BFB4
:1024100000BF0837BD4680BD5080012080B582B026
:1024200000AF164B1B687B6020E07B689B6A3B60BB
:102430003B68002B17D03B681B89012B06D93B68F2
:102440001B89013B9AB23B681A810CE03B681B89EF
:10245000012B08D13B681B89013B9AB23B681A816A
:10246000786800F00DF87B681B687B607B68002B48
:10247000DBD100BF00BF0837BD4680BD50800120C2
:1024800080B584B000AF78607B689B6AFB60FB68B6
:102490005B790C2B03D0FB685B79062B03D1786842
:1024A00000F074FA31E0FB685B79012B0ED1FB6818
:1024B0009B79052B03D87868FFF760FE25E07868E4
:1024C00000F0C8FD786800F005F91EE0FB685B7954
:1024D000082B0BD1FB689B79012B03D87868FFF799
:1024E000F3FD12E0786800F0F3FA0EE0FB685B7928
:1024F000032B0AD1FB689B79012B03D8786800F085
:10250000F5FC02E0786800F041FA00BF1037BD46E4
:1025100080BD80B584B000AF78607B689B6AFB604B
:10252000FB685B79012B07D0FB685B790A2B03D032
:10253000FB685B79052B16D1786800F0A3FBFB687C
:102540009B891A46FB685B8AD31A012B0BDDFB685B
:102550009B891A46FB685B8AD31ADA0F13445B1017
:102560009AB2FB68DA8100BF1037BD4680BD80B5E6
:1025700084B000AF78607B689B6AFB60FB685B7926
:10258000012B0BD0FB685B790A2B07D0FB685B79CA
:10259000052B03D0FB685B79042B16D1786800F01B
:1025A0000BFCFB689B8A1A46FB685B8AD31A012BDB
:1025B0000BDDFB689B8A1A46FB685B8AD31ADA0F2D
:1025C00013445B109AB2FB681A8200BF1037BD46F5
:1025D00080BD000080B586B000AF786039607B6850
:1025E0009B6A3B613B6900221A623B6900225A6286
:1025F000364BDB78002B03D0354BDA683B699A62A7
:10260000324B1B79002B04D0314B1A693B69DA62DB
:1026100004E03B699B6A5A083B69DA622B4B5B79A1
:10262000002B04D02A4B5A693B691A6307E03B69C7
:102630009A6A1346DB009B1ADA083B691A633B6807
:102640001A693B69DA61214B9B79002B0BD0204B37
:102650009B691846F6F7D5F902463B691A623B6951
:102660000122DA7102E03B690022DA71174BDB7953
:10267000002B07D0164BDB691846F6F7C2F9024665
:102680003B695A620023FB7513E0FB7D0833104A57
:1026900052F823301846F6F7B4F90346FB6007F109
:1026A0000C02FB7D11461846F6F7CCF9FB7D013391
:1026B000FB75FB7D012B05D8FB7D0833034AD35CFA
:1026C000002BE2D100BF1837BD4680BDE480012059
:1026D000BC80012080B584B000AF78607B68002B9F
:1026E00009D1374B40F2E7223649374805F07AF8EE
:1026F0006FF00F0360E07B6893F8353003F001035F
:10270000002B09D12E4B4FF43A7230492E4805F078
:1027100069F86FF00F034FE07B689B6AFB607B6892
:102720009B8DB3F5107F02D24FF0FF3344E0FB687E
:10273000002B0DD13420F6F771FFF860FB68002BF9
:1027400002D14FF0FF3337E07B68FA689A6205E008
:10275000FB681B79002B01D0FFF772FC34220021AB
:10276000F86805F069FAFFF719FC0346002B02D060
:102770004FF0FF3320E0FB6801221A717B6893F869
:10278000353003F00403002B05D10221F86800F076
:10279000FBFC002310E0786800F0F8F80346FB72B9
:1027A00097F90B30002B05D0786800F053FC4FF000
:1027B000FF3301E097F90B3018461037BD4680BD56
:1027C00044F6030874F70308F0F60308B8F70308A3
:1027D00080B584B000AF78607B689B6AFB60FB6863
:1027E000002B25D0FB685B790A2B08D00A2B0DDC67
:1027F000002B1FD0002B09DB033B022B06D8FB6804
:1028000000229A71786800F071FB14E0FB685B7934
:102810000C2B06D9094B40F26D320949094804F0E6
:10282000E1FFFB6800229A71786800F0AFF802E0DF
:1028300000BF00E000BF1037BD4680BD44F603086E
:10284000DCF70308F0F6030880B584B000AF7860C9
:1028500039607B68002B07D10E4B40F28B320E495A
:102860000E4804F0BFFF12E07B689B6AFB60FB68C8
:10287000002B0CD0FB685B79082B08D13B681A68E9
:10288000FB68DB699A4202D1786800F009F81037DA
:10289000BD4680BD44F6030874F70308F0F603084C
:1028A000B0B58AB002AF78607B689B6ABB610C21CF
:1028B000B86900F069FC07F10C030422B969786873
:1028C00001F01EF978617B69002B35D07B695B686C
:1028D0003B61B8893B6903F1F0010423322200F027
:1028E0006DFC0346BB81BC893B6903F1F005BB6904
:1028F000DB691846F6F785F803461A46294620464E
:1029000000F0E8FC0346BB81B8893B69F0337A6983
:10291000194601F0CBF9194B1868194B01937B68E4
:1029200000934323174A7969FFF7A6F80346FB771C
:102930007869F8F70FF801E0FF23FB77BB699B7913
:10294000FF2B05D0BB699B790133DAB2BB699A7161
:1029500042F21073FB81FB8903F2F3130A4A82FBF4
:1029600003125211DB17D31A9AB2BB691A8197F975
:102970001F3018462037BD46B0BD00BFF080012093
:10298000280B04082C0B0408D34D621080B58AB0C4
:1029900002AF78607B689B6ABB610023FB75BB69F3
:1029A0000022DA610621B86900F0EEFB07F10803A6
:1029B0000122B969786801F0A3F838613B69002BFE
:1029C0004BD03B695B68FB603889FB6803F1F00121
:1029D0000223392200F0F2FB03463B813889FB6871
:1029E00003F1F0017B689B8D1A4600F041FC034621
:1029F0003B813889FB6803F1F0010423372200F0A2
:102A0000DDFB03463B810023FB770EE03889FB6842
:102A100003F1F001FB7F294AD35C1A4600F002FC67
:102A200003463B81FB7F0133FB77FB7F032BEDD913
:102A30003889FB68F0333A69194601F037F9204BC1
:102A40001868204B01937B68009343231E4A396921
:102A5000FFF712F83869F7F77DFFBB699B79FF2B09
:102A600005D0BB699B790133DAB2BB699A71BB6946
:102A70009B79052B0DD8BB699B791A46012393409E
:102A80009BB21A465201D21A92001344DB009BB249
:102A900001E04EF660237B817B8903F2F3130B4A3E
:102AA00082FB03125211DB17D31A9AB2BB691A8147
:102AB00097F9173018462037BD4680BD9400002096
:102AC000F0800120280B04082C0B0408D34D621061
:102AD00080B588B000AF78607B68002B07D1644B6D
:102AE00040F215426349644804F07CFEBCE07B6818
:102AF0009B6ABB61BB69002B07D15D4B40F217425B
:102B00005E495D4804F06EFEAEE0BB6900225A8269
:102B1000BB699B6AB3F1FF3F19D0BB699B6A1E3347
:102B2000574AA2FB03235B09FB61FB69B3F5803FB6
:102B300002D34FF6FF73FB61FB699AB2BB699A82BD
:102B4000BB699B8A002B02D1BB6901229A82BB69B7
:102B5000DB6AB3F1FF3F1DD0BB69DB6A1E33484A15
:102B6000A2FB03235B09FB61FB69B3F5803F02D342
:102B70004FF6FF73FB61FB699AB2BB695A81BB696F
:102B80005B89002B02D1BB6901225A81BB695A893A
:102B9000BB69DA81BB691B6BB3F1FF3F1DD0BB6919
:102BA0001B6B1E33364AA2FB03235B09FB61FB69E7
:102BB000B3F5803F02D34FF6FF73FB61FB699AB216
:102BC000BB699A81BB699B89002B02D1BB69012239
:102BD0009A81BB699A89BB691A82BB695A89BB69A8
:102BE0009B899A4206D3BB699B89002B02D0BB69A3
:102BF00000225A81BB69DB79002B03D0BB691B6AB9
:102C00003B6114E0BB691C331B78FB7597F91730E7
:102C1000002B02DBFF233B6109E0FB7DBF2B03D9C7
:102C20006FF07F433B6102E04FF6FF733B61BB698E
:102C30005B6AFB60FB68002B08D1BB69DA693B6902
:102C40001340FB60FB6843F08073FB600A21B869A6
:102C500000F09AFABB6903F11C0107F10C0307F1BC
:102C600010027868F7F7CCF82037BD4680BD00BF6A
:102C700044F60308F0F70308F0F603080CF803081D
:102C80008988888880B58AB002AF78607B689B6A43
:102C9000BB610521B86900F077FA07F10C03032244
:102CA000B969786800F02CFF78617B69002B4ED001
:102CB0007B695B683B61B8893B6903F1F0010223E2
:102CC000392200F07BFA0346BB81B8893B6903F1E6
:102CD000F0017B689B8D1A4600F0CAFA0346BB815F
:102CE000B8893B6903F1F0010423372200F066FA4A
:102CF0000346BB810023BB770EE0B8893B6903F133
:102D0000F001BB7F294AD35C1A4600F08BFA0346D8
:102D1000BB81BB7F0133BB77BB7F032BEDD9B88968
:102D20003B69F0337A69194600F0C0FF204B186800
:102D3000BB6903F118027B68009343237969FEF7AE
:102D400027FE0346FB777869F7F704FE01E0FF23CF
:102D5000FB77BB699B79FF2B05D0BB699B7901335E
:102D6000DAB2BB699A71BB699B79092B09D8BB6937
:102D70009B791A465201D21A920013441B019BB24E
:102D800001E044F62063FB81FB8903F2F313094A57
:102D900082FB03125211DB17D31A9AB2BB691A8154
:102DA00097F91F3018462037BD4680BD940000209B
:102DB000F0800120D34D621080B58AB002AF7860F8
:102DC0007B689B6ABB610421B86900F0DDF907F1FB
:102DD0000C030322B969786800F092FE78617B6980
:102DE000002B4CD07B695B683B61B8893B6903F180
:102DF000F0010223392200F0E1F90346BB81B889D2
:102E00003B6903F1F0017B689B8D1A4600F030FAB4
:102E10000346BB81B8893B6903F1F00104233722E3
:102E200000F0CCF90346BB810023BB770EE0B889E4
:102E30003B6903F1F001BB7F284AD35C1A4600F0DE
:102E4000F1F90346BB81BB7F0133BB77BB7F032B0B
:102E5000EDD9B8893B69F0337A69194600F026FF4D
:102E60001F4B18687B68009343231E4A7969FEF75D
:102E70008FFD0346FB777869F7F76CFD01E0FF23D0
:102E8000FB77BB699B79FF2B05D0BB699B7901332D
:102E9000DAB2BB699A71BB699B79092B09D8BB6906
:102EA0009B791A465201D21A92001344DB009BB25E
:102EB00001E042F21073FB81FB8903F2F3130A4A2B
:102EC00082FB03125211DB17D31A9AB2BB691A8123
:102ED00097F91F3018462037BD4680BD940000206A
:102EE000F08001202C0B0408D34D6210B0B58AB0DD
:102EF00002AF78607B689B6ABB610321B86900F010
:102F000043F907F10C030322B969786800F0F8FD72
:102F100078617B69002B66D07B695B683B61B8890F
:102F20003B6903F1F0010223392200F047F903461F
:102F3000BB81B8893B69F0334FF41072194600F039
:102F400097F90346BB81B8893B6903F1F00104237B
:102F5000322200F033F90346BB81BC893B6903F19F
:102F6000F005BB69DB691846F5F74BFD03461A46C9
:102F70002946204600F0AEF90346BB81B8893B697B
:102F800003F1F0010423372200F018F90346BB8156
:102F90000023BB770EE0B8893B6903F1F001BB7FEA
:102FA000284AD35C1A4600F03DF90346BB81BB7F3B
:102FB0000133BB77BB7F032BEDD9B8893B69F03375
:102FC0007A69194600F072FE1F4B18687B680093FF
:102FD00043231E4A7969FEF7DBFC0346FB777869D9
:102FE000F7F7B8FC01E0FF23FB77BB699B79FF2B68
:102FF00005D0BB699B790133DAB2BB699A71BB69B1
:103000009B79092B09D8BB699B791A465201D21AC0
:1030100092001344DB009BB201E042F21073FB818B
:10302000FB8903F2F3130A4A82FB03125211DB17E6
:10303000D31A9AB2BB691A8197F91F301846203704
:10304000BD46B0BD94000020F08001202C0B040888
:10305000D34D6210B0B58AB002AF78607B689B6ACE
:10306000FB61FB69002B00F08480FB695B79002B1E
:1030700000F08180FB699B693B61FB6900229A61DA
:10308000FB690022DA61FB6900221A62FB690022F7
:103090005A62FB6900221A63FB691A6BFB69DA62E8
:1030A000FB69DA6AFB699A62FB6900229A82FB6912
:1030B0009A8AFB695A82FB695A8AFB691A82FB6900
:1030C0001A8AFB69DA81786800F01EFE0346002B3D
:1030D0003BD007F10E030722F969786800F010FD74
:1030E000B861BB69002B30D0BB695B687B61F88934
:1030F0007B6903F1F0010423362200F05FF80346F8
:10310000FB81FC897B6903F1F0053B691846F5F703
:1031100078FC03461A462946204600F0DBF80346B1
:10312000FB81F8897B69F033BA69194600F0BEFD6E
:10313000134B186807F110027B6800934323B969A9
:10314000FEF726FCB869F7F705FC0E4B0D4A0D4952
:103150007868F6F755FE0021F86900F015F8FB696C
:103160001B79002B08D0FEF76BFFFB6900221A7158
:1031700002E000BF00E000BF2037BD46B0BD00BF89
:10318000F0800120280B040880B483B000AF786081
:103190000B46FB707B685B79FA789A4208D07B68B3
:1031A000FA785A717B6800229A717B6800221A8132
:1031B00000BF0C37BD465DF8047B704780B582B018
:1031C00000AF396011461A460346FB800B467B71FF
:1031D00013463B71FA883B7913440233442B06D9DA
:1031E0000D4B40F29A520D490D4804F0FBFAFB8852
:1031F0005A1CFA801A463B6813447A791A70FB8885
:103200005A1CFA801A463B6813443A791A70FB88B4
:1032100018460837BD4680BD44F6030824F8030865
:10322000F0F6030880B582B000AF03463960FB803A
:1032300013467B71FB88432B06D90A4B40F2A652FA
:1032400009490A4804F0CEFAFB885A1CFA801A464B
:103250003B6813447A791A70FB8818460837BD46D4
:1032600080BD00BF44F6030868F80308F0F60308C1
:1032700080B582B000AF03463960FB801346BB8047
:10328000FB880233442B06D90F4B40F2AE520F4954
:103290000F4804F0A7FABB881B0A9AB2FB88591C96
:1032A000F98019463B680B44D2B21A70FB885A1C4D
:1032B000FA801A463B681344BA88D2B21A70FB8867
:1032C00018460837BD4680BD44F60308A0F8030839
:1032D000F0F6030880B584B000AF0346B9607A60A9
:1032E000FB81FB890433442B06D9194B40F2B752BA
:1032F0001849194804F076FA7B681A0EFB89591CA4
:10330000F9811946BB680B44D2B21A707B681A0C5B
:10331000FB89591CF9811946BB680B44D2B21A705B
:103320007B681A0AFB89591CF9811946BB680B4452
:10333000D2B21A70FB895A1CFA811A46BB68134430
:103340007A68D2B21A70FB8918461037BD4680BD24
:1033500044F60308DCF80308F0F6030880B590B0E3
:1033600000AF786039600023FB620023BB620A2251
:103370000021BA4804F060FC7B685B892B2B02D8E3
:103380006FF00103EAE27B685B68BB61F023FB86B8
:103390007B681B89BB867B683B630CE03B6B5B896E
:1033A000FA8ED31AFB863B6B5B89BA8ED31ABB8627
:1033B0003B6B1B683B633B6B002B04D03B6B5B8917
:1033C000FA8E9A42EAD23B6B002B02D16FF00103D6
:1033D000C4E2FB8E7B87BB8E3B873B6B5B68FB63EA
:1033E00067E27B8FFA6B13441B78FB75002387F829
:1033F00026304FF0FF333B627B8F0233FB83FA8B27
:103400007B8F9A4202D26FF00103A7E27B8F0133D8
:103410003A6B5289934207DA7B8F0133FA6B13447C
:103420001B7887F827300BE03B6B1B68002B04D020
:103430003B6B1B685B681B7800E0002387F8273034
:1034400097F8273087F82630FB7D3B2B00F25A8116
:1034500001A252F823F000BF49350308593503088B
:10346000053703087B3503080537030805370308CC
:10347000A735030805370308053703080537030890
:103480000537030805370308053703080537030820
:103490000537030805370308053703080537030810
:1034A0000537030805370308053703080537030800
:1034B00005370308053703080537030805370308F0
:1034C00005370308053703080537030805370308E0
:1034D00005370308053703080537030805370308D0
:1034E00005370308053703080537030805370308C0
:1034F00005370308053703080537030805370308B0
:10350000053703080537030805370308053703089F
:10351000053703080537030805370308053703088F
:1035200005370308FD3503081F3603087D360308F9
:103530009F360308053703080537030805370308D6
:10354000C1360308E3360308002387F8273097F8CD
:10355000273087F82630D9E097F82730042B09D098
:103560003F4B40F22E623F493F4804F03BF96FF079
:103570000503F3E106233B62C8E0042387F8263005
:1035800097F8272097F826309A4209D2344B40F218
:1035900033623649344804F025F96FF00503DDE164
:1035A00007233B62B2E097F8273003F00303DBB256
:1035B000002B09D02A4B40F239622D492A4804F0E9
:1035C00011F96FF00503C9E197F82730082B28BFE0
:1035D000082387F8263097F8272097F826309A4254
:1035E00009D21F4B40F23C6220491F4804F0FAF810
:1035F0006FF00503B2E108233B6287E097F82730BC
:10360000042B09D0164B40F241621649164804F0CB
:10361000E9F86FF00503A1E103233B6276E097F838
:103620002730012B09D00E4B40F24F6211490E4852
:1036300004F0D8F86FF0050390E1FB8EF02B09D071
:10364000074B40F251620C49074804F0CBF86FF089
:10365000050383E100233B6258E000BFE4800120C2
:1036600044F6030818F90308F0F6030824F90308E0
:1036700038F9030848F9030854F9030897F8273084
:10368000012B09D09D4B40F255629D499D4804F0A5
:10369000A9F86FF0050361E101233B6236E097F87A
:1036A0002730042B09D0954B40F259629649954832
:1036B00004F098F86FF0050350E102233B6225E027
:1036C00097F82730042B09D08C4B40F25D628E496D
:1036D0008C4804F087F86FF005033FE104233B6258
:1036E00014E097F82730042B09D0844B40F2616234
:1036F0008549844804F076F86FF005032EE1052330
:103700003B6203E0002387F8263000BFFB7D002BDF
:1037100003D17B8F01337B87A1E07A8F97F8273025
:1037200013444FF6FD72934202DD6FF0010315E181
:1037300097F827309AB27B8F13449BB202337B8772
:1037400097F82630002B00F08A800023BB603B6A8C
:10375000002B02DB3B6A092B06DD684B4FF4CF627E
:103760006A49684804F03EF8694A3B6A13441B788A
:10377000002B74D197F82630042B28BF0423DBB22A
:10378000BB82FB8BBA8A07F10801386BF7F7E8FABE
:1037900003461A46BB8A934202D06FF00103DDE074
:1037A00097F82630042B33D997F8263003F003031B
:1037B000DBB2002B09D0514B40F281625549514890
:1037C00004F010F86FF00503C8E0514A3B6A134457
:1037D00001221A70BB681846F5F713F902464E49E4
:1037E0003B6A41F8232097F82630043B87F82630BF
:1037F000FB8B04337B827A8AFB8B9A4202D26FF076
:103800000103ABE07B8AFB833B6A01333B629EE7AB
:1038100097F82630042B06D1BB681846F5F7F1F867
:103820000346BB6011E097F82630012B09D0334BDB
:103830004FF4D2623949334803F0D4FF6FF00503E7
:103840008CE007F108031B78BB60314A3B6A1344E4
:1038500001221A70BA6830493B6A41F823203B6B59
:103860005B897A8F9A4224D33B6B5B897A8FD31A18
:103870007B873B6B5B893A8FD31A3B877A8F3B8F71
:103880009A4213D23B6B1B683B633B6B002B09D105
:103890001A4B40F29D6222491A4803F0A3FF6FF0D1
:1038A00005035BE03B6B5B68FB6302E06FF00103C9
:1038B00054E03B6B002B0AD07A8F3B8F9A4206D2A2
:1038C0007B8FFA6B13441B78FF2B7FF48AAD104B70
:1038D0001B78002B2DD0104B1B68FB600C4B00227B
:1038E0001A70FB68012B02D10123FB6221E0FB6807
:1038F000022B17D10123BB621BE000BF44F6030873
:1039000048F90308F0F6030818F903086CF90308EE
:10391000E480012080F90308BC80012098F90308A5
:10392000ACF90308FB68032B03D10123BB6201231D
:10393000FB62FB6A002B06D00023FB626C23FB8634
:10394000EC23BB8627E5BB6A002B06D00023BB62B5
:103950002C23FB866C23BB861DE5002318464037CD
:10396000BD4680BD80B58AB000AFF860B9607A60AE
:103970003B60604B5B683B623B6A9B6AFB617B68B8
:103980005B68BB61FB69002B00F09D80FB691B79C4
:10399000002B00F098807B685B892B2B40F2958090
:1039A000BB691B78022B40F09280002387F82730F8
:1039B00012E097F827303A6A134493F82E2097F8CC
:1039C0002730B9690B441B7F9A4240F0828097F8F8
:1039D0002730013387F827303B6A93F8343097F863
:1039E00027209A4203D297F82730052BE1D9BB69EB
:1039F0005B681846F5F705F80246FB691B689A42B2
:103A000069D1F9697868FFF7A9FC0346002B64D1F6
:103A1000394B5B78002B62D07B685B687B61374BEE
:103A20005B68FB74FB7C052B2AD1FB695B79012B5E
:103A300012D17969386AFEF7CDFD3B6A93F83530CB
:103A400003F00803002B03D0386AFEF73DFB49E082
:103A5000386AFFF73DF845E0FB695B79032B07D037
:103A6000FB695B79042B03D0FB695B79052B39D1AA
:103A70007969386AFEF7AEFD386AFFF729F831E058
:103A8000FB7C062B13D1FB695B79032B0BD0FB6905
:103A90005B79012B07D0FB695B79042B03D0FB69B1
:103AA0005B79052B03D1386AFEF7F4FA1AE0FB7C48
:103AB000022B16D1FB695B79062B12D17969386A22
:103AC000FEF736FB0EE000BF0CE000BF0AE000BFCF
:103AD00008E000BF06E000BF04E000BF02E000BF56
:103AE00000E000BF7868F6F735FF00BF2837BD4615
:103AF00080BD00BF98470120E4800120BC800120E8
:103B000080B588B000AFF860B9603B601346FB71C8
:103B1000FB68002B08D15F4B40F269725E495F4839
:103B200003F060FE0023B1E0BB68002B08D1594BC5
:103B300040F26A725A49594803F054FE0023A5E046
:103B40004FF420724FF49A713620F6F71FFCB861DB
:103B5000BB69002B01D1002398E0BB695B89B3F5F9
:103B60009A7F06D24B4B40F271724E494B4803F09C
:103B700039FEFB79032B03D1BB685B79032B0DD195
:103B8000BB689B79002B05D102F054FE03461A4610
:103B9000454B1A60444B1A68BB681A60BB695B6886
:103BA0007B614FF49A720021786904F045F87B69D3
:103BB00001221A707B6901225A70FB6893F8342045
:103BC0007B699A70BB681B681846F4F71AFF0246B7
:103BD0007B695A60FB79082B10D0FB79042B0DD040
:103BE000FB79072B0AD0FB79032B0CD1BB685B79DF
:103BF000052B03D0BB685B79042B04D1FB6804332D
:103C00001A687B69DA600023FB830CE0FA8BFB8B7C
:103C1000F9680A4492F82E107A6913440A461A7712
:103C2000FB8B0133FB83FB8B052BEFD97B690022D8
:103C300042F0630283F8EC20002262F07D0283F8F8
:103C4000ED20002242F0530283F8EE20002242F0E1
:103C5000630283F8EF207B6903F1F0010123352231
:103C60000020FFF7ABFA03467B827B6903F1F0018A
:103C7000FA797B8A1846FFF7D5FA03467B823B68C0
:103C8000002B02D03B687A8A1A80BB69184620371D
:103C9000BD4680BD44F60308C0F90308F0F60308EA
:103CA000E0F9030800FA0308F880012080B584B029
:103CB00000AF0346B9607A60FB81FB895A1CFA8128
:103CC0001A46BB681344FF221A7007E0FB895A1C8E
:103CD000FA811A46BB68134400221A70FB89432BF1
:103CE00004D9FB8903F00303002B02D0FB89432B8B
:103CF000ECD9FB89F0339BB219467868F6F7A4FC3F
:103D000000BF1037BD4680BD80B485B000AF78607D
:103D10007B68002B17D07B689B6A002B13D07B68D5
:103D20009B6AFB60FB685B790A2B07D0FB685B79B9
:103D3000052B03D0FB685B79042B01D1012300E044
:103D40000023DBB200E0002318461437BD465DF8BF
:103D5000047B704780B582B000AF786015497A68FF
:103D600013465B001344DB000B441B68002B13D08D
:103D700010497A6813465B001344DB000B441B6850
:103D80001846F6F7E7FD0B497A6813465B001344C3
:103D9000DB000B4400221A6006497A6813465B0078
:103DA0001344DB000B44143300221A7000BF0837A1
:103DB000BD4680BDFC80012080B582B000AF0023ED
:103DC0007B6096E04F497A6813465B001344DB0042
:103DD0000B4414331B78FB70FB78002B00F08680BB
:103DE00048497A6813465B001344DB000B441233E6
:103DF0001B88013398B243497A6813465B00134429
:103E0000DB000B44123302461A803E497A6813469F
:103E10005B001344DB000B4412331B88B3F5967F21
:103E200015D238497A6813465B001344DB000B4413
:103E300014331B78012B0ED132497A6813465B008C
:103E40001344DB000B4412331B88042B03D978681E
:103E5000FFF780FF4AE02B497A6813465B00134462
:103E6000DB000B4414331B78032B0AD125497A68F5
:103E700013465B001344DB000B44143304221A7016
:103E800034E020497A6813465B001344DB000B449E
:103E900014331B78042B0AD11A497A6813465B0045
:103EA0001344DB000B44143302221A701EE0154940
:103EB0007A6813465B001344DB000B4414331B7811
:103EC000012B13D10F497A6813465B001344DB00C2
:103ED0000B44083318687A6813465B001344DB0010
:103EE000084A13440433194600F072FE7B6801331C
:103EF0007B607B68092B7FF765AF00BF00BF083789
:103F0000BD4680BDFC80012080B58AB000AFF8605E
:103F10000B467A60FB720A23FB840A23BB840A23C4
:103F20007B8400233B840A23FB830023BB83002381
:103F30007B8300233B8300233B84AEE0B7F9202042
:103F4000A64913465B001344DB000B4414331B7873
:103F5000FB75B7F922300A2B05D1FB7D002B02D16E
:103F60003B8C7B8495E0FB7D002B00F09280FB7DF9
:103F7000012B09D0FB7D012B06D8994B40F223126F
:103F80009849994803F02EFCFB68002B20D0FB6871
:103F90001968B7F92020914813465B001344DB00F1
:103FA000034404331B68994212D17B68002B0CD068
:103FB000B7F92020894913465B001344DB000B440A
:103FC00008331B687A689A4202D1B7F9203000E1C1
:103FD000FB7D012B40D1B7F92020804913465B00BF
:103FE0001344DB000B441B68002B1AD0B7F92020C8
:103FF0007A4913465B001344DB000B4412331B88E1
:10400000BA8B9A4245D83B8CFB83B7F92020734981
:1040100013465B001344DB000B4412331B88BB8345
:1040200037E0B7F920206D4913465B001344DB00ED
:104030000B4412331B887A8B9A422AD83B8CFB8420
:10404000B7F92020654913465B001344DB000B449D
:1040500012331B887B831CE0FB7D012B19D9B7F938
:1040600020205E4913465B001344DB000B441233EF
:104070001B883A8B9A420CD83B8CBB84B7F9202022
:10408000564913465B001344DB000B4412331B8874
:104090003B833B8C01339BB23B84B7F92030092B27
:1040A0007FF74CAFFB7A03F00203002B08D1B7F97E
:1040B00022300A2B07D1FB7A03F00103002B02D137
:1040C0004FF0FF3385E0B7F92230092B02DC7B8CFF
:1040D0003B8439E0B7F92430092B14DCBB8C3B84DA
:1040E000B7F920203D4913465B001344DB000B4425
:1040F0001B68002B18D03A4B40F26D123B493A48EE
:1041000003F070FB10E0B7F92630092B02DCFB8CC2
:104110003B8409E0B7F91E30092B02DCFB8B3B84A2
:1041200002E04FF0FF3354E0B7F92030092B06DDF1
:104130002B4B40F27F122E492B4803F053FBB7F96B
:1041400020301846FFF706FEB7F92030092B06DDB0
:10415000234B40F283122649234803F043FBB7F96F
:1041600020201E4913465B001344DB000B4414332C
:104170001B78002B06D01A4B4FF4C2721D491A4807
:1041800003F030FBFB68002B0BD0B7F92020FB6855
:104190001968124813465B001344DB0003440433E0
:1041A0001960B7F920200D4913465B001344DB006A
:1041B0000B44123300221A80B7F920200749134616
:1041C0005B001344DB000B4408337A681A60B7F9CC
:1041D000203018462837BD4680BD00BFFC80012036
:1041E00040FA0308C4FA030804FB03082CFB030885
:1041F00044FB030858FB030880B588B002AFF860A1
:10420000B9607A60FB70FB6893F83430062B06D0F7
:10421000484B40F2A9124849484803F0E3FABB680A
:10422000002B12D0BB681B68002B0ED0BB681B682C
:10423000F968184601F020F90346002B05D1BB6848
:104240001B6803F0F003E02B02D16FF00F036CE06A
:10425000FB78FA681946B868FFF756FE0346FB82FA
:10426000B7F91630002B02DAFB8A5BB25DE0B7F9D2
:104270001620334913465B001344DB000B44143310
:1042800002221A70B7F916202D4913465B00134419
:10429000DB000B440833FA681A60B7F9162013469E
:1042A0005B001344DB000833254A13440433062221
:1042B0007968184603F0E7FDB7F916202049134640
:1042C0005B001344DB000B44123300221A80B7F961
:1042D00016201B4913465B001344DB000B441B688C
:1042E000002B21D0B7F91620154913465B00134463
:1042F000DB000B441B683B61B7F9162010491346DD
:104300005B001344DB000B4400221A60FB6803F1DE
:104310002E024FF4006300937B683969F868F2F766
:1043200003F83869F6F716FB002318461837BD4620
:1043300080BD00BF40FA030884FB030804FB0308A8
:10434000FC80012080B584B000AF78600023FB6062
:104350001EE01349FA6813465B001344DB000B446C
:1043600014331B78FB72FB7A002B0ED00C49FA68D1
:1043700013465B001344DB000B4408331B687A6868
:104380009A4202D1F868FFF7E5FCFB680133FB6055
:10439000FB68092BDDDD00BF00BF1037BD4680BDC7
:1043A000FC800120B0B58AB004AF786039603B680A
:1043B000002B07D13F4B40F28A223F493F4803F090
:1043C00011FA74E07B685B683B613B691B889BB2B8
:1043D000B3F5807F0CD13B691B79062B08D13B6973
:1043E0005B79042B04D13B695B889BB2082B03D01B
:1043F0007868F6F7AFFA5AE03B690E331B68FB604A
:104400003B6918331B68BB603B6804331B68002B97
:1044100002D10023FB7509E0BA683B6804331B68CE
:104420009A420CBF01230023DBB2FB753B6903F109
:104430000802FB7D002B01D0012300E0022307F1DD
:104440000C013868FFF7D8FE3B69DB889BB2B3F5F7
:10445000807F03D0B3F5007F1ED025E0FB7D002BCD
:1044600021D03B6803F12E003B6903F108043B684F
:1044700003F12E053B6804333A69083202210391A7
:1044800007F10C010291019200932B46224601464E
:10449000386800F0EFFA06E007F10C0319463868B7
:1044A000FEF7D2F900E000BF7868F6F753FA183744
:1044B000BD46B0BD40FA0308DCFB030804FB03085B
:1044C00080B586B002AFF860B9601346FB71FA7927
:1044D000444913465B001344DB000B4414331B7840
:1044E000012B06D8404B40F2EE224049404803F0F1
:1044F00079F9FA793B4913465B001344DB000B441E
:1045000014331B78022B53D1FA79364913465B00DA
:104510001344DB000B4412331B88B3F58E7F19D98B
:10452000FA7913465B001344DB002E4A134404332C
:104530001946F86800F04CFB0346002B38D1FA7995
:10454000284913465B001344DB000B441433032259
:104550001A702DE0FA79234913465B001344DB00FF
:104560000B4412331B88B3F5877F21D3FA791346A6
:104570005B001344DB001B4A1344191DFA791346F0
:104580005B001344DB000833164A134404331A4615
:10459000F86800F0FBFA0346002B09D1FA791149BB
:1045A00013465B001344DB000B44143303221A70E0
:1045B000FB6803F12E01FA7913465B001344DB001C
:1045C0000833084A134404334FF4006200920A4649
:1045D000B968F868F1F7A8FE034618461037BD46DB
:1045E00080BD00BFFC80012040FA0308FCFB0308EB
:1045F00004FB030880B58AB002AFF860B9607A6046
:104600007B68BB61FB68002B06D1734B40F21E3206
:104610007249734803F0E6F8BB68002B06D16E4B75
:1046200040F21F326F496E4803F0DCF87B68002BC4
:1046300006D1694B4FF448726B49694803F0D2F8D0
:104640007B681B68F968184600F016FF0346002BCC
:1046500002D0664BFB61AFE07B681B6803F0F003A0
:10466000E02B18D101233B7400237B745E23BB74C1
:104670007B6801331B7803F07F03DBB2FB747B683C
:1046800002331B783B757B6803331B787B7507F11E
:104690001003FB6190E07B681A68FB6804331B68B9
:1046A0005A40FB6808331B681340002B12D07B680C
:1046B0001B689BB24FF6A96293420BD0FB680C3388
:1046C0001B68002B03D0FB680C33BB6102E06FF06A
:1046D00003037DE0464B1B781946464A0B465B00B8
:1046E0000B44DB00134414331B78012B25D9404BBA
:1046F0001B7819463F4A0B465B000B44DB00134412
:1047000008331B68FA689A4217D1BB691A68384B9C
:104710001B781846374903465B000344DB000B4413
:1047200004331B689A4208D1314B1B781A46B9688A
:10473000F868FFF7C5FE03464AE00023FB7531E049
:10474000FA7D2C4913465B001344DB000B44143301
:104750001B78012B23D9FA7D264913465B001344AD
:10476000DB000B4408331B68FA689A4217D1BB6917
:104770001968FA7D1F4813465B001344DB000344AD
:1047800004331B6899420AD1194AFB7D1370FB7DE3
:104790001A46B968F868FFF793FE034618E0FB7DF8
:1047A0000133FB75FB7D092BCAD9BA68B969F86872
:1047B00000F022F803460BE0FB6803F12E024FF4F1
:1047C00000630093FB69B968F868F1F7ADFD034633
:1047D00018462037BD4680BD40FA0308DCFB0308BD
:1047E00004FB03082CFC0308CCFB0308DC090408C9
:1047F000EC810120FC80012080B58CB002AFF86014
:10480000B9607A60FB682E337B61FF2387F827301D
:1048100000233B62BB681B68F968184600F02CFE59
:104820000346002B0CD1BB681B6803F0F003E02BA0
:1048300006D0BB68002B03D0BB681B68002B02D1DD
:104840006FF00F0301E1FA680121B868FFF75CFB24
:1048500003467B82B7F91230002B02DA7B8A5BB207
:10486000F3E07B8A7E2B06D97A4B40F2C1327A493B
:104870007A4802F0B7FF7B8A7B747A7C78491346CA
:104880005B001344DB000B4414331B78002B15D161
:1048900001233B627A7C724913465B001344DB00C0
:1048A0000B44143301221A707A7C6D4913465B0065
:1048B0001344DB000B440833FA681A607A7C6849B9
:1048C00013465B001344DB000B4414331B78012BAD
:1048D00011D07A7C624913465B001344DB000B4421
:1048E00014331B78012B06D85A4B40F2CD325D4968
:1048F0005A4802F077FF3B6A002B02D17B68002BFD
:104900000CD1B968F86800F063F9034687F82730DE
:104910007B68002B02D197F9273096E07B68002B4B
:1049200006D14C4B40F2E1324F494C4802F05AFF5D
:104930007A7C4B4913465B001344DB000B44143371
:104940001B78012B17D9494A7B7C13707A7C13465C
:104950005B001344DB000833414A134404334FF433
:10496000006200927A697968F868F1F7DDFC034625
:1049700087F8273067E07A7C394913465B00134497
:10498000DB000B4414331B78012B5CD10023BB618B
:104990007B68FB611CE0FB695A89FB691B899A42B1
:1049A0000AD1FB691B68002B06D02A4B40F2F1327A
:1049B0002F492A4802F016FFFB691B7B03F04003D6
:1049C000002B02D00123BB6105E0FB691B68FB6182
:1049D000FB69002BDFD1BB69002B07D07A684FF44D
:1049E00020710E20F6F766FBF86104E07B68FB613E
:1049F000F869F6F755F8FB69002B21D07A7C184945
:104A000013465B001344DB000B441B68002B0AD0E9
:104A10007A7C134913465B001344DB000B441B688C
:104A20001846F5F797FF7A7C0D4913465B0013444F
:104A3000DB000B44FA691A60002387F8273002E094
:104A4000FF2387F8273097F9273018462837BD46C7
:104A500080BD00BF40FA030838FC030804FB0308CC
:104A6000FC80012048FC03082CFC0308EC81012099
:104A700070FC030880B58AB002AFF860B9607A6054
:104A80003B600023FB77FB68002B06D13A4B40F2DA
:104A900057423A493A4802F0A5FE4FF420721C21D1
:104AA0000E20F5F773FCB861BB69002B02D14FF003
:104AB000FF335DE0BB695B891B2B06D82E4B40F2B0
:104AC000624230492E4802F08DFEBB695B687B6113
:104AD000BB8E1846F3F780FF03461A467B69DA80DF
:104AE000FB6893F83430062B06D0234B40F2694222
:104AF0002549234802F076FE7B690833062239688F
:104B0000184603F0C0F97B6912330622F96A184689
:104B100003F0B9F97B690E33BA6A12681A607B69CF
:104B200018333A6B12681A607B6900221A700022EF
:104B300042F001025A707B69002242F008029A702A
:104B40000022DA707B6906221A717B6904225A718D
:104B500040F6060300937B68BA68B969F868F1F714
:104B6000E3FBB869F5F7F6FE0023BB6197F91F3048
:104B700018462037BD4680BD40FA0308DCFB030819
:104B800004FB03088CFC0308C0FC030880B588B054
:104B900004AFF860B9607A60FB6803F12E01FB682E
:104BA00003F12E00FB68043301220392BA680292DB
:104BB000064A0192009303467A68F868FFF75AFFA5
:104BC000034618461037BD4680BD00BFE4090408FF
:104BD00080B582B000AF78603960054A396878687E
:104BE000FFF7D4FF034618460837BD4680BD00BF17
:104BF000DC09040880B58EB004AF78603960794B69
:104C00009B687B627B6A1B7803F00F03DBB29B001F
:104C1000DBB27B847B8C132B40F2CD807B685B897D
:104C2000032B40F2CA807B685B681B7887F82130D1
:104C300097F82130002B00F0B780082B40F0B780A8
:104C4000694BFB61674B5B6903F0F003E02B00F0FD
:104C5000BB80644B5B69634A12681146184600F0DA
:104C60000BFC0346002B40F0B1807B681B89072BAF
:104C700040F2A5807B8C0E3319467868F5F7D4FD99
:104C80000346002B4BD07B681A897B8C13447B83B3
:104C90007B681B897A8B9A42C0F09A807B8B4FF499
:104CA000207219460E20F5F771FB78617B69002BA5
:104CB00000F090807B695B891A467B8C08339A42AE
:104CC00003D27869F5F746FE85E07B695B687A8CEC
:104CD000796A184603F0D7F87B8C19467869F5F79E
:104CE000B3FD0346002B09D0404BB6224049414852
:104CF00002F078FD7869F5F72DFE6CE07968786947
:104D0000F5F75CFF0346002B03D07869F5F722FE28
:104D100061E07868F5F71EFE7B697B600FE07B8CB5
:104D20000E3319467868F5F78FFD0346002B06D041
:104D30002E4BC72230492F4802F054FD4BE07B68D0
:104D40005B683B617B8C19467868F5F76DFD03461F
:104D5000002B2BD17B685B68FB60FB691A68FB68E2
:104D6000DA60204B1A69FB681A613B6900221A70ED
:104D70003B6900229A700022DA70FB68FF221A72E7
:104D8000FB6800229A720022DA723B6802930123C8
:104D9000019300230093FF230022F969786800F053
:104DA00093FA0346FB7201E000BF00E000BF7868A1
:104DB000F5F7D0FD13E000BF02E000BF00E000BF48
:104DC0007868F5F7C7FD0AE000BF04E000BF02E025
:104DD00000BF00E000BF7868F5F7BCFD00BF2837D2
:104DE000BD4680BD98470120AC47012004FD030863
:104DF00088FD0308C0FD0308E8FD030880B582B004
:104E000000AF78600B46FB70FB781A460321786888
:104E100000F014F800BF0837BD4680BD80B582B0F1
:104E200000AF78600B46FB70FB781A460B21786860
:104E300000F004F800BF0837BD4680BD80B58CB0D7
:104E400004AF78600B46FB701346BB704FF42072C2
:104E500024212220F5F79AFAF861FB69002B4CD047
:104E6000FB695B89232B06D8264B4FF4B472264985
:104E7000264802F0B7FC7B685B68BB61FB695B6836
:104E80007B617B69FA781A707B69BA785A707B69A2
:104E900000221A7100225A717B6900229A71002245
:104EA000DA71FB695B6803F108007B685B681C22B0
:104EB000194602F0E8FFBB69DB68FB6007F10C03F1
:104EC000184600F025F838613B69002B11D07B694A
:104ED00000229A700022DA7007F10C023B690293FB
:104EE0000123019300230093FF230021F86900F0C0
:104EF000EBF9F869F5F72EFD00E000BF2037BD465D
:104F000080BD00BF04FD03081CFE0308C0FD0308AC
:104F100080B485B000AF7860334B1B68FB6036E02F
:104F2000FB6893F8353003F00103DBB2002B2BD084
:104F3000FB6893F835309B0803F00103DBB2002BCC
:104F400022D0FB6804331B68002B1DD07B681A68D5
:104F5000FB6804331B685A40FB6808331B68134026
:104F6000002B01D1FB6838E0FB6893F8353003F083
:104F70000203002B08D17B681A68FB680C331B689E
:104F80009A4201D1FB6828E0FB681B68FB60FB6864
:104F9000002BC5D1154B1B68002B1AD0134B1B6877
:104FA00093F8353003F00103002B12D00F4B1B6830
:104FB00093F8353003F00403002B0AD00B4B1B6829
:104FC00004331B68002B04D07B681B68DBB27F2B8B
:104FD00001D1002301E0054B1B6818461437BD467C
:104FE0005DF8047B704700BF508001205480012091
:104FF00080B582B000AF78607B6893F8353003F0FD
:105000000103DBB2002B16D07B6804331B68002B36
:1050100011D00B4B5A697B6804331B689A4208D045
:10502000074B5B697968184600F026FA0346002BA7
:1050300001D0012300E0002318460837BD4680BD9B
:105040009847012080B588B000AF786039600123AF
:105050007B617B685B68FB61FB691B781B09DBB2CA
:10506000042B04D07868F5F775FC002323E1FB6975
:105070001B7803F00F03DBB29B00DBB27B82FB6982
:105080005B889BB21846F3F7A7FC03463B827B681C
:105090001B893A8A9A4204D23B8A19467868F5F706
:1050A000D3FA7B685B897A8A9A4207D87B681B8926
:1050B0003A8A9A4202D87B8A132B04D87868F5F78B
:1050C00049FC0023F7E0FB691B697D4A5361FB69DA
:1050D000DB687B4A13617A4B5B6903F0F003E02BDA
:1050E00012D13B6893F8353003F00103DBB2002B9B
:1050F00007D03B6804331B68002B02D03B68BB61C0
:105100002AE00023BB6127E03868FFF771FF034600
:10511000002B02D03B68BB611EE00023BB61684BE3
:105120005B69DBB27F2B17D0664B1B68BB610EE05F
:10513000BA693B689A4206D0B869FFF759FF03463F
:10514000002B08D100E000BFBB691B68BB61BB69D5
:10515000002BEDD100E000BFBB69002B11D1FB6932
:105160005B7A112B0DD17B8AFA691344FB60FB68D3
:105170005B889BB2B3F5884F03D13B68BB610023CA
:105180007B617B69002B17D04D4B1B69002B13D023
:105190004B4B1B693968184600F06EF90346002B2B
:1051A00005D1474B1B6903F0F003E02B04D178686D
:1051B000F5F7D0FB00237EE0BB69002B04D17868B3
:1051C000F5F7C8FB002376E0FB69DB889BB21A4643
:1051D0004FF63F731340002B0BD0786800F022FD90
:1051E00078607B68002B01D1002364E07B685B68FA
:1051F000FB61334ABB691360314A3B685360304AF4
:10520000FB699360FB691B7803F00F03DBB29B0023
:10521000DBB21A462A4B9A817B8A19467868F5F7E1
:1052200013FBFB695B7A112B06D0112B13DC012BCE
:105230000CD0062B05D00EE039687868FCF738FAF8
:1052400026E039687868F7F7F7FD21E03968786873
:10525000FFF7D0FC1CE01A4B5B69B969184600F0F7
:105260000BF90346002B0FD1154B5B6903F0F003DC
:10527000E02B09D0B7F9123019467868F5F757FBDB
:1052800002217868FFF7BAFD7868F5F763FB00BF85
:105290000B4B00221A600A4B00225A60084B002276
:1052A0009A60074B00229A81054B00221A61044B39
:1052B00000225A61002318462037BD4680BD00BF3A
:1052C000984701205080012080B58AB004AFF86073
:1052D000B9607A60FB70BB687B617B68002B09D08A
:1052E000BB68002B03D0BB681B68002B02D1BB6AD4
:1052F00004337B61FA78BB6A029397F824300193F8
:1053000097F82030009313467A687969F86800F0BE
:1053100005F8034618461837BD4680BD80B588B0ED
:1053200000AFF860B9607A60FB70FB689B7B012B73
:1053300006D04B4B4FF455724A494B4802F052FA93
:105340007B68002B60D014237B831421F868F5F769
:105350006BFA0346002B02D06FF001037CE0FB6880
:105360005B68FB61FB685B89132B06D83C4B4FF4F1
:1053700062723E493C4802F035FAFB69FA781A72CB
:10538000FB6997F82C205A727B681A68FB691A61CE
:105390007B8B9B089BB2DBB243F04003DAB2FB6924
:1053A0001A70FB6997F828205A70FB681B89184609
:1053B000F3F712FB03461A46FB695A80FB69002289
:1053C0009A710022DA712A4B1B881846F3F704FB06
:1053D00003461A46FB699A80254B1B8801339AB213
:1053E000234B1A80BB68002B04D1224B1A68FB693F
:1053F000DA6003E0BB681A68FB69DA60FB690022C7
:105400009A720022DA720FE0FB685B89132B02D8D4
:105410006FF0010320E0FB685B68FB61FB691B69BF
:105420007B6107F114037B603B6B9B8D002B0CD0E1
:10543000FB681A893B6B9B8D9A4206D97A68396B57
:10544000F86800F0E3FD034606E03B6B5B697A68B1
:10545000F968386B9847034618462037BD4680BD2B
:1054600048FE0308C8FE0308D4FE0308FCFE030838
:10547000EE810120280B040880B485B000AF78606D
:1054800039607B68FB607B68B3F1FF3F02D07B68CB
:10549000002B01D101232AE03B6893F8353003F05B
:1054A0000203002B01D1002321E03B6804331B6879
:1054B0007A689A4201D1002319E0FA683B68043304
:1054C0001B685A403B6808331B681340002B0DD102
:1054D0003B6808331B68DA437B681A403B68083333
:1054E0001B68DB439A4201D1012300E000231846E8
:1054F0001437BD465DF8047B7047000080B582B06C
:1055000000AF786010220449786800F007F803467D
:1055100018460837BD4680BDF081012080B48DB0AB
:1055200000AFF860B9607A6000233B62FB681B68DB
:10553000BB61BB68FB6207F11803BB62002387F8FD
:10554000273058E0002387F82630BB6A1A78324BA0
:10555000A3FB0213D9080B469B000B445B00D31A34
:10556000FB77BB6A1B782C4AA2FB0323DB08DAB269
:10557000BB6A1A7097F826305A1C87F826201946FD
:10558000FB7F3033DAB201F130033B4403F81C2CCB
:10559000BB6A1B78002BD8D111E03B6A5A1C3A62D7
:1055A0007A689A4201DC002330E097F82620FB6AF3
:1055B000591CF96230323A4412F81C2C1A7097F8D0
:1055C00026305A1E87F82620002BE6D13B6A5A1C4B
:1055D0003A627A689A4201DC002317E0FB6A5A1C9F
:1055E000FA622E221A70BB6A0133BB6297F8273029
:1055F000013387F8273097F82730032BA2D9FB6AAD
:10560000013BFB62FB6A00221A70BB681846343704
:10561000BD465DF8047B7047CDCCCCCC80B584B062
:1056200000AF0023BB60124B1B68FB6018E0FB68F7
:10563000DB7F002B0BD0FB68DB7F013BDAB2FB6822
:10564000DA77FB68BB60FB681B68FB6008E0FB68FF
:105650007B60FB681B68FB60B968786800F00AF83B
:10566000FB68002BE3D100BF00BF1037BD4680BDF3
:105670000082012080B588B000AF786039600023D7
:10568000FB833A687B689A4205D1454BAB2245497A
:10569000454802F0A7F83B68002B0AD03B681B681E
:1056A0007A689A4205D03E4BAD2240493E4802F00E
:1056B00099F87B685B685B687B617B699B889BB2C0
:1056C000002B2AD17B685B68BB617B691A687B68A9
:1056D0005A60BB6958687B6808331422194602F087
:1056E000D2FB0121B869FFF799FBB869F5F7C0F95A
:1056F00003467B82FA8B7B8A1344B3F5803F05DB3C
:10570000274BBC222A49284802F06CF8FA8B7B8A86
:105710001344FB83B869F5F71DF97B685B68BB61CF
:105720001FE0BB695B687B61BB69FB607B691B68D1
:10573000BB61F868F5F79CF903467B82FA8B7B8A9C
:105740001344B3F5803F05DB154BCC2218491648AE
:1057500002F048F8FA8B7B8A1344FB83F868F5F76C
:10576000F9F8BB69002BDCD13968786800F0C2F821
:10577000104B1B88FA8B9A4205D9094BD2220E494D
:10578000094802F02FF80B4B1A88FB8BD31A9AB2F8
:10579000084B1A80FB8B18462037BD4680BD00BFE2
:1057A0002CFF0308B4FF0308C0FF0308E8FF030849
:1057B000FCFF0308048201201C00040880B58AB0A5
:1057C00000AF7860396000237B6100233B620023D7
:1057D000FB610023BB6100233B61284B1B687B629C
:1057E00030E07B6A5A697B68DB689A420CD17B6A3D
:1057F0009A697B681B699A4206D17B6A9A897B68A1
:105800009B889BB29A4214D03B6901333B613B6A4F
:10581000002B04D17B6A3B62FB69BB6109E07B6AB8
:10582000DA7F3B6ADB7F9A4203D87B6A3B62FB6983
:10583000BB617B6A1B68002B01D07B6AFB617B6AC2
:105840001B687B627B6A002BCBD13B6A002B08D0A4
:10585000B969386AFFF70EFFF8607A69FB6813448C
:105860007B617A693B689A4202DA3B69012BACDCC6
:105870007B6918462837BD4680BD00BF00820120E5
:1058800080B584B000AF786039600420F4F76AF81E
:10589000F860FB68002B10D139687868FFF78EFF3D
:1058A00002463B68934203DC0420F4F75BF8F8609F
:1058B000FB68002B01D1002316E020220021F868AC
:1058C00002F0BAF9FB680F22DA77094B1A68FB6815
:1058D0001A60074AFB681360FB6808331422796872
:1058E000184602F0D0FAFB6818461037BD4680BD56
:1058F0000082012080B582B000AF78603960104B23
:105900001B687A689A4204D17B681B680C4A136052
:105910000DE03B68002B06D10A4B40F245120A49C4
:105920000A4801F05FFF7B681A683B681A60796873
:105930000420F4F78DF800BF0837BD4680BD00BFD6
:10594000008201202CFF030840000408C0FF030868
:1059500080B58CB000AFF860B9607A600023BB629C
:1059600001233B62BB685B68FB61FB695B889BB2A0
:105970001846F3F731F803467B83FB691B7803F085
:105980000F03DBB29B007B767B7E9BB27A8B9A42C5
:1059900002D24FF0FF3335E17B7E9BB27A8BD31A74
:1059A0007B83FB69DB889BB21846F3F715F8034647
:1059B000C3F30C039BB2DB00FB82BB685B68FB623A
:1059C000FB6A00221A7000225A7000229A7000228C
:1059D000DA70FB6AFA8A9A80FA8A7B8B13449AB24D
:1059E000FB6ADA80FB6ADB889BB2FA8A9A4202D9A8
:1059F0004FF0FF3306E1FB685B687B6268E07B6A1F
:105A00005B683B61FB6A9B889AB23B699B889BB24F
:105A10009A4235D2FB6A7A6A1A60BB6A002B20D0A0
:105A2000FB6A9B889AB2BB6ADB889BB29A4207D317
:105A3000FB6ADB889AB23B699B889BB29A4202D987
:105A40004FF0FF33DEE0BB6ABA681A60BB6ADB88DE
:105A50009AB2FB6A9B889BB29A423DD000233B627C
:105A60003AE0FB6ADB889AB23B699B889BB29A4218
:105A700002D94FF0FF33C5E0FB68BA685A602BE0EB
:105A8000FB6A9B889AB23B699B889BB29A4202D17F
:105A90004FF0FF33B6E0FB6A9B889AB23B69DB8824
:105AA0009BB29A4202D24FF0FF33ABE0BB6A002BAD
:105AB00009D0BB6ADB889AB23B699B889BB29A4249
:105AC00001D000233B623B691B687B623B69BB6280
:105AD0007B6A002B93D100E000BF7B6A002B2DD1A5
:105AE000BB6A002B1CD0BB6ADB889AB2FB6A9B881E
:105AF0009BB29A4206D9454B4FF4DB724449454864
:105B000001F070FEBB6ABA681A60BB6ADB889AB2A1
:105B1000FB6A9B889BB29A4210D000233B620DE047
:105B2000FB685B68002B06D0384B4FF4DF723A49B4
:105B3000384801F057FEFB68BA685A607B68002B52
:105B400005D1FB689B7F03F00103002B59D03B6A12
:105B5000002B4FD0FB685B68002B06D0FB685B68AE
:105B60005B689B889BB2002B02D000233B6241E024
:105B7000FB6ABB62FB6A1B687B6212E07B6A5B6844
:105B8000FB62BB6ADB889AB2FB6A9B889BB29A4233
:105B900002D000233B6207E0FB6ABB62FB6A1B6822
:105BA0007B627B6A002BE9D13B6A002B22D0FB6829
:105BB0005B68002B06D1154B40F2DF1217491548E0
:105BC00001F010FEFB685B685B68FA6A9A4206D1D6
:105BD0000E4B4FF4F07211490E4801F003FEFB6AC0
:105BE0001B68002B06D0094B4FF4F1720C49094891
:105BF00001F0F8FD3B6A002B14BF01230023DBB248
:105C000000E0002318463037BD4680BD2CFF030856
:105C10005C000408C0FF03087C000408B40004080A
:105C2000C400040880B58EB000AF78607B685B6804
:105C3000BB62BB6A1B7803F00F03DBB29B00DBB2D5
:105C4000142B40F07181BB6ADB889BB21846F2F7D7
:105C5000C3FE0346C3F30C039BB2DB00FB84BB6AA9
:105C60005B889BB21846F2F7B7FE0346BB84BB6A5B
:105C70001B7803F00F03DBB29B0087F8233097F803
:105C800023309BB2BA8C9A42C0F0508197F82330EF
:105C90009BB2BA8CD31ABB847868F4F7E9FE03464A
:105CA0003B848C4B1B881A463B8C13440A2B10DD1B
:105CB0003B8C1946B86AFFF781FD0346002B00F0C4
:105CC0003781844B1B881A463B8C13440A2B00F304
:105CD0002F81814B1B683B6315E03B6B5A69BB6AA4
:105CE000DB689A420CD13B6B9A69BB6A1B699A428A
:105CF00006D13B6B9A89BB6A9B889BB29A4206D0BD
:105D00003B6B1B683B633B6B002BE6D100E000BFA5
:105D10003B6B002B09D13B8C1946B86AFFF7B0FDED
:105D200038633B6B002B1CD105E1BB6ADB889BB25F
:105D30001846F2F751FE0346C3F30C03002B10D1B3
:105D40003B6BDB891846F2F747FE0346C3F30C03AF
:105D5000002B06D03B6B08331422B96A184602F0B8
:105D600092F8BB6ADB889BB203F02003002B0CBFC8
:105D700001230023DBB2FB61FB69002B0ED0FA8C00
:105D8000BB8C13447B837A8BFB8C9A42C0F0A0803F
:105D90007B8B4FF6EB72934200F29A80FA69796836
:105DA000386BFFF7D5FD78617B69B3F1FF3F00F0F9
:105DB0009B80484B1A883B8C13449AB2454B1A80FF
:105DC000FB69002B0DD0FA8CBB8C13447B823B6BA0
:105DD0007A8A9A833B6B9B7F43F00103DAB23B6B79
:105DE0009A777B69012B71D13B6B9B8B14333B8280
:105DF0003B6B5B685B681B687B633B6B5B685B68EA
:105E0000BB623B6B083314221946B86A02F03BF8B8
:105E10003B8A1846F2F7E0FD03461A46BB6A5A80F1
:105E2000BB6A00229A710022DA71BB6A00229A7260
:105E30000022DA723B6B5B687B600DE07B6B5B681A
:105E4000FB601421786BF4F7FFFC796B7868F4F74A
:105E50004FFEFB681B687B637B6B002BEED11E4BF8
:105E60001B683A6B9A4202D10023FB6210E01A4B86
:105E70001B68FB6207E0FB6A1B683A6B9A4206D01C
:105E8000FB6A1B68FB62FB6A002BF4D100E000BFD9
:105E9000F96A386BFFF72EFD7868F4F7E9FD0346E1
:105EA0003B840C4B1B883A8C9A4206D90B4B40F230
:105EB0009B220B490B4801F095FC064B1A883B8C42
:105EC000D31A9AB2034B1A807B6838E0002336E07D
:105ED00000BF0AE004820120008201202CFF030899
:105EE000E8000408C0FF030800BF3B6B002B06D18D
:105EF000154B4FF42A721549154801F073FC3B6BA2
:105F00005B68002B16D1134B1B683A6B9A4206D084
:105F10000D4B40F2AB2210490D4801F063FC00210B
:105F2000386BFFF7E7FC06E000BF04E000BF02E0CB
:105F300000BF00E000BF7868F4F70CFD00231846AE
:105F40003837BD4680BD00BF2CFF0308040104089C
:105F5000C0FF0308008201201001040880B500AFD3
:105F60000520F3F7FFFC0346184680BD80B582B0DC
:105F700000AF78607B68002B06D1074B4FF431727D
:105F80000649074801F02EFC79680520F3F760FD0B
:105F900000BF0837BD4680BD2CFF03083001040850
:105FA000C0FF030880B584B000AF78607B68FB60F9
:105FB000FB68002B06D1114B40F2CE22104911484C
:105FC00001F010FCFA687B689A4206D00B4B40F255
:105FD000CF220D490B4801F005FCFB685B69002BE3
:105FE00004D0FB685B691846F4F7B4FCF868FFF767
:105FF000BDFF00BF1037BD4680BD00BF2CFF0308AA
:106000003C010408C0FF03084801040880B594B0AF
:1060100002AFF860B9607A600023A7F84630BB6829
:106020009B8D143B002B00DA0733DB107B87142396
:10603000FB87FB685B687B637B6B3B633B6B1B781D
:1060400003F00F03DBB29B00DBB2142B02D06FF026
:10605000050310E1FB685B89132B09D8884B4FF4CB
:106060003F728849884801F0BDFB6FF0050302E1EB
:106070003B6BDB889BB21846F2F7AEFC0346BB874E
:10608000BB8FC3F30C03A7F84030BB8F03F400535E
:10609000FB62FB681B89143BA7F84230E1E07B8F71
:1060A000DB009BB2B7F84220934228BF13467B85A2
:1060B0004FF4207214210E20F4F768F978627B6A9D
:1060C000002B00F0D5807B6A5B89132B06D86C4BC4
:1060D0004FF449726D496C4801F084FB7B6A5B6840
:1060E0001422796B184601F0CEFE7B6A5B683B6335
:1060F0007B8DA7F8443064E0FB685A89FB8FD31A84
:10610000FB83FB685B89FA8F9A4206D95C4B40F2AD
:106110002D325F495C4801F065FBFA8BB7F84430DB
:10612000934228BF1346A7F84630B7F84630002BF5
:1061300005D10023FB87FB681B68FB6041E0FFF78C
:106140000DFFB861BB69002B03D1786AF4F702FC3C
:106150008FE0B869FB685A68FB8F1344B7F84610A4
:10616000B7F8462001920093034641220020F4F73D
:1061700037FA78617B69002B06D1B869FFF7F6FE24
:10618000786AF4F7E7FB74E0F868F4F789FCBB6918
:10619000FA685A61BB693F4A1A617969786AF4F70B
:1061A000A7FCB7F84420B7F84630D31AA7F8443014
:1061B000B7F84430002B04D00023FB87FB681B6832
:1061C000FB60B7F84430002B96D1FA8FB7F8463011
:1061D0001344FB87BB689B8DA3F11302B7F84230D1
:1061E0009A42CCBF01230023DBB23B62B7F84030B8
:1061F000C3F30C03BB873B6A002B02D0FB6A002B66
:1062000003D0BB8F43F40053BB87BB8F1846F2F714
:10621000E3FB03461A463B6BDA807B8D14339BB25B
:106220001846F2F7D9FB03461A463B6B5A803B6B84
:1062300000229A720022DA72BB685B697A68796A16
:10624000B8689847786AF4F785FBB7F842207B8DE9
:10625000D31AA7F84230B7F840207B8F1344A7F831
:106260004030B7F84230002B7FF419AF002302E032
:1062700000BF4FF0FF3318464837BD4680BD00BF12
:106280002CFF030854010408C0FF03087001040830
:1062900090010408A55F030880B586B000AF786060
:1062A00039603B68BB600423FB6000233B61002333
:1062B0007B6107F1080300211846EFF762FA0246F6
:1062C0007B681A607B681B68002B02D14FF0FF339C
:1062D00000E0002318461837BD4680BD80B582B067
:1062E00000AF78607B681B681846EFF727FB7B6878
:1062F0001B681846EFF738FB00BF0837BD4680BD66
:1063000080B584B000AF786039607B681B683968FD
:1063100000221846EFF75EFA0346002B02D1002355
:10632000FB7301E0FF23FB7397F90F30184610371A
:10633000BD4680BD80B58CB000AFF861B9617A61AF
:10634000EFF749F8F8627B69002B17D0FB691968F1
:1063500007F120037A691846EFF77CFA3B6A102BA5
:1063600009D17B6A1A46BB691A60EFF734F8024616
:10637000FB6AD31A19E04FF0FF3316E0FB69196886
:106380003B464FF0FF321846EFF764FA07F120035F
:106390003A4607CA83E807007B6A1A46BB691A6057
:1063A000EFF719F80246FB6AD31A18463037BD4694
:1063B00080BD80B586B000AF786039607B681968B1
:1063C00007F10C0300221846EFF744FAFB68102B84
:1063D00005D13B691A463B681A60002301E04FF083
:1063E000FF3318461837BD4680BD80B483B000AF78
:1063F00078607B681B68002B01D1002300E001233B
:1064000018460C37BD465DF8047B704780B483B0F6
:1064100000AF78607B6800221A6000BF0C37BD4671
:106420005DF8047B704780B584B000AF78600B46A0
:10643000FB700023BB600023FB6007F10803012110
:106440001846EFF7D5F802467B681A607B681B6830
:10645000002B02D14FF0FF3309E0FB78002B05D170
:106460007B681B6800211846EFF7F4F800231846F4
:106470001037BD4680BD80B584B000AF786039600C
:10648000EEF7A9FFF8603B68002B11D07B681B6812
:1064900039681846EFF7DEF80346002B05D1EEF712
:1064A0009AFF0246FB68D31A12E04FF0FF330FE069
:1064B00000BF7B681B684FF0FF311846EFF7CAF842
:1064C0000346002BF5D1EEF786FF0246FB68D31A90
:1064D00018461037BD4680BD80B582B000AF7860E9
:1064E0007B681B681846EFF703F900BF0837BD4605
:1064F00080BD80B582B000AF78607B681B681846AD
:10650000EFF72CF900BF0837BD4680BD80B483B0DB
:1065100000AF78607B681B68002B01D1002300E08E
:10652000012318460C37BD465DF8047B704780B4E4
:1065300083B000AF78607B6800221A6000BF0C3720
:10654000BD465DF8047B704780B500AF0348EEF7A9
:10655000B2FF0346024A136000BF80BD300B04083F
:106560000882012080B584B000AF78600023BB6052
:106570000023FB6007F108031846EEF79CFF024674
:106580007B681A607B681B68002B02D14FF0FF33D9
:1065900000E0002318461037BD4680BD80B582B0AC
:1065A00000AF78607B681B684FF0FF311846EEF74C
:1065B0009BFF00BF0837BD4680BD80B582B000AFED
:1065C00078607B681B681846EEF7DCFF00BF083771
:1065D000BD4680BD80B58CB000AFF860B9607A6010
:1065E0003B6007F1140300221A605A609A60DA6077
:1065F0001A615A619A61FB687B61BB68BB61BB6BC6
:106600001BB2BB833B687B6207F1140379681846B1
:10661000EEF7F1FE034618463037BD4680BD000058
:1066200080B500AF044B1B684FF0FF311846EEF702
:106630005BFF0123184680BD0882012080B582B02F
:1066400000AF7860044B1B681846EEF79BFF00BF55
:106650000837BD4680BD00BF08820120DFF834D076
:10666000DDF7BEFD0C480D490D4A002302E0D45869
:10667000C4500433C4188C42F9D30A4A0A4C00238C
:1066800001E013600432A242FBD301F0D5FBDAF73C
:10669000F1FC704700000220000000206002002092
:1066A000800F04086002002058830120FEE70B469B
:1066B0000146184600F0C6BF024B0146186800F0BC
:1066C0002DB800BF10020020024B0146186801F0EF
:1066D00011BC00BF1002002070B50F4E0C4631688F
:1066E000054611B901F080FB30602146284601F0D3
:1066F0007BFB431C03D14FF0FF34204670BDC41C0C
:1067000024F00304A042F8D0211A284601F06CFBC3
:106710000130F2D1EFE700BF0C8201202DE9F843F0
:10672000CD1C25F0030508350C2D38BF0C25002D98
:10673000064601DBA94204D90C2333600020BDE8E2
:10674000F883DFF8D48000F069F8D8F800301C46F0
:1067500044BB29463046FFF7BFFF431C044658D1CF
:10676000D8F800402746002F43D1002C4BD0236897
:106770003946304604EB030901F036FB814542D12E
:1067800021686D1A29463046FFF7A6FF01303AD03E
:1067900023682B442360D8F800305A6862BBC8F8DD
:1067A00000700FE02268521B20D40B2A17D9611900
:1067B000A342256018BF5960636808BFC8F800107D
:1067C00062514B60304600F02FF804F10B00231D9E
:1067D00020F00700C21A1CBF1B1AA350AFE7626863
:1067E000A3420CBFC8F800205A60EBE72346646858
:1067F000AEE73C467F68B6E71A465B68A342FBD12A
:1068000000235360DEE70C233360304600F00CF8C1
:1068100094E70560D6E700BF10820120014801F02F
:1068200030BB00BF54830120014801F02BBB00BFE7
:1068300054830120164B10B51C68236BB3B9182084
:10684000FFF73AFF0246206320B9124B124852214B
:1068500001F032FB1149124BC0E90013114B836068
:106860000B23838100210120C2E90401216B0E4822
:106870000B694C690D4A584302FB0400A3FB02322A
:10688000013340EB0200C1E9043020F0004010BDAC
:1068900010020020380B04084F0B04080E33CDAB58
:1068A00034126DE6ECDE05002DF451582D7F954C29
:1068B000024B0A460146186800F002B81002002098
:1068C0002DE9F041804615460C4621B9BDE8F0415E
:1068D0001146FFF723BF2AB901F00CFB0024204624
:1068E000BDE8F08102F04EFB8542064602D8B5EBCA
:1068F000500FF4D829464046FFF710FF07460028FE
:10690000ECD0B5422A46214628BF324601F0BBFAF8
:106910002146404601F0EEFA3C46E0E770B50446F9
:106920000D4645EC104B164602F0EEF951EC100BFB
:106930007EB1C5F30A53C3F16B03002B09DD1B05C0
:1069400003F17F55002405F5401522462B46D9F763
:10695000EBFE41EC100B70BD2DE9F04F9FB00C46E3
:10696000179200221A9205904FF0000A4FF0000B88
:106970000A46199211782B294AD038D80D2932D8D5
:10698000082932D800293BD000220B92199D2A7881
:10699000302A40F0B3806A7802F0DF02582A6ED1C4
:1069A00002930B9B01931AAB00938E4A05981BAB85
:1069B00019A901F051FB10F00F06044605D0062E70
:1069C00028D10135002319950B93179B002B40F01C
:1069D0008E850B9BCBB152460BF1004343EC102B41
:1069E0001FB0BDE8F08F2029CED10132C1E72D299B
:1069F000CAD101210B91511C19915278002AC5D19D
:106A0000179B1994002B40F0708552465B46E5E7D2
:106A10000021EFE71A9A3AB135211CA802F06EFA6C
:106A20001A99059801F03CFE013E1B9A042E06D8E7
:106A3000DFE806F014031D201400DDE91CABE105BE
:106A400048BF4BF0004B2BF000431B0D1B05002BE8
:106A5000BBD101F0EBF922230360B6E7DDE91CA30B
:106A600002F2334223F4801343EA025BE7E7DFF8E4
:106A70007CB1E4E76FF0004B4FF0FF3ADFE7199B82
:106A80005A1C19925B78302BF9D0002B9DD0012332
:106A90000993199B0C93002308930A931F460A221B
:106AA00019980578A5F13003D9B2092928D94E499A
:106AB000012201F0E9F8002832D000202A46814660
:106AC0003D460346652A01D0452A14D11DB9099ACD
:106AD000024395D00025199C621C199262782B2ADA
:106AE00077D02D2A7BD04FF0000CA2F1300109297C
:106AF00040F2828019944FF00008A2E00023C7E71B
:106B0000082FD5BF0A99089902FB013302FB013314
:106B100000F10100D4BF0A93089301371990BFE731
:106B2000199B5A1C19925A787FB381463D46A2F1AF
:106B30003003092B12D90123C4E7199B5A1C19925F
:106B40005A780130302AF8D0A2F13103082B00F234
:106B5000D384199B0C93814600200546303A00F1FE
:106B600001032AD0994400EB050C2B460A2163450A
:106B70000DD1691C01442844082816DC0A980A2310
:106B800003FB00230A93002318E03846DAE7082BBA
:106B900003F1010303DC0A9E4E430A96E7E7102B3C
:106BA000DEBF089E4E430896E1E70F28EBDC08980D
:106BB0000A2303FB00230893E5E72946199A501C92
:106BC0001990527818460D46B1E74FF0000901239D
:106BD0007DE74FF0000CA21C1992A27885E74FF0D8
:106BE000010CF8E7CC0B0408A70B04080000F07FA9
:106BF000199A511C19915278302AF9D0A2F1310119
:106C000008293FF678AF303A0E92199A0F924FF05A
:106C10000A08199A561C19965278A2F1300EBEF144
:106C2000090F39D90F99761A082E44F61F6803DC2C
:106C30000E998845A8BF8846BCF1000F01D0C8F165
:106C40000008002D4ED1099908437FF4BEAE002BF9
:106C50007FF4D6AE692A28D025DC492A25D04E2AD1
:106C60007FF4CEAE9B4919A801F018FC00283FF430
:106C7000C7AE199B1B78282B2ED197491CAA19A89F
:106C800001F020FC052827D11D9BDDF870A043F002
:106C9000FF4B4BF4E00B98E60E9908FB0121A1F1A4
:106CA00030020E92B5E76E2ADAE78C4919A801F096
:106CB000F5FB00283FF4A4AE199B8949013B19A8B4
:106CC000199301F0EBFB10B9199B01331993DFF80D
:106CD00020B24FF0000A78E6824801F0E5F85BEC5C
:106CE00010AB72E6A8EB09030A980993002F08BFBE
:106CF0002F46102D2C46A8BF1024D9F79BFC092D38
:106D000082468B4613DC099B002B3FF45EAE099B49
:106D100078DD162B5FDC744901EBC301D1E900017A
:106D200052465B46D9F700FD82468B464DE66E4BD8
:106D300003EBC40353E91223D9F7F6FC8246089803
:106D40008B46D9F777FC02460B4650465946D9F791
:106D500035FB0F2D82468B46D5DD099B2C1B1C4431
:106D6000002C40F3968014F00F030AD05E4901EB2B
:106D7000C30152465B46D1E90001D9F7D5FC8246F2
:106D80008B4634F00F0473D0B4F59A7F48DD0024AD
:106D9000A0460A94A146059ADFF854B12223136055
:106DA0004FF0000A0A9B002B3FF40FAE1A9905988A
:106DB00001F076FC0598494601F072FC05984146C1
:106DC00001F06EFC0A99059801F06AFC05982146CD
:106DD00001F066FCF9E5099AC5F125039342BCDB95
:106DE000414CC5F10F0504EBC50152465B46D1E9A4
:106DF0000001D9F799FC099B5D1B04EBC504D4E99C
:106E000000238FE71633A8DB374BA9EB080803EB09
:106E1000C808D8E9002350465946D9F7AFFD83E7A3
:106E2000324B089300232411504659461E46012C2C
:106E300021DC0BB182468B462C49ABF1547B01EB34
:106E4000C60152465B46D1E90001D9F76DFC284BDB
:106E50000A460B4027498B42824698D8A1F58011FB
:106E60008B4286BFDFF890B04FF0FF3A02F1547BBF
:106E7000002308937AE0E20705D5089BD3E90023B5
:106E8000D9F752FC0123089A08320136641008929F
:106E9000CDE7EDD0644214F00F020AD0124B03EBA1
:106EA000C20350465946D3E90023D9F767FD82460D
:106EB0008B462411DCD01F2C20DD0024A0460A9430
:106EC000A146059A22234FF0000A4FF0000B1360F1
:106ED00068E700BFB20B0408B80B0408A90B04084C
:106EE000AC0B04084C0D0408500E0408280E0408CE
:106EF0000000F07F0000A07CFFFFEF7F14F0100384
:106F000018BF6A23A94E0893504659460023E2074A
:106F100004D5D6E90023D9F707FC0123641006F154
:106F20000806F4D10BB182468B46089BB3B1CBF374
:106F30000A52C2F16B03002B59460FDD1F2B55DDA2
:106F4000342BDEBF4FF0FF33C2F14B0293404FF0C2
:106F5000000ACCBF4FF05C7B03EA010B0022002348
:106F600050465946D9F748FE0028A6D10A9B0093FF
:106F70000C9905982B463A4601F0FAFB0A90002836
:106F80003FF405AF099A002AA9EB0803A8BF002324
:106F90001293002422EAE2731693A0460A9B0598F6
:106FA000596801F03DFB814600283FF4F4AE0A9B8E
:106FB0001A69023203F10C0192000C3000F063FFF9
:106FC0004BEC10AB05981CAA1BA9CDE90CAB01F04A
:106FD0000BFF1A9000283FF4DEAE0598012101F066
:106FE0005DFC804648B94FF00008D4E64FF0FF3210
:106FF00002FA03F303EA0A0AB0E71B9D1C9A002D6C
:10700000ABBF129B169B169E129FACBFEF185E1B68
:10701000089BED1A1544664B013D9D42C2F13602B4
:1070200050DA5B1B1F2BA2EB03024FF001013DDC8A
:1070300001FA03F3139300231093BD18089BAF428A
:1070400016441E443B46A8BF2B46B342A8BF334656
:10705000002BC2BFED1AF61AFF1A129B002B16DD89
:10706000414605981A4601F0D9FC80460028BAD05E
:1070700001461A9A059801F027FC0E9000283FF46B
:107080008AAE1A99059801F00BFB0E9B1A93002DFE
:107090001DDC099B002B23DD4946169A059801F05B
:1070A000BDFC8146E0B94FF0000974E6C5F17F45AB
:1070B00005F57F0505F57B45E23501FA05F31093EB
:1070C0001391BAE70023109301231393B5E71A999C
:1070D00005982A4601F0FCFC1A900028D9D15AE6FE
:1070E000002E07DD49460598324601F0F1FC814645
:1070F0000028D8D0002F08DD414605983A4601F017
:10710000E7FC804600283FF446AE1A9905984A46A7
:1071100001F066FD044600283FF43DAEC3680F93BE
:107120000023C360414601F03FFD002846DA0F9B73
:1071300053EA0A036CD1CBF31303002B68D12BF075
:1071400000431B0D1B05B3F1D66F61D9636913B9F9
:107150002369012B5CDD21460122059801F0B8FC72
:107160004146044601F020FD002851DD2BF000438C
:10717000089A1B0D1B05002A6BD0B3F1D66F68D897
:10718000B3F15C7F7FF69DAE0A4B50465946002214
:10719000D9F7CAFA084B0B4082468B46002B7FF486
:1071A00005AE059A2223136000E600BFE00B040839
:1071B00002FCFFFF000050390000F07FCDF838B02E
:1071C00065D10F9ACBF313035AB39F4A93422BD145
:1071D000089B514603B39D4B5A461340B3F1D46FFD
:1071E0004FF0FF321BD81B0DC3F16B0302FA03F300
:1071F000994219D1964B0E9A9A4202D101313FF42D
:10720000CAAD924B0E9A1A4002F5801B4FF0000A4D
:10721000089B002BB8D1C9E54FF0FF33E8E71346D0
:10722000E6E753EA0A03A1D0109BDBB10E9A1342A2
:10723000EED00F9B089A50465946BBB1FFF76EFB44
:10724000DDE90C0153EC102BD9F7B8F882468B46D8
:10725000DEE7A3F580136FEA135B6FEA0B5B4FF079
:10726000FF3AD5E7139B13EA0A0FE1E7FFF756FB56
:10727000DDE90C0153EC102BD9F79EF80022002316
:1072800082468B46D9F7B8FC0028C1D019E64146A2
:10729000204601F001FE57EC106B00224FF08043B6
:1072A00030463946D9F7BCFC00286FD00F9B002B25
:1072B0007AD1BAF1000F58D10E9BC3F31303002B00
:1072C0005AD1644B002230463946D9F79FFC00283A
:1072D00059D130463946604B0022D9F725FA064687
:1072E0000F4607F1004306960793DDE90623574D45
:1072F000CDE910230E9B1D40584B9D4240F0B280BB
:107300000E9BA3F1547B4BEC10AB01F0FDFCDDE9CF
:10731000062351EC100BD9F707FA52465B46D9F712
:107320004DF80B4649494E4A19409142824642D98E
:107330000D9A474B9A4203D10C9B01333FF42BAD7E
:10734000DFF80CB14FF0FF3A1A99059801F0A8F94F
:107350000598494601F0A4F90598414601F0A0F9C5
:107360000598214601F09CF918E6BAF1010F03D106
:107370000E9B002B3FF4A5AD9FED2B7B354F8DED84
:10738000067B0026B1E7344F0026AAE7324B304691
:1073900039460022D9F7C8F90F9B06460F46002B45
:1073A0009FD0CDE90667A0E79FED217B8DED067BA1
:1073B00057EC176B99E703F1547B089BCDF838B075
:1073C000002BC1D12BF000431B0D1B059D42BBD1EF
:1073D00030463946D9F7B8FCD9F778F902460B465A
:1073E00030463946D8F7E8FF0B460246CDE90C2374
:1073F000CBF313060F9B46EA0A061E436FD00EA37B
:10740000D3E90023D9F702FC00287FF4CFAC0CA30A
:10741000D3E90023DDE90C01D9F716FC002893D04D
:10742000C4E400BFAFF30080000000000000F0BF24
:10743000000000000000F03F9535A094FFFFDF3F03
:1074400035E5AF350000E03FFFFF0F000000F07FA3
:10745000FFFFEF7F0000F03F0000E03F0000E07F13
:10746000FFFF9F7C089B23B3B5F1D46F21D828A3DD
:10747000D3E9002330463946D9F7D2FBA0B13946CB
:107480003046D9F729FC012838BF0120D9F7D2F8B6
:107490000F9B06460F46FBB901F10043149015936C
:1074A000DDE91423CDE91023119B03F1D6635B1BA7
:1074B00011939DED0C0BDDE910AB01F025FC50465E
:1074C00053EC102B5946D9F72FF9DDE90C23D8F7E7
:1074D00075FF82468B4670E7CDE91467E0E70EA39F
:1074E000D3E90023D9F792FB98E700230B93179A6F
:1074F000199B1360FFF76DBA652A3FF466AB452A06
:107500003FF463AB0123FFF79EBB00BFAFF30080E6
:107510000000C0FFFFFFDF419535A094FFFFCF3F84
:107520000A4601460248034B0068FFF715BA00BF40
:1075300010020020A4000020242B2DE9F0478646ED
:10754000904601D8012B06D100F070FC1623036091
:107550000020BDE8F08734480D462A4615F8014B57
:10756000065D16F00806F8D12D2C2DD12C780126B9
:10757000951C33F0100209D1302C2AD12A7802F060
:10758000DF02582A25D16C781023023506F1004C11
:107590000CF1FF3C0022BCFBF3F9104603FB19CAB7
:1075A000A4F13007092F1BD83C46A34227DD571C06
:1075B00007D0814520D301D1A2451DDB00FB03404C
:1075C000012215F8014BEBE72B2C04BF2C78951CFE
:1075D000CFE7002BDAD1302C0CBF08230A23D5E7E4
:1075E000A4F14107192F01D8373CDEE7A4F1610768
:1075F000192F04D8573CD8E74FF0FF32E1E7531C6E
:1076000008D12223CEF800306046B8F1000FA0D098
:10761000691E06E006B14042B8F1000F99D0002A79
:10762000F6D1C8F8001094E7090C0408FFF784BFEE
:1076300013460A46014602480068FFF77DBF00BFB7
:107640001002002010B504460448134620B10A4633
:1076500002202146AFF3008010BD00BF00000000F3
:10766000002310B50446C0E90033C0E90433836049
:1076700081814366C2818361194608225C3000F033
:10768000DBFA0D4B63620D4BA3620D4BE3620D4BB6
:1076900023630D4B24629C4206D003F1680294429E
:1076A00002D0D0339C4205D104F15800BDE810400F
:1076B00000F0E6BB10BD00BFC1790308E7790308FD
:1076C0001F7A0308437A030814820120024A0349FF
:1076D000034800F069B800BF98000020399F0308F4
:1076E0001402002041680C4B994210B5044601D0A9
:1076F00002F022FCA168094B994202D0204602F018
:107700001BFCE168064B994204D02046BDE81040BE
:1077100002F012BC10BD00BF148201207C82012047
:10772000E482012010B50B4B0B4C0C4A1A6020462A
:1077300000220421FFF794FF04F1680001220921CF
:10774000FFF78EFF04F1D0000222BDE810401221A5
:10775000FFF786BF4C83012014820120CD760308F9
:10776000014800F08EBB00BF55830120014800F0A6
:1077700089BB00BF5583012010B50446FFF7F0FF19
:10778000236A1BB1BDE81040FFF7F0BF044B236232
:10779000044B1B68002BF5D1FFF7C4FFF2E700BFD5
:1077A000E57603084C8301202DE9F8430746884617
:1077B00014460026D4E90195B9F1010905D52468DC
:1077C000002CF7D13046BDE8F883AB89012B07D9EF
:1077D000B5F90E30013303D029463846C047064379
:1077E0006835E9E70FB407B5064904AB086853F8F4
:1077F000042B8168019301F027FF03B05DF804EBCF
:1078000004B0704710020020036A70B58468054612
:107810000E460BB9FFF7B0FF636EDB0705D4A389F3
:10782000980502D4A06D00F02CFBA389190702D59E
:107830002369002B35D12146284600F07DF980B31D
:107840004FF0FF35636EDA0705D4A3899B0502D498
:10785000A06D00F017FB284670BD002B04DAA2696A
:107860009A4217DC0A2915D023685A1C2260197025
:10787000A36816F8011F013BA3600029EDD1002B7E
:1078800011DA22460A21284600F018F90130D7D033
:107890000A25D7E72246284600F010F90130E7D143
:1078A000CEE7013EE4E723685A1C22600A221A70E0
:1078B000EEE70000024B01461868FFF7A5BF00BFC6
:1078C000100200200CB430B5174B0C1E1D689DB083
:1078D00008DA8B232B604FF0FF301DB0BDE830403D
:1078E00002B070474FF40273ADF8143014BF04F1C6
:1078F000FF332346049307934FF6FF7302900690DD
:10790000ADF81630209A21AB02A92846019301F068
:10791000A9FB431CBCBF8B232B60002CDDD0029B3A
:1079200000221A70D9E700BF100200200EB400B583
:107930009CB01DAB029006906FF000410948079182
:107940000491094953F8042B05910068019302A999
:1079500001F088FB029B00221A701CB05DF804EB5A
:1079600003B07047100200200802FFFF0EB430B5CC
:107970009CB01FAC4FF4017254F8045BADF81420B6
:1079800002900690D8F7B6FC0B4B039007900B9330
:107990000A48019400230F9314934FF6FF73ADF838
:1079A00016302A46234602A9006801F0AFFC1CB03D
:1079B000BDE8304003B07047E379030810020020AF
:1079C00010B50C46B1F90E1000F0FCF90028ABBF61
:1079D000636DA3891B1823F48053ACBF6365A38137
:1079E00010BD002070472DE9F0411F468B89DB0553
:1079F00005460C46164605D5B1F90E1002230022A5
:107A000000F0CEF9A389B4F90E1023F48053A381BA
:107A100032463B462846BDE8F04100F0F5B910B5C6
:107A20000C46B1F90E1000F0BBF9431CA38915BF39
:107A3000606523F4805343F48053A38118BFA3816E
:107A400010BDB1F90E1000F045B930B51446002C48
:107A50009BB005461A4605DA8B2303604FF0FF30D2
:107A60001BB030BD4FF40273ADF80C3014BF04F1FD
:107A7000FF332346029305934FF6FF730091049161
:107A8000ADF80E3069461E9B01F0ECFA431CBCBFFA
:107A90008B232B60002CE3D0009B00221A70DFE7C1
:107AA00007B5009313460A46014603480068FFF7EE
:107AB000CCFF03B05DF804FB10020020F8B50E46C1
:107AC0001446054618B1036A0BB9FFF755FEA369C2
:107AD000A360A3891A0701D5236943B92146284623
:107AE00000F02AF818B14FF0FF373846F8BD236888
:107AF0002269981A6369F6B28342374605DC21464B
:107B0000284602F019FA0028EDD1A368013BA360D2
:107B100023685A1C22601E706269431C9A4204D07A
:107B2000A389DB07E1D50A2EDFD12146284602F0E2
:107B300003FA0028D9D0D6E738B5294B054618688E
:107B40000C4618B1036A0BB9FFF716FEB4F90C30F6
:107B5000190722D4DA0607D409222A6043F0400329
:107B6000A3814FF0FF3033E0580712D5616B41B16C
:107B700004F14403994202D0284600F0BBF90023E7
:107B80006363A38923F02403A38100236360236933
:107B90002360A38943F00803A38123694BB9A38918
:107BA00003F42073B3F5007F03D02146284602F08A
:107BB00023FAB4F90C3013F001020AD00022A260BB
:107BC00062695242A261226942B913F08000C5D1B4
:107BD00038BD990758BF6269A260F4E70020F7E753
:107BE0001002002010B501390244904201D100205A
:107BF00005E0037811F8014FA34201D0181B10BD16
:107C00000130F2E7884210B501EB020402D9844248
:107C1000234607D8431EA14208D011F8012B03F8D0
:107C2000012FF8E7024401468A4200D110BD13F843
:107C3000014D02F8014DF7E702440346934200D19B
:107C4000704703F8011BF9E7C9B20346184613F859
:107C5000012B12B18A42F9D17047002918BF0020C8
:107C6000704730B50446257823460134002DFAD1FB
:107C7000013A04D311F8014B03F8014B04B930BDAC
:107C8000002AF5D11A70F3E710B56AB101398418EA
:107C900010F8012B11F8013F9A4203D1A04201D004
:107CA000002AF5D1D01A10BD1046FCE710B50139F5
:107CB000034632B111F8014F03F8014B013A002C91
:107CC000F7D11A440021934200D110BD03F8011BE3
:107CD000F9E7000038B5064D0023044608462B603E
:107CE000DCF7EEFA431C02D12B6803B1236038BDE8
:107CF00050830120294B1B68834270B504464BD04A
:107D0000C369ABB1DB686BB10025E369DB68595926
:107D100000293BD10435802DF7D1E3692046D9688D
:107D200000F0E8F8E369196811B1204600F0E2F8C4
:107D3000616911B1204600F0DDF8E16911B120461A
:107D400000F0D8F8216B11B1204600F0D3F8616B38
:107D500011B1204600F0CEF8A16B11B1204600F021
:107D6000C9F8A16C11B1204600F0C4F8616C11B1E2
:107D7000204600F0BFF8E16A11B1204600F0BAF8E1
:107D8000236A4BB12046BDE8704018470E68204674
:107D900000F0B0F83146BBE770BD00BF1002002014
:107DA00038B5074D04460846114600222A601A4697
:107DB000DCF7ADFA431C02D12B6803B1236038BD58
:107DC0005083012038B5074D04460846114600226D
:107DD0002A601A46DCF73BFA431C02D12B6803B138
:107DE000236038BD5083012038B5064D002304467A
:107DF00008462B60DCF798FA431C02D12B6803B1CC
:107E0000236038BD5083012038B5074D044608462D
:107E1000114600222A601A46DCF736FA431C02D1CA
:107E20002B6803B1236038BD50830120014B1868D3
:107E3000704700BF1002002070B50D4D0D4C641B43
:107E4000A4100026A64209D10B4D0C4C02F076FA84
:107E5000641BA4100026A64205D170BD55F8043B52
:107E600098470136EEE755F8043B98470136F2E7AC
:107E7000700F0408700F0408700F04087C0F0408CA
:107E80007047704770470A44914200F1FF3300D1B8
:107E9000704710B511F8014B03F8014F9142F9D129
:107EA00010BD0000000000009FED010B704700BFF7
:107EB000000000000000F87F1FB514461A46094B69
:107EC0001B680546D86854B9074B1C46CDE90134F8
:107ED00000912B46054902F057F802F05FF9044B78
:107EE000F4E700BF100200204C0D04081E0D04082A
:107EF000110D040838B50546002941D051F8043C5D
:107F00000C1F002BB8BFE418FEF788FC1D4A13684D
:107F100033B9636014602846BDE83840FEF784BC7E
:107F2000A34208D9206821188B4201BF19685B68F9
:107F300009182160EDE71A465B680BB1A342FAD934
:107F400011685018A0420BD1206801445018834298
:107F50001160E0D118685B68536008441060DAE78C
:107F600002D90C232B60D6E7206821188B4204BF6E
:107F700019685B68636004BF091821605460CAE730
:107F800038BD00BF108201200369B3EB611F2DE9EA
:107F9000F0434FEA611200F1140445DD11F01F01B6
:107FA00004EB830604EB82050CD100F1100729468F
:107FB000B14234D39B1A9B00EA1E964238BF00237D
:107FC000234415E054F82270C1F12008CF4005F198
:107FD000040EA1467645F44615D89A1A9200043A42
:107FE0000135AE4238BF0022A318A75007B10433B1
:107FF0001A1BA3424FEAA20208BF0023026108BF76
:108000004361BDE8F083DCF800C00CFA08FC4CEAE0
:10801000070749F8047B5EF8047BCF40DAE751F8A4
:1080200004CB47F804CFC3E72346E1E7A0F13003D0
:10803000092B02D82038C0B27047A0F16103052B8C
:1080400001D84738F7E7A0F14103052B01D82738BD
:10805000F1E70020704700002DE9F04F85B08A4617
:1080600002930B68019090469C1CA14614F8010BEA
:108070003028FAD0A9EB0303A3F1020BFFF7D6FFD8
:108080000546002868D1A04901224846FFF7FCFDBB
:108090000746002867D199F801002646FFF7C6FF7A
:1080A000002862D0234618783028994603F101034E
:1080B000F9D0FFF7BBFFB0FA80F56D094FF0010B67
:1080C0004A46164601323078FFF7B0FF0028F8D153
:1080D0008D4901223046FFF7D7FD00283FD144B932
:1080E000741C2246164601323078FFF79FFF0028A5
:1080F000F8D1A41BA700337803F0DF03502B3ED147
:1081000073782B2B33D02D2B34D0711C002408789E
:10811000FFF78CFF431EDBB2182B30D8A0F1100202
:1081200011F8010FFFF782FF00F1FF3C5FFA8CFCB2
:10813000BCF1180F4FF00A031ED904B15242174484
:10814000CAF80010EDB1BBF1000F0CBF06250025E9
:10815000284605B0BDE8F08F00252C46B0E7002C7E
:10816000C7D12746C7E74E462F460125C3E700245F
:10817000B11CCCE70124FBE703FB0200CEE731464C
:10818000DEE7A6EB0903013B2946072B0ADC019831
:1081900000F046FA044640B95C4B0246E4215C48D4
:1081A000FFF78AFE01315B10EFE700F1140A0023AC
:1081B00055469B46B14537D345F804BBA5EB0A05A8
:1081C000AD102561584600F01DFB6D01D8F8006028
:1081D0002D1AB54254DDAD1B2946204600F0B1FEF4
:1081E000814678B16B1E591103F01F025AF8211015
:1081F0004FF0010909FA02F20A4203D04B4536DC7E
:108200004FF0020929462046FFF7BEFE2F44D8F85A
:108210000830BB4242DA0198214600F041FA0E9A3A
:1082200000231360A32593E716F8012D2E2A12D000
:10823000202B04D145F804BB4FF0000B5B4630788F
:108240000393FFF7F3FE039B00F00F0098404BEA07
:10825000000B0433AEE7B145EAD82B490393012262
:108260003046FFF711FD039B0028E1D1A2E7A91ECC
:10827000204600F066FE0028C2D04FF00309C1E797
:1082800009DA751B214601982A4600F021FC7F1B64
:10829000044600F1140A4FF00009B8E7D8F804507A
:1082A000BD426FDDED1BAE4234DCD8F80C30022B42
:1082B00022D0032B24D0012B15D1AE4213D1012E95
:1082C0000BD1029AD8F80430136001232361CAF855
:1082D00000300E9B62251C603AE7711E204600F0BC
:1082E00030FE0028EDD10198214600F0D9F90E9A10
:1082F0000023136050252BE70F9B002BF3D1E0E701
:108300000F9B002BDDD1EEE7A70B04084D0D0408F1
:108310005E0D04086F1EB9F1000F30D127B1394648
:10832000204600F00EFE81467A1101235AF82220E1
:1083300007F01F07BB4013422946204618BF49F0EB
:108340000209FFF721FED8F80470761B0225B9F167
:10835000000F47D0D8F80C30022B15D0032B17D0C4
:10836000012B09D119F0020F06D0DAF8003049EAE2
:10837000030919F0010F0ED145F0100532E04FF05E
:108380000109D1E70125E2E70F9BC3F101030F9338
:108390000F9B002BF0D0D4F810B004F114034FEA77
:1083A0008B0A03EB8B014FF0000C184653F8042B9B
:1083B000B2F1FF3F1BD001320260022D04F1140321
:1083C0003CD1D8F80020013AB24209D17111012202
:1083D00053F8213006F01F0602FA06F61E423AD183
:1083E00045F020050E9B1C60029B1F60B0E6994281
:1083F00043F804CCD9D8A3689B4517DB6168019882
:10840000013100F00DF9814618B91A4B024684215A
:10841000C5E62269023204F10C0192000C30FFF72C
:1084200032FD2146019800F03BF94C4623695A1C65
:1084300004EB8303226101225A61BEE722695A4597
:108440000BDD01212046FFF79FFDD8F808300137EA
:10845000BB42FFF6E0AE0125C2E716F01F06FAD0D8
:108460005344C6F1200653F8040C00F0CBF9B04297
:10847000E7DBF0E74D0D0408C2F10802920070B589
:10848000C2F120064368046803FA06F52C43D34082
:10849000046040F8043F8842F4D370BD30B50368EF
:1084A000013311F8014B14B90360012030BD13F8FA
:1084B000012BA2F14105192D98BF2032A242F0D024
:1084C0000020F3E72DE9F04F0B6801685E1102EB25
:1084D000860613F01F0387B018BF04360025371F28
:1084E00082469046019346F8045CB9463C460295A4
:1084F000AB464A784B1C039342B310460591049255
:10850000FFF794FD002851D1049A0599202A18D824
:10851000029B9B4513DD4C4506D2072D04DC2A4601
:1085200049462046FFF7A8FF444552D90023A4F14D
:10853000040944F8043CCDF808B04C461D460399A4
:10854000D7E7292A57D10231CAF80010BBF1000F32
:1085500051D04C4506D2072D04DC2A464946204618
:10856000FFF78AFF444536D9A8F10402234653F8A1
:10857000041B42F8041F9F42F9D23B1B23F0030364
:1085800004330134033EB44288BF04234344002231
:1085900043F8042B9F42FBD23B681BB9474528D1C7
:1085A00001233B60052007B0BDE8F08F0135082DA1
:1085B0000BF1010B06DD4445C1D9002344F8043C0E
:1085C0000125043C226800F00F0040EA0210206000
:1085D000B5E70825B3E7019B002BDDD0C3F12003ED
:1085E0004FF0FF32DA4056F8043C134046F8043CA2
:1085F000D2E7043FD0E70420D5E782B001B901A952
:1086000042B14BB113780B601278101E18BF0120D5
:1086100002B070471046FBE76FF00100F8E700007A
:1086200070B5C66904460D4676B91020FEF744F8C9
:108630000246E06120B9184B18486B21FFF73CFC5B
:10864000C0E901660660C660E669F36883B1E36964
:10865000DB6853F82500B8B9012101FA05F6721D4F
:108660009200204601F0A1FD60B1C0E901560EE084
:1086700021220421204601F098FDE369F060DB68C7
:10868000002BE4D1002070BD026843F825200023B0
:10869000C0E90333F7E700BF380B0408BE0D040838
:1086A00070B5C66905460C4676B91020FEF704F889
:1086B0000246E86120B9094B09488F21FFF7FCFB0E
:1086C000C0E901660660C6603CB1EB696268DB68C0
:1086D00053F82210216043F8224070BD380B040883
:1086E000BE0D04082DE9F0410D6907460C461E46F3
:1086F00001F1140C0020DCF8003099B202FB01619A
:108700001E0C0B0C02FB063389B2013001EB034156
:1087100085424CF8041B4FEA1346ECDC0EB3A36809
:10872000AB4219DC616838460131FFF779FF8046BA
:1087300028B902460C4B0D48BA21FFF7BDFB226950
:10874000023204F10C0192000C30FFF79CFB214631
:108750003846FFF7A5FF444604EB850301355E610B
:1087600025612046BDE8F0814D0D0408BE0D0408CA
:108770002DE9F8430C4615461F46092208330646E4
:1087800093FBF2F3002101229A4209DB3046FFF706
:1087900047FF40B90246194B1948D321FFF78CFB1C
:1087A00052000131F0E7089B4361092D4FF00103AE
:1087B000036116DD04F10909C8462C4418F8013B91
:1087C0000146303B0A223046FFF78CFFA045F5D129
:1087D000A5F108044C442D1B6319BB4204DBBDE822
:1087E000F8830A340925F6E714F8013B0146303BCB
:1087F0000A223046FFF776FFEEE700BF4D0D040872
:10880000BE0D0408B0F5803F034636BF03040020C8
:108810001020B3F1807F3CBF1B020830B3F1805FB2
:108820003CBF1B010430B3F1804F3CBF9B000230C2
:10883000002B05DB13F0804F00F1010008BF202062
:1088400070470368024613F007000BD0D90721D404
:10885000980749BF5B089B08012013605CBF136049
:108860000220704799B209B91B0C1020D9B209B97E
:1088700008301B0A190704BF1B090430990704BFFD
:108880009B080230D90703D45B0800F1010003D034
:1088900013607047002070472020704710B50C46C9
:1088A0000121FFF7BDFE024628B9054B054840F2FD
:1088B0004511FFF701FB01234461036110BD00BFB7
:1088C0004D0D0408BE0D04082DE9F04F14460A6949
:1088D00023699A42A8BF23460F46A4BF0C461F46F1
:1088E000D4F810A0D7F81090A36861680AEB0906C5
:1088F000B34285B0B8BF0131FFF792FE30B90246EE
:10890000444B45484FF4B171FFF7D6FA00F1140516
:1089100005EB86082B460022434521D307F11401BD
:1089200004F1140202EB8A0201EB89030293131B88
:10893000153B23F00303043304F11507BA4238BF93
:1089400004230193029B03918B420CD8002E03DD7C
:1089500058F8043D002B5BD0066105B0BDE8F08FF0
:1089600043F8042BD8E7B1F800A0BAF1000F24D0E7
:1089700004F1140EA9464FF0000C5EF8047BD9F800
:1089800000301FFA87FB9BB20AFB0B334FEA174BF1
:10899000D9F8007063444FEA174C0AFB0BC707EB8A
:1089A00013479BB243EA0743724549F8043B4FEA39
:1089B000174CE2D8019B45F803C0039BB3F8029023
:1089C0000431B9F1000F21D02B6804F1140CAE462C
:1089D0004FF0000ABCF800B0BEF8027009FB0B773C
:1089E00057449BB243EA07434EF8043B5CF8043B10
:1089F0004FEA134ABEF8003009FB0A3303EB174372
:108A000062454FEA134AE5D8019FEB51043599E7D7
:108A1000013E9BE74D0D0408BE0D04082DE9F84307
:108A2000154612F0030207460E4607D0254C013AC0
:108A3000002354F82220FFF755FE0646AD103DD026
:108A4000FC697CB91020FDF737FE0246F86128B9B1
:108A50001D4B1E4840F2B311FFF72EFAC0E9014446
:108A60000460C460D7F81C80D8F808404CB940F2C4
:108A700071213846FFF712FF0023C8F808000446AA
:108A800003604FF00009EB070AD53146224638460D
:108A9000FFF71AFF314680463846FFF701FE46468B
:108AA0006D100BD0206838B9224621463846FFF7B2
:108AB0000BFF2060C0F800900446E4E73046BDE8B4
:108AC000F88300BF180E0408380B0408BE0D040814
:108AD0002DE9F0470C464968236903EB6218A36847
:108AE000074691464FEA621A08F10106B3420BDBD2
:108AF0003846FFF795FD054648B90246284B2948F8
:108B00004FF4EF71FFF7D8F901315B00EEE7002376
:108B100000F1140100F110021846534533DB2069BF
:108B20002AEAEA7A04F1140319F01F0901EB8A0119
:108B300003EB800C2BD0C9F1200E8A460022186866
:108B400000FA09F010434AF8040B53F8042B9C4533
:108B500022FA0EF2F3D8ACEB0403153B23F0030327
:108B6000043304F11500844538BF0423CA500AB108
:108B700008F10206013E38462E612146FFF790FDBE
:108B80002846BDE8F08742F8040F0133C5E70439F1
:108B900053F8042B41F8042F9C45F9D8EAE700BFAD
:108BA0004D0D0408BE0D04080A6903460069801AC9
:108BB00030B50ED11433143103EB820401EB820182
:108BC00054F8045D51F8042D954203D005D24FF0BE
:108BD000FF3030BDA342F3D3FBE70120F9E70000EB
:108BE0002DE9F74F89460646114648461446FFF7D9
:108BF000DBFF051E12D129463046FFF711FD024664
:108C000028B93F4B40F237213E48FFF755F9012381
:108C1000C0E90435104603B0BDE8F08FBCBF4B4639
:108C2000A1463046D9F80410BABF1C4601250025DC
:108C3000FFF7F6FC024618B9314B40F24521E3E755
:108C4000D9F810702669C56009F1100309F11405FF
:108C500004F1140E00F1140B05EB87080EEB8606E9
:108C60000193D9464FF0000C019B5EF8040B53F8BA
:108C700004AF01931FFA8AF3194683B2CB1A000C92
:108C80006344C0EB1A4000EB23409BB243EA00432D
:108C9000764549F8043B4FEA204CE5D8331B153B99
:108CA00023F0030315340433A64238BF04231D44C4
:108CB0005B441E462C4644450ED308F10301491B74
:108CC00021F00301033DA84538BF00210B4453F8B0
:108CD000041D91B117619DE754F8041BE646080C8A
:108CE0001CFA81FC714400EB2C4089B241EA00413E
:108CF00046F8041B4FEA204CDDE7013FE7E700BFE1
:108D00004D0D0408BE0D040882B08DED000B019AD4
:108D10000F4B1340A3F15073002B08DC5B42B3F1FF
:108D2000A07F4FEA235204DA4FF4002313410022BC
:108D300008E0A2F114031E2BDABF4FF00042DA4024
:108D4000012200231946104641EC100B02B0704777
:108D50000000F07F2DE9F041066900F1140808EBEE
:108D60008606371F56F8042C1046FFF74BFDC0F15E
:108D700020030A280B601B4915DCC0F10B0C22FAFA
:108D80000CF3B84543EA010534BF56F8083C00230C
:108D9000153002FA00F023FA0CF303431C4645ECAD
:108DA000104BBDE8F081B8453ABF56F8083CA6F133
:108DB000080700230B3812D0C0F1200123FA01F478
:108DC00082402243474542F07F558CBF57F8042C20
:108DD00000228340CA4045F440151343DEE742EACF
:108DE0000105DBE70000F03F2DE9F7430F460121C5
:108DF00059EC108B1646FFF713FC044630B90246B7
:108E0000234B244840F20F31FFF756F8C9F30A55B7
:108E1000C9F313030DB143F480130193B8F10003B8
:108E200023D068460093FFF70CFDDDE90012D0B1B6
:108E3000C0F1200302FA03F30B43C24063610192C5
:108E4000019BA361002B0CBF012202222261A5B16C
:108E5000A5F2334505443D60C0F135003060204641
:108E600003B0BDE8F0836161EAE701A8FFF7E9FC20
:108E7000019B636120300122E8E704EB8203A0F24A
:108E8000324038601869FFF7BDFCC0EB4210E5E7DF
:108E90004D0D0408BE0D04082DE9F04F85B0CDE955
:108EA000001002A9FFF756FF009803A955EC104BDC
:108EB000FFF750FF019B1969009B1B69C91ADDE987
:108EC00002329B1A5BEC10AB03EB4113002BCEBFBD
:108ED0002A46C3EB03335A462F46D946CCBF02EB92
:108EE000035702EB03594B46524620463946D7F703
:108EF00045FD41EC100B05B0BDE8F08F013970B5B0
:108F000049111469013102F1140300EB810103EBF3
:108F10008404051FA3420CD3A31A113B23F00303BF
:108F20001132A24288BF002318440023884205D38F
:108F300070BD53F8046B45F8046FEBE740F8043B51
:108F4000F4E700F1140200694B11984210B511DBEF
:108F50000ADD11F01F0107D052F8234024FA01F076
:108F600000FA01F18C420BD102EB8303934203D848
:108F7000002010BD0346F7E753F8041D0029F5D083
:108F80000120F6E751F8043C181F002BBCBF0B581A
:108F9000C01870470346084641B1FF2A04D98A2207
:108FA0001A604FF0FF3070470A70012070472DE9BA
:108FB000F0478E681F46BE420B6882460C469046BC
:108FC0002DD8B1F90C2012F4906F26D0656909698B
:108FD00005EB4505A3EB010905EBD5757B1C4B445F
:108FE0006D109D4238BF1D46530527D52946FDF714
:108FF00095FB064660B321694A46FEF744FFA38904
:1090000023F4906343F08003A381266165614E449D
:10901000A5EB09052660A5603E46BE4200D93E4646
:10902000206832464146FEF7EDFDA3689B1BA36016
:109030002368334423600020BDE8F0872A46FDF70B
:109040003FFC06460028E0D121695046FEF752FF5A
:109050000C23CAF80030A38943F04003A3814FF0EA
:10906000FF30E9E72DE9F04F98468B891B069DB04C
:1090700007460D46144610D50B6973B94021FDF71C
:109080004DFB2860286130B90C233B604FF0FF3066
:109090001DB0BDE8F08F40236B61002309932023AE
:1090A0008DF82930CDF80C803023DFF89C818DF8C5
:1090B0002A304FF0010923469A4613F8012B0AB1D2
:1090C000252AF9D1BAEB040B0BD05B462246294680
:1090D0003846FFF76CFF013000F0A780099A5A4428
:1090E00009929AF80030002B00F09F8000234FF087
:1090F000FF32CDE905230AF1010A049307938DF8A5
:1091000053301A935446052214F8011B4E48D7F7E2
:10911000FFF8049AD8B9D00644BF20238DF8533005
:10912000110744BF2B238DF853309AF800302A2BB7
:1091300015D0079A544600204FF00A0C214611F82A
:10914000013B303B092B4BD9B0B1079214E0A0EBA7
:10915000080309FA03F313430493A246D2E7039BDF
:10916000191D1B680391002BBBBF5B4242F002023A
:1091700007930793B8BF049223782E2B0AD1637804
:109180002A2B32D1039B1A1D1B68039243EAE37317
:1091900002340593DFF8C0A0217803225046D7F7A8
:1091A000B7F838B1049BA0EB0A0040228240134379
:1091B0000134049314F8011B24488DF8281006226A
:1091C000D7F7A6F8002836D0214B1BBB039B0733EB
:1091D00023F0070308330393099B334409936AE799
:1091E0000CFB02320C460120A8E700230134059352
:1091F00019464FF00A0C204610F8012B303A092A84
:1092000003D9002BC6D00591C4E70CFB012104460D
:109210000123F0E703AB00932A460E4B04A938461E
:10922000AFF30080421C0646D6D1AB895B063FF502
:109230002DAF09982CE703AB00932A46054B04A9F0
:10924000384600F087FBEDE7180F0408220F0408EA
:1092500000000000AF8F03081E0F040838B54B1C38
:10926000144603D14FF0FF35284638BD938923F0CB
:10927000200393815368526BCDB28AB1A26B9A429C
:1092800008DD23685A1E226003F8015C636801331D
:109290006360E9E7214600F024FF0028F1D0E1E710
:1092A0002169226841B1914206D212F8011CA942FB
:1092B00002D1013A2260EAE7C4E90F2304F1440332
:1092C00063630323A363234603F8465F23600123FC
:1092D000DEE710B50C46496B69B104F144039942CD
:1092E00001D0FEF707FE236C63600020606313B1BA
:1092F000E36B236010BD2369236000236360A389AF
:1093000043F02003A3814FF0FF30F3E72DE9F0474E
:109310000C46ADF5227D0021CDE94411A549A0916F
:109320000DF10408A449A54FCDF818810646A19176
:1093300000931378002B00F05881F95C11F00801BC
:1093400002F1010519D06368002B0FDD23681A783C
:10935000BA5C120701D42A46EBE7459A01324592DE
:1093600062680133013A62602360ECE7A19B214609
:10937000304698470028E9D0EDE7252B12D09946D2
:109380006368002B40F39380226813784B4540F0CC
:109390002C816368013B6360459B0132013322608D
:1093A0004593D8E74191439153782A2B02BF10236C
:1093B000951C41930A22A94619F8011BA1F130031B
:1093C000092B1ED9DFF8F8A103225046D6F7A0FFDB
:1093D00038B1419AA0EB0A00012383401343419323
:1093E0004D4615F8013B782B06D8572B10D8252B66
:1093F000C5D057D8002B65D0032347930A23429347
:1094000078E0439B02FB0311303943914D46D2E78C
:10941000A3F15802202AEFD801A151F822F000BF91
:10942000D3940308F9930308F99303082D950308CF
:10943000F9930308F9930308F9930308F9930308D0
:10944000F9930308F9930308F99303084395030874
:1094500029950308AB940308AB940308AB94030865
:10946000F9930308E5940308F9930308F9930308B3
:10947000F9930308F993030853950308ED9403083F
:10948000CB940308F9930308F99303084F95030855
:10949000F993030829950308F9930308F99303083E
:1094A000D3940308453B022BA6D8052321E0A19BBA
:1094B00021463046984700283FF466AF449800287C
:1094C00040F08B804FF0FF308BE0419A42F0200259
:1094D0004192419A42F40072419210226E2B4292C4
:1094E00002D905E000234293032302E008234293BC
:1094F000042347936368002B39DD419B590604D44C
:1095000023681A78BA5C120738D4479B022B47DCD1
:109510006B46224641A9304600F03CFB012864D04E
:1095200002287FF418AFC9E70A22D7E72946404648
:1095300000F09EFD419B43F040034193054601230B
:10954000D7E7419B43F0400341930023D1E7022337
:10955000CFE74198C3063FF5FEAE009B459A191D23
:1095600000911B68C0074CBF1A801A60F3E6A19BEC
:109570002146304698470028BFD09FE7459A0132E0
:1095800045926268013A002A626002DD013323607D
:10959000B6E7A19B2146304698470028B0D08DE71A
:1095A000042B0FDC6B46224641A9304600F04CFBF1
:1095B000B4E700BF5D920308D3920308090C0408C6
:1095C0001E0F04080A4B002B3FF4C5AE6B46224623
:1095D00041A93046AFF30080A0E7A3895B063FF5C1
:1095E00071AF0DF5227DBDE8F0874498F9E700BF23
:1095F000000000009368013B002B10B4936008DA70
:109600009469A34201DB0A2903D15DF8044BFEF7FC
:1096100055BA1368581C1060197008465DF8044B61
:109620007047F8B506460F461446D518AC4201D12E
:10963000002007E014F8011B3A463046FFF7DAFF36
:10964000431CF3D1F8BD00002DE9F04F0D469DB04D
:1096500014469846064618B1036A0BB9FEF78CF813
:109660006B6ED90705D4AB899A0502D4A86DFEF7B5
:1096700008FCAB891B0701D52B699BB929463046ED
:10968000FEF75AFA70B16B6EDC0704D54FF0FF306D
:109690001DB0BDE8F08FAB899805F7D4A86DFEF733
:1096A000F1FBF3E70023099320238DF82930CDF84F
:1096B0000C803023DFF8AC818DF82A304FF001099F
:1096C00023469A4613F8012B0AB1252AF9D1BAEBA1
:1096D000040B0BD05B46224629463046FFF7A1FF1C
:1096E000013000F0A780099A5A4409929AF8003094
:1096F000002B00F09F8000234FF0FF32CDE90523BF
:109700000AF1010A049307938DF853301A935446D3
:10971000052214F8011B5348D6F7FAFD049AD8B96C
:10972000D10644BF20238DF85330130744BF2B23A9
:109730008DF853309AF800302A2B15D0079A5446EA
:1097400000204FF00A0C214611F8013B303B092B59
:109750004BD9B0B1079214E0A0EB080309FA03F368
:1097600013430493A246D2E7039B191D1B68039180
:10977000002BBBBF5B4242F0020207930793B8BFC6
:10978000049223782E2B0AD163782A2B32D1039BA3
:109790001A1D1B68039243EAE37302340593DFF852
:1097A000D4A0217803225046D6F7B2FD38B1049BED
:1097B000A0EB0A004022824013430134049314F8C2
:1097C000011B29488DF828100622D6F7A1FD002894
:1097D0003FD0264B1BBB039B073323F00703083303
:1097E0000393099B3B4409936AE70CFB02320C4646
:1097F0000120A8E700230134059319464FF00A0C15
:10980000204610F8012B303A092A03D9002BC6D084
:109810000591C4E70CFB012104460123F0E703ABEB
:1098200000932A46124B04A93046AFF30080074646
:10983000781CD6D16B6ED90705D4AB899A0502D4B2
:10984000A86DFEF71FFBAB895B063FF51FAF0998BC
:109850001EE703AB00932A46054B04A9304600F0EF
:1098600079F8E4E7180F0408220F0408000000004C
:10987000239603081E0F04082DE9F0471646984664
:109880008A680B69DDF820909342B8BF13463360B5
:1098900091F8432007460C460AB101333360236830
:1098A000990642BF336802333360256815F0060518
:1098B00006D104F1190AE36832689B1AAB4226DC30
:1098C00094F843302268003B18BF012392062BD442
:1098D00004F1430241463846C84701301ED0236890
:1098E000226903F00603042B02BFE5683368ED1A12
:1098F000A3680CBF25EAE57500259342C4BF9B1AF7
:10990000ED1800261A34B5421AD1002008E00123D0
:10991000524641463846C847013003D14FF0FF3028
:10992000BDE8F0870135C6E7E1185A1C302081F800
:109930004300224494F8451082F843100233C7E7ED
:109940000123224641463846C8470130E6D0013659
:10995000D9E700002DE9FF470F7E0C9E782F914636
:1099600080460C469A4601F1430207D8622F0AD876
:10997000002F00F0D280582F00F0B98004F1420689
:1099800084F842703AE0A7F16303152BF6D801A1E1
:1099900051F823F0ED990308019A03087D99030813
:1099A0007D9903087D9903087D990308019A0308AE
:1099B0007D9903087D9903087D9903087D99030823
:1099C000019B03082B9A0308BB9A03087D9903089F
:1099D0007D990308239B03087D9903082B9A0308AC
:1099E0007D9903087D990308C39A030833681A1DFB
:1099F0001B68326004F1420684F8423001239DE086
:109A000033682068191D3160060601D51D6803E022
:109A10004506FBD5B3F90050002D03DA2D236D4226
:109A200084F8433059480A2311E021683368080656
:109A300053F8045B02D4490648BFADB26F2F5348B8
:109A4000336014BF0A230823002184F8431066689A
:109A5000A660002EA2BF216821F0040121600DB98B
:109A6000002E4BD01646B5FBF3F103FB1157C75D33
:109A700006F8017D2F46BB420D46F4D9082B0BD1C9
:109A80002368DF0708D5236961689942DEBF302368
:109A900006F8013C06F1FF36921B2261CDF800A0CA
:109AA0004B4603AA21464046FFF7E6FE01304AD165
:109AB0004FF0FF3004B0BDE8F087236843F0200387
:109AC00023603348782784F84570236831681F067F
:109AD00051F8045B02D45F0648BFADB23160D907CC
:109AE00044BF43F0200323601DB11023ACE7274897
:109AF000E9E7236823F020032360F6E71646BDE775
:109B0000336825686169181D30602E061B6801D511
:109B1000196002E06806FBD5198000232361164610
:109B2000BCE733681A1D32601E6862680021304647
:109B3000D6F7EEFB08B1801B6060636823610023E9
:109B400084F84330AAE72369324649464046D04765
:109B50000130ADD023689B0713D4E068039B984283
:109B6000B8BF1846A6E70123324649464046D047CB
:109B700001309DD00135E36803995B1AAB42F2DCFA
:109B8000EBE7002504F11906F5E700BF290F0408EB
:109B90003A0F04082DE9F84315468A6880460C46BA
:109BA00032B98A69002A14BF4FF0FF3201228A605D
:109BB0002268DFF89090D1065FBF1A68111D196006
:109BC00016680027A06988B1012807D12B681A7888
:109BD00063699B5C53B9002F31D022E0022820D169
:109BE0002B681B7819F803301B071AD42368DA0690
:109BF0005EBF2B681B7806F8013B2A686B68013250
:109C00002A60A268013B013A6B600137A26042B151
:109C1000002BD7DCD4F880312946404698470028ED
:109C2000D0D0236813F0100305D1E2680132E2605E
:109C3000A26902B1337023693B4423610020BDE86F
:109C4000F88300BF090C04082DE9F04F9846744BC7
:109C50000C468246164693E8070087B003AB83E8BC
:109C60000700704BA169704A032908BF1A46A36810
:109C700001925A1EB2F5AE7F88BF6FF4AE752746CB
:109C800082BF03EB050940F25D13A36057F81C3B4C
:109C900043F4506398BF4FF0000923603D464FF0F6
:109CA000000B316803AB097853F82B000222D6F77A
:109CB0002FFB28B3BBF1010F59D162682AB9226882
:109CC000082142F4007261602260226822F4A062DE
:109CD0002260A268511EA16092B13268511C3160AD
:109CE000127805F8012B7268013A002A726007DCCD
:109CF000D4F88021314650469047002840F08580B6
:109D00000BF1010BBBF1030FCBD163680BB90A2335
:109D10006360636845496069C91A00F0A9F94FF0AA
:109D2000000BA3682268002B3DD03168606991F870
:109D300000C010F80C00002835D0BCF1300F24D141
:109D4000100522D50BF1010BB9F1000F03D001333F
:109D500009F1FF39A3607368013B002B73601BDDC1
:109D6000336801333360A368013BA360D9E7BBF1DB
:109D7000020FAED1226802F4C061B1F5007FBFD1FD
:109D80001021616042F48072A2E722F41062226026
:109D90000B7805F8013BDEE7D4F8803131465046B8
:109DA00098470028DFD02368D9050DD5BD4209D9D1
:109DB00015F8011CD4F87C3132465046984705F11D
:109DC000FF394D46BD4228D0226812F0100213D14F
:109DD0002A706368019E39465046B047D8F8003073
:109DE00021681A1DC8F8002011F0200F1B680FD041
:109DF0001860E3680133E3602369ED1B5D442B4485
:109E00002361002007B0BDE8F08F4FF0000BCAE7D8
:109E1000CA074CBF18801860EBE70120F2E700BFCB
:109E2000A00104082D760308B1A203085B0F040803
:109E3000B1F90C202DE9F041160705460C4654D423
:109E40004B68002B02DC0B6C002B48DDE66A002E11
:109E500045D0002312F480522F68216A2B6030D045
:109E6000626DA389590705D56368D21A636B0BB17C
:109E7000236CD21A0023E66A216A2846B047431CA5
:109E8000A38906D129681D292BD82A4A0A41D60759
:109E900027D400226260D9042269226004D5421CC2
:109EA00001D12B6803B96065616B2F60B9B104F112
:109EB0004403994202D02846FEF71CF8002363634E
:109EC0000DE001232846B0470246501CC9D12B683B
:109ED000002BC6D01D2B01D0162B1ED12F600020C9
:109EE00022E043F040031BB21BE00F69002FF6D0C5
:109EF00093070E6808BF4B690F6018BF0023A6EBDD
:109F000007088B60B8F1000FE9DD216AA66A4346B5
:109F10003A462846B047002808DCB4F90C3043F034
:109F20004003A3814FF0FF30BDE8F0810744A8EB68
:109F30000008E7E7FEFFBFDF38B50B6905460C46B2
:109F400013B90025284638BD18B1036A0BB9FDF7CF
:109F500013FCB4F90C30002BF3D0626ED00704D49C
:109F6000990502D4A06DFDF78CFF28462146FFF726
:109F70005FFF636EDA070546E4D4A3899B05E1D44D
:109F8000A06DFDF77FFFDDE70EB403B5014603AB1F
:109F9000054853F8042B00680193FFF755FB02B006
:109FA0005DF804EB03B070471002002070B50C465A
:109FB000B1F90E10002996B015461E460DDAA38998
:109FC00013F0800F4FF0000114BF40234FF4806363
:109FD000002031602B6016B070BD6A4600F0BCF8FE
:109FE0000028ECDB019901F47041A1F500535942BE
:109FF00059414FF48063EBE78B89F7B59D0706461F
:10A000000C4607D504F147032360236101236361F4
:10A0100003B0F0BD01AB6A46FFF7C8FF009F0546DD
:10A0200039463046FCF77AFB48B9B4F90C309A054A
:10A03000EED423F0030343F00203A381E2E7A389F4
:10A04000206043F08003A381019BC4E904075BB156
:10A05000B4F90E10304600F091F828B1A38923F02E
:10A06000030343F00103A381A3891D43A581CFE727
:10A0700070B50B7804465E2B0BBF4B784A1C8A1CCC
:10A08000002108BF0121013804F1FF0500F8011F7C
:10A09000A842FBD10BB9501E70BD81F00101E15403
:10A0A0001046024612F8015B2D2D05D05D2D16D00D
:10A0B000002DF1D02B46F2E746785D2EFAD0B34260
:10A0C000F8DC02301A4601329642A154FBDCF21A47
:10A0D000013A5D1CB342A8BF0022AB18E1E710466D
:10A0E000DAE72DE9F0410C46496B04F1440399424B
:10A0F0001DD14FF48061FCF711FB18B94FF0FF3010
:10A10000BDE8F0814FF48063A36394F84630606348
:10A1100080F8FF3394F8453080F8FE3394F84430EB
:10A1200080F8FD3300F2FD3020600020E8E7A66BE8
:10A1300077003A46FCF7C4FB05460028DED000EB6A
:10A140000608014632464046FDF79DFEC4E90D571C
:10A15000C4F80080E9E7000038B5074D0023044645
:10A16000084611462B60DAF7B7F8431C02D12B687A
:10A1700003B1236038BD00BF5083012038B5064DC0
:10A180000023044608462B60DAF7B6F8431C02D1D8
:10A190002B6803B1236038BD5083012008B5062029
:10A1A00000F0B0F80120DAF747F870B5A1FB0254CF
:10A1B0003CB92946FCF7B2FA064628B900263046D3
:10A1C00070BD0C220260F9E72A462146FDF734FDF6
:10A1D000F5E700002DE9F043344E86460D4628464B
:10A1E00015F8014B375D17F00807F8D12D2C2FD14A
:10A1F0002C780127851C33F0100009D1302C2CD18C
:10A20000287800F0DF00582827D16C781023023519
:10A210004FF0FF380026B8FBF3F803FB08F96FEAAC
:10A2200009093046A4F1300CBCF1090F1CD8644672
:10A23000A3422ADDB6F1FF3F07D0804522D301D1EA
:10A24000A1451FDB00FB0340012615F8014BE9E7A0
:10A250002B2C04BF2C78851CCDE7002BD8D1302CBB
:10A260000CBF08230A23D3E7A4F1410CBCF1190F5A
:10A2700001D8373CDCE7A4F1610CBCF1190F04D81C
:10A28000573CD5E74FF0FF36DFE7731C06D122239A
:10A29000CEF80030304632B9BDE8F08307B1404215
:10A2A000002AF9D006B1691E1160F5E7090C04080F
:10A2B000FFF790BF1F2938B505460C4604D9162371
:10A2C00003604FF0FF3038BDC26B12B152F821303D
:10A2D0004BB9284600F030F8224601462846BDE832
:10A2E000384000F017B8012B0AD0591C03D11623AF
:10A2F00003600120E7E7002142F824102046984738
:10A300000020E0E7024B01461868FFF7D3BF00BF0B
:10A310001002002038B5074D0023044608461146B8
:10A320002B60D9F777FF431C02D12B6803B1236060
:10A3300038BD00BF50830120D9F764BFF8B500BF16
:10A34000F8BC08BC9E467047F8B500BFF8BC08BC16
:04A350009E4670476E
:10A3580052657365742073657474696E6773000061
:10A36800D09DD0B5D0B8D0B7D0B2D0B5D181D18238
:10A37800D0BDD18BD0B920D182D0B8D0BF20D18167
:10A38800D0BED0B1D18BD182D0B8D18F2055415217
:10A39800543A2025640000004572726F722068618B
:10A3A8006E646C657200000010000000010000007F
:10A3B8000000000000000000100000000200000083
:10A3C80000000000000000004D61696E5461736B6D
:10A3D80000000000D0A30308591E01080000000077
:10A3E8000000000000010000000000000000000064
:10A3F8004C454400F8A30308B91F010800000000F9
:10A4080000000000800000000000000000000000C4
:10A41800657468546173000018A403085920010882
:10A428000000000000000000000300000000000021
:10A43800000000004D425254555461736B000000F7
:10A448003CA403081D2201080000000000000000D1
:10A458000001000000000000000000004D424554CB
:10A46800485461736B00000064A403085123010879
:10A4780000000000000000000002000000000000D2
:10A4880000000000756172745F7461736B000000F6
:10A498008CA403084D2501080000000000000000FE
:10A4A8000004000000000000000000006C6F6767F7
:10A4B80065725461736B0000B4A403081527010882
:10A4C8000000000000000000800000000000000004
:10A4D800000000003D3D3D204465766963652041EC
:10A4E80075746F2D446973636F7665727920537440
:10A4F800617274203D3D3D00466F756E6420257580
:10A5080020646576696365732076696120554152D8
:10A5180054000000556E6B6E6F776E004C45445FBB
:10A52800445256004C45445F4452565F7632000010
:10A538005043425F505752004D4F534645545F3386
:10A54800434800004D4F534645545F36434800008A
:10A5580020204465766963652025753A2041646446
:10A56800723D25752C20547970653D2573000000D7
:10A578003D3D3D20446576696365204175746F2DC6
:10A58800446973636F7665727920436F6D706C658B
:10A598007465203D3D3D0000436F6E74726F6C2002
:10A5A8005057520053746172742025732061707083
:10A5B8002E20566572202564000000005365636FE5
:10A5C8006E64617279206669726D77617265206365
:10A5D8006F6E666967204F4B000000004661696C2A
:10A5E800656420746F20676574207365636F6E649B
:10A5F800617279206669726D7761726520636F6E2A
:10A60800666967005365636F6E6461727920666975
:10A61800726D7761726520636F6E66696720726517
:10A62800736574004669726D776172652075706430
:10A63800617465722072656164790000436F6E6EA3
:10A64800656374206F70656E0000000047657420B4
:10A65800434D442025730000436F6E6E656374207C
:10A66800636C6F736500000054696D696E672073D1
:10A678007461747320286D73293A205443502D3E19
:10A688005254553A20256C752C2052545520726529
:10A6980073706F6E73653A20256C752C2052545573
:10A6A8002D3E5443503A20256C7500004572723A8D
:10A6B8002052545520746F20544350206661696CB1
:10A6C8006564202D204352430A0000004572723A07
:10A6D8002052545520746F20544350206661696C91
:10A6E8006564202D207061636B6574206C656E67EE
:10A6F80074680A004572723A20556E6B6E6F776EF9
:10A70800206D6F6465000000525455204352432069
:10A71800636865636B3A204641494C45440A00002A
:10A728004572726F723A2054435020746F2052540D
:10A7380055206661696C656400000000696400006A
:10A74800747970655F646174610000007361766597
:10A758005F73657474696E67730000006F626A00E6
:10A76800646174612074797065206E6F74207265FD
:10A77800676973746572656400000000496E7661EC
:10A788006C696420747970652064617461000000EC
:10A798006964206E6F742076616C69640000000043
:10A7A800496E76616C6964204A534F4E0000000080
:10A7B8004950000073657449500000004D41430042
:10A7C8007365744D41430000474154455741590052
:10A7D8007365744741544557415900004D41534BE7
:10A7E800000000007365744D41534B00444E530004
:10A7F800736574444E530000444843500000000001
:10A80800736574444843500025752E25752E2575AB
:10A818002E2575004572723A20496E76616C69641E
:10A82800204950206164647265737320666F726D8D
:10A838006174000025783A25783A25783A25783ADF
:10A8480025783A25780000004572723A20496E76DC
:10A85800616C6964204D414320616464726573735F
:10A8680020666F726D6174004572723A20496E7687
:10A87800616C6964206761746577617920616464DB
:10A888007265737320666F726D6174004572723AF7
:10A8980020496E76616C6964207375626E657420F8
:10A8A8006D61736B20666F726D61740053657474AB
:10A8B800696E67732073657420737563636573735A
:10A8C80066756C00536176652073657474696E678C
:10A8D80073204F4B2E2073697A6520256400000091
:10A8E800536176652073657474696E677320464199
:10A8F800494C00004E6F2073657474696E6773204D
:10A9080077657265206368616E67656400000000A2
:10A918006E756D006465765F6164647200000000A6
:10A9280063685F64657600006E616D655F64657677
:10A938006963650025730000656D7074792063682C
:10A94800616E6E656C73000069645F636D6400001E
:10A95800416464725F73746172740000436F756E52
:10A96800745F6465760000004D616E75616C2064EB
:10A978006576696365206175746F2D66696C6C20F6
:10A988007472696767657265640000006175746F49
:10A998002073657420656E64000000004E756D00BC
:10A9A8004465765F616464720000000043485F6438
:10A9B8006576000065727220656D70747920636D2C
:10A9C8006400000050574D004F6E0000416C6C0051
:10A9D8004F4B00004E554C4C2070747220646576C5
:10A9E800000000005265626F6F74696E672E2E2E2C
:10A9F800000000004572726F722069645F636D64C5
:10AA080000000000302E302E302E3000636F756E3F
:10AA180074000000746F74616C0000006F626A5FFC
:10AA280063685F6D657461006F626A5F69700000DA
:10AA3800030400006F666673657400006C696D69D5
:10AA48007400000061646472000000006368000024
:10AA580070776D00656E61626C6564006861735F34
:10AA68006D6F7265000000006F626A5F63680000C6
:10AA78006D6F6465000000007365744D6F64650058
:10AA8800706F727400000000736574506F72740008
:10AA98004572723A20496E76616C6964206F722043
:10AAA8006D697373696E67206D6F64652076616C7C
:10AAB800756500004572723A20496E76616C69646A
:10AAC800206F72206D697373696E6720706F72747E
:10AAD8002076616C756500004E6F2062726964674C
:10AAE800652073657474696E677320776572652075
:10AAF8006368616E67656400626F640048617264D0
:10AB0800204661756C740D0025692E25692E25690E
:10AB1800000000006E756C6C0000000025640000E9
:10AB280025312E3135670000256C670025312E311F
:10AB380037670000222200007525303478000000B5
:10AB4800EFBBBF0066616C736500000074727565C9
:10AB58000000000065727220666F726D6174206D6E
:10AB680065737361676500004F4B000077726F6E05
:10AB78006720666F726D617420696E204320666C71
:10AB88006167000077726F6E6720666F726D61741F
:10AB980020696E204120666C6167000077726F6ED5
:10ABA8006720666F726D617420696E204420666C40
:10ABB8006167000077726F6E6720666F726D6174EF
:10ABC80020696E204E20666C6167000077726F6E98
:10ABD8006720666F726D617420696E207820666CDC
:10ABE8006167000065727220616674657220432097
:10ABF8006973206E6F74206E756D62657200000057
:10AC08006572722061667465722041206973206ED6
:10AC18006F74206E756D6265720000006572722037
:10AC280061667465722044206973206E6F74206EAB
:10AC3800756D6265720000006572722061667465E8
:10AC480072204E206973206E6F74206E756D626578
:10AC5800720000006E6F7420617661696C61626CCD
:10AC68006500000062616420706172616D0000001F
:10AC78004E554C4C207074722064657600000000BC
:10AC8800436F6D6D616E6420646F6573206E6F74C1
:10AC9800206578697374000043256C750000000016
:10ACA80044256C75000000002000000078000000BA
:10ACB8004669726D776172652055706461746520AC
:10ACC8006D6F64756C6520696E697469616C697A09
:10ACD800656400004669726D77617265205570641D
:10ACE800617465206D6F64756C65206465696E6953
:10ACF8007469616C697A656400000000537461725C
:10AD080074696E67206669726D7761726520757007
:10AD1800646174652E2053697A653A20256C752024
:10AD280062797465732C2056657273696F6E3A2068
:10AD380030782530386C580045726173696E672029
:10AD4800256C7520736563746F727320696E205368
:10AD5800504920466C617368000000004669726DB6
:10AD680077617265207570646174652061626F72C5
:10AD780074656420647572696E6720736563746FA7
:10AD8800722065726173650053504920466C617387
:10AD980068206572617365642C207265616479202E
:10ADA800746F2072656365697665206669726D7770
:10ADB800617265005374617274696E6720626163C1
:10ADC8006B7570206669726D776172652075706445
:10ADD8006174652E2053697A653A20256C75206266
:10ADE800797465732C2056657273696F6E3A2030DA
:10ADF800782530386C5800004261636B75702066A6
:10AE080069726D776172652075706461746520611F
:10AE1800626F7274656420647572696E6720736509
:10AE280063746F7220657261736500005350492026
:10AE3800466C617368206572617365642C20726565
:10AE480061647920746F2072656365697665206234
:10AE580061636B7570206669726D77617265000059
:10AE6800426C6F636B2073657175656E63652065F1
:10AE780072726F722E2045787065637465643A202B
:10AE8800256C752C20476F743A20256C75000000DE
:10AE9800426C6F636B20435243206D69736D61741C
:10AEA80063682E2045787065637465643A2030784D
:10AEB8002530386C582C2043616C63756C6174655F
:10AEC800643A2030782530386C5800004669726D35
:10AED8007761726520626C6F636B20777269746545
:10AEE80020766572696669636174696F6E20666150
:10AEF800696C6564000000004669726D776172656F
:10AF08002073697A65206D69736D617463682E209A
:10AF180045787065637465643A20256C752C2052F9
:10AF2800656365697665643A20256C7500000000E4
:10AF38004669726D7761726520435243206D69736B
:10AF48006D617463682E2045787065637465643A32
:10AF58002030782530386C582C2043616C63756C30
:10AF6800617465643A2030782530386C58000000E8
:10AF78004669726D776172652075706461746520C9
:10AF8800636F6D706C657465642073756363657356
:10AF98007366756C6C792E2053697A653A20256C36
:10AFA800752062797465732C204352433A203078B7
:10AFB8002530386C582C20416464726573733A20CC
:10AFC80030782530386C58004661696C65642074A7
:10AFD8006F20777269746520626F6F742064617482
:10AFE8006120746F20666C61736800004661696C4B
:10AFF800656420746F2073617665207365636F6E76
:10B0080064617279206669726D7761726520636F19
:10B018006E666967000000004669726D7761726547
:10B02800207570646174652061626F727465640074
:10B03800D094D0B0D0BCD0BF20D0BFD180D0BED1AA
:10B0480088D0B8D0B2D0BAD0B820D0B8D0B72053B2
:10B05800504920466C6173683A000000D090D0B423
:10B06800D180D0B5D18120D0BDD0B0D187D0B0D0DB
:10B07800BBD0B03A2030782530386C582C20D0948A
:10B08800D0BBD0B8D0BDD0B03A20256C7520D0B197
:10B09800D0B0D0B9D18200002D2D2D2D2D2D2D2DE4
:10B0A8002D2D2D2D2D2D2D2D2D2D2D2D2D2D2D2DC8
:10B0B8002D2D2D2D2D2D2D2D2D2D2D2D2D2D2D2DB8
:10B0C8002D2D2D2D2D2D2D2D2D2D000030782530B9
:10B0D800386C583A20000000253032582000000013
:10B0E8002000000020202000207C20002563000094
:10B0F80025730000D090D0B4D180D0B5D181202064
:10B1080020202020203A20303020303120303220BA
:10B11800303320303420303520303620303720206E
:10B128003038203039203041203042203043203020
:10B1380044203045203046207C2041534349490073
:10B14800D094D0B0D0BCD0BF20D0B7D0B0D0B2D07F
:10B15800B5D180D188D0B5D0BD000000466F756EDE
:10B1680064206669726D77617265206D65746164CB
:10B178006174612061742030782530386C583A2029
:10B1880056657273696F6E3A2030782530386C587E
:10B198002C204E616D653A20257300004E6F2066A5
:10B1A80069726D77617265206D657461646174613F
:10B1B80020666F756E642061742030782530386C95
:10B1C80058000000001000000010080000201800BF
:10B1D80000201C000020200000202400002028005F
:10B1E80000202C005374617274696E672073656364
:10B1F8006F6E64617279206669726D77617265201D
:10B208007570646174652E2053697A653A20256CDF
:10B21800752062797465732C2056657273696F6E38
:10B228003A2030782530386C580000004572617338
:10B23800696E6720256C7520736563746F7273205F
:10B24800696E2053504920466C61736820666F729E
:10B25800207365636F6E64617279206669726D77B9
:10B26800617265005365636F6E6461727920666907
:10B27800726D7761726520757064617465206162B2
:10B288006F7274656420647572696E672073656394
:10B29800746F722065726173650000005350492015
:10B2A800466C6173682065726173656420666F72AD
:10B2B800207365636F6E64617279206669726D7759
:10B2C8006172652C20726561647920746F207265E3
:10B2D8006365697665206461746100005374617206
:10B2E80074696E6720757064617465207365636F37
:10B2F8006E646172792025732076657273696F6E4A
:10B308002030782530386C5820746F2030782530FC
:10B31800386C582C20626F617264206164647265B5
:10B3280073732030782530386C5800004661696C9A
:10B33800656420746F20736574207365636F6E6431
:10B3480061727920626F61726420257320746F20A6
:10B35800626F6F746C6F61646572206D6F646500F5
:10B36800417474656D7074202564206661696C652C
:10B378006420746F2067657420626F6F746C6F61EE
:10B388006465722073746174757320666F7220250A
:10B39800732C207265747279696E672E2E2E0000E8
:10B3A8005365636F6E6461727920626F61726420A5
:10B3B800257320646964206E6F7420656E746572ED
:10B3C80020626F6F746C6F61646572206D6F646565
:10B3D80020616674657220256420617474656D70DF
:10B3E800747300004661696C656420746F20747220
:10B3F800616E73666572206669726D776172652029
:10B40800746F207365636F6E6461727920626F6117
:10B4180072642025730000004669726D7761726559
:10B428002075706461746520666F72207365636F40
:10B438006E6461727920626F617264202573206383
:10B448006F6D706C65746564207375636365737381
:10B4580066756C6C790000004572723A2044455656
:10B468005F7420706F696E746572206973206E75E1
:10B478006C6C00005761726E3A204661696C6564B5
:10B4880020746F2067657420696E697469616C2027
:10B4980073746174757300005761726E3A20536556
:10B4A800636F6E6461727920626F61726420697380
:10B4B800206E6F7420696E20626F6F746C6F6164A8
:10B4C8006572206D6F6465004572723A2046616945
:10B4D8006C656420746F2073656E6420707265708B
:10B4E80061726520777269746520636F6D6D616E36
:10B4F8006420746F207365636F6E64617279206273
:10B508006F617264000000004572723A20536563EF
:10B518006F6E6461727920626F6172642069732052
:10B528006E6F7420726561647920666F7220666937
:10B53800726D77617265207772697465000000002A
:10B548004572723A204661696C656420746F207395
:10B55800656E64206669726D7761726520646174D6
:10B568006120746F207365636F6E64617279206205
:10B578006F617264000000004572723A204661698A
:10B588006C656420746F2073656E64206669726DE3
:10B59800776172652066696E616C697A6174696F3A
:10B5A8006E20636F6D6D616E6420746F20736563C8
:10B5B8006F6E6461727920626F61726400000000CE
:10B5C8004572723A205365636F6E646172792062C6
:10B5D8006F617264206669726D7761726520766545
:10B5E80072696669636174696F6E206661696C650A
:10B5F800640000005761726E3A205365636F6E6491
:10B6080061727920626F617264206973206E6F7451
:10B6180020696E20617070206D6F646520616674AA
:10B6280065722075706461746500000043524320A0
:10B63800636865636B206661696C656420666F7218
:10B64800207365636F6E64617279206669726D77C5
:10B6580061726520636F6E66696700004661696C98
:10B66800656420746F2076657269667920736563F6
:10B678006F6E64617279206669726D776172652098
:10B68800636F6E6669670000080000000400000030
:10B6980000000000000000004572726F723A2052EC
:10B6A8005455207061636B657420746F6F207368E4
:10B6B8006F7274004572726F723A2052545520436B
:10B6C800524320636865636B206661696C6564003A
:10B6D800257320282564206279746573293A00004F
:10B6E8000A00000025303258000000004572723A06
:10B6F80020496E76616C69642064657669636520AB
:10B708006172726179206F722073697A6500000036
:10B718004572723A20446576696365206D75746573
:10B72800782068616E646C65206973206E756C6C36
:10B73800000000004572723A204661696C65642019
:10B74800746F2061637175697265206465766963D9
:10B7580065206D75746578005363616E6E696E67F8
:10B768002025642061646472657373657320737443
:10B77800617274696E672066726F6D2025640000BF
:10B7880020205B25645D2053656E64696E672073B5
:10B798007461747573207265717565737420746F44
:10B7A8002061646472202564000000004572723ACA
:10B7B8002020205B25645D20756172745F73656E5F
:10B7C800645F7061636B6574206661696C65642091
:10B7D8002848414C206572726F7220256429000048
:10B7E80020205B25645D204E6F20726573706F6E3C
:10B7F80073652066726F6D20616464722025642011
:10B80800286576742E7374617475733D30782530AD
:10B818003258290020205B25645D20476F7420255D
:10B82800642062797465732066726F6D2061646448
:10B8380072202564000000004572723A2020205BC7
:10B8480025645D205061727365206661696C65646A
:10B858003A2072785B302E2E345D3D2530325820E8
:10B8680025303258202530325820253032582025AE
:10B878003032580020205B25645D2050617273656A
:10B88800643A20616464723D256420636D643D25DB
:10B89800642073697A653D256420646174615F6C16
:10B8A800656E3D25640000004572723A2020205BD9
:10B8B80025645D2041646472657373206D69736DDE
:10B8C800617463683A2065787065637465642025DF
:10B8D800642C20676F742025640000004572723A5A
:10B8E8002020205B25645D20556E65787065637443
:10B8F800656420636D643D25642028657870656300
:10B9080074656420256429004572723A2020205B02
:10B9180025645D205061796C6F616420746F6F20BD
:10B92800736D616C6C3A20646174615F6C656E3D27
:10B9380025642C206E6565643D25640020205B2508
:10B94800645D205374617475733A206B65793D307A
:10B95800782530385820747970655F7063623D25AA
:10B968006C7520636F756E745F63683D256C752018
:10B978006D6F64653D307825303858005761726EB8
:10B988003A2020205B25645D204164647220256490
:10B9980020697320696E20626F6F746C6F616465D3
:10B9A80072206D6F64652C20736B697070696E67A7
:10B9B8000000000020205B25645D204465766963F3
:10B9C8006520464F554E443A20616464723D2564B3
:10B9D80020547970655043423D256420636F756E2D
:10B9E800745F63683D256C75000000004572723A0B
:10B9F800204445565F7420706F696E7465722069C3
:10BA080073206E756C6C00005761726E3A20546931
:10BA18006D656F75742077616974696E6720666FEC
:10BA28007220726573706F6E736500005761726E75
:10BA38003A204661696C656420746F2067657420DC
:10BA4800696E697469616C20737461747573000040
:10BA58005761726E3A204661696C656420746F2084
:10BA680067657420737461747573206F6E206174D8
:10BA780074656D7074202564000000004669726D5D
:10BA88007761726520557064617465205443502055
:10BA980053657276657220696E697469616C697A3A
:10BAA800656400004669726D77617265205570643F
:10BAB8006174652054435020536572766572206422
:10BAC80065696E697469616C697A65640000000073
:10BAD80046575570646174655365727665720000E7
:10BAE8004661696C656420746F2063726561746572
:10BAF8002054435020736572766572207461736BAD
:10BB0800000000004669726D7761726520557064A7
:10BB180061746520544350205365727665722073B2
:10BB280074617274656400004669726D776172654C
:10BB380020557064617465205443502053657276B3
:10BB480065722073746F7070656400004661696C7B
:10BB5800656420746F20637265617465206E657713
:10BB68002054435020636F6E6E656374696F6E0076
:10BB78004661696C656420746F2062696E64205444
:10BB8800435020636F6E6E656374696F6E20746FC7
:10BB980020706F7274202564000000004661696C93
:10BBA800656420746F207365742054435020636F5C
:10BBB8006E6E656374696F6E20746F206C69737440
:10BBC800656E206D6F64650054435020736572760E
:10BBD8006572206C697374656E696E67206F6E207C
:10BBE800706F727420256400436C69656E742063FD
:10BBF8006F6E6E656374656420746F206669726D1C
:10BC080077617265207570646174652073657276FA
:10BC180065720000436C69656E7420646973636FB4
:10BC28006E6E65637465642066726F6D20666972F6
:10BC38006D776172652075706461746520736572D3
:10BC4800766572004661696C656420746F20616373
:10BC58006365707420636C69656E7420636F6E6EC3
:10BC6800656374696F6E3A20256400005443502060
:10BC7800736572766572207461736B207465726D7A
:10BC8800696E6174656400004661696C656420745E
:10BC98006F207265636569766520646174612066EA
:10BCA800726F6D20636C69656E743A2025640000BC
:10BCB8005265636569766564207061636B6574209D
:10BCC800697320746F6F20736D616C6C3A202575F1
:10BCD80020627974657300005265636569766564EE
:10BCE800207061636B657420697320746F6F206CBA
:10BCF800617267653A202575206279746573000062
:10BD0800434D445F53544152545F55504441544548
:10BD18003A20696E76616C6964206D65746164614E
:10BD28007461206B65790000434D445F5354415260
:10BD3800545F5550444154453A206C6567616379B6
:10BD48002070726F746F636F6C202873697A653D19
:10BD5800256C752C207665723D256C7529000000D0
:10BD68004D61696E206669726D77617265207369CD
:10BD78007A652065786365656473206D6178696D9F
:10BD8800756D20616C6C6F7765643A20256C752041
:10BD98006279746573000000496E76616C6964208D
:10BDA8006D65746164617461206B657920696E20CA
:10BDB8006261636B7570207570646174652072656B
:10BDC80071756573740000004261636B757020665D
:10BDD80069726D776172652073697A652065786329
:10BDE80065656473206D6178696D756D20616C6C33
:10BDF8006F7765643A20256C7520627974657300E5
:10BE0800496E76616C6964204649524D57415245E6
:10BE18005F44415441207061636B65742073697A93
:10BE2800653A2025752062797465732C20657870D1
:10BE380065637465643A20256C752062797465734E
:10BE4800000000004D65746164617461207265745E
:10BE58007269657665643A2025732076256C7500CD
:10BE68004E6F2076616C6964206D657461646174DD
:10BE78006120666F756E642C2073656E64696E67E9
:10BE880020656D70747920726573706F6E736500CC
:10BE98004661696C656420746F2073656E64206DFB
:10BEA8006574616461746120726573706F6E736527
:10BEB8003A202564000000004661696C65642074BE
:10BEC8006F2073656E6420726573706F6E73652082
:10BED800746F20636C69656E743A202564000000F5
:10BEE800526573706F6E73652073656E7420737519
:10BEF800636365737366756C6C7900005265626F75
:10BF08006F74696E672E2E2E00000000496E7661F0
:10BF18006C6964206D65746164617461206B657916
:10BF280020696E207365636F6E6461727920757025
:10BF38006461746520726571756573740000000032
:10BF48004661696C656420746F2073656E64207344
:10BF580065636F6E64617279206669726D7761726C
:10BF6800652073746174757320726573706F6E7376
:10BF7800653A202564000000434D445F5345434F14
:10BF88004E445F46575F53544152543A20656E61A0
:10BF9800626C696E67206175746F2D757064617469
:10BFA8006520666F722063656C6C20256C750000D7
:10BFB800434D445F5345434F4E445F46575F535488
:10BFC8004152543A20696E76616C69642063656CED
:10BFD8006C206E756D62657220256C75000000001E
:10BFE800434D445F5345434F4E445F46575F535458
:10BFF8004152543A206661696C656420746F2072FE
:10C00800656164207365636F6E6461727920666927
:10C01800726D7761726520636F6E666967000000F4
:10C02800434D445F5345434F4E445F46575F535417
:10C038004152543A2063656C6C20256C75206973F5
:10C0480020656D7074790000434D445F5345434F3C
:10C058004E445F46575F53544152543A20666169D3
:10C068006C656420746F207361766520636F6E66FB
:10C0780069670000434D445F5345434F4E445F4654
:10C08800575F53544152543A2063656C6C20256CB9
:10C098007520656E61626C656420666F72206175DB
:10C0A800746F2D757064617465000000556E6B6E59
:10C0B8006F776E20636F6D6D616E643A20307825FE
:10C0C800303258004574684966000000CCC0030847
:10C0D800B1CA010803000000000000005E01000072
:10C0E8000000000000000000443A2F526164696FAC
:10C0F8002F4A6F62652F53544D333246345F426F77
:10C108006F742F45746865726E65745F506F7765DC
:10C11800725F4C6F61645F436F6E74726F6C6C65B5
:10C12800722F436F6E7472726F6C2F436F6E7472DE
:10C138006F6C5F5057522F4C5749502F546172679C
:10C1480065742F65746865726E657469662E630020
:10C158006E6574696620213D204E554C4C000000E8
:10C16800417373657274696F6E202225732220668D
:10C1780061696C6564206174206C696E6520256452
:10C1880020696E2025730A004574684C696E6B003F
:10C1980090C10308A9CD0108FFFF000000000000BE
:10C1A80000010000000000000000000049444C4568
:10C1B80000000000443A2F526164696F2F4A6F6291
:10C1C800652F53544D333246345F426F6F742F4599
:10C1D800746865726E65745F506F7765725F4C6FD7
:10C1E80061645F436F6E74726F6C6C65722F436F1E
:10C1F8006E7472726F6C2F436F6E74726F6C5F50D7
:10C2080057522F4D6964646C6577617265732F545A
:10C21800686972645F50617274792F4C7749502F46
:10C228007372632F6E657469662F65746865726EC4
:10C2380065742E63000000006E657469662D3E68A3
:10C2480077616464725F6C656E206D7573742062CB
:10C2580065203620666F722065746865726E657435
:10C268005F6F757470757421000000004173736509
:10C278007274696F6E2022257322206661696C656D
:10C2880064206174206C696E6520256420696E20C5
:10C2980025730A00443A2F526164696F2F4A6F620E
:10C2A800652F53544D333246345F426F6F742F45B8
:10C2B800746865726E65745F506F7765725F4C6FF6
:10C2C80061645F436F6E74726F6C6C65722F436F3D
:10C2D8006E7472726F6C2F436F6E74726F6C5F50F6
:10C2E80057522F4D6964646C6577617265732F547A
:10C2F800686972645F50617274792F4C7749502F66
:10C308007372632F6170692F6170695F6C69622E47
:10C318006300000066726565696E6720636F6E6E04
:10C3280020776974686F75742066726565696E67D1
:10C338002070636200000000417373657274696F56
:10C348006E2022257322206661696C656420617401
:10C35800206C696E6520256420696E2025730A00AB
:10C36800636F6E6E20686173206E6F2072656376EE
:10C378006D626F7800000000636F6E6E2D3E616322
:10C38800636570746D626F782073686F756C646E26
:10C39800277420657869737400000000636F6E6EFF
:10C3A80020686173206E6F206F705F636F6D706CB3
:10C3B80065746564000000006E6574636F6E6E5F7F
:10C3C800676574616464723A20696E76616C696449
:10C3D80020636F6E6E0000006E6574636F6E6E5F33
:10C3E800676574616464723A20696E76616C696429
:10C3F80020616464720000006E6574636F6E6E5F26
:10C40800676574616464723A20696E76616C696408
:10C4180020706F72740000006E6574636F6E6E5FDB
:10C4280062696E643A20696E76616C696420636F34
:10C438006E6E00006E6574636F6E6E5F62696E6427
:10C448005F69663A20696E76616C696420636F6E15
:10C458006E0000006E6574636F6E6E5F636F6E6E64
:10C468006563743A20696E76616C696420636F6EE7
:10C478006E0000006E6574636F6E6E5F646973634F
:10C488006F6E6E6563743A20696E76616C696420BC
:10C49800636F6E6E000000006E6574636F6E6E5F92
:10C4A8006C697374656E3A20696E76616C69642094
:10C4B800636F6E6E000000006E6574636F6E6E5F72
:10C4C8006163636570743A20696E76616C69642093
:10C4D800706F696E746572006E6574636F6E6E5FFF
:10C4E8006163636570743A20696E76616C69642073
:10C4F800636F6E6E000000006E6574636F6E6E5F32
:10C50800726563763A20696E76616C696420706F33
:10C51800696E7465720000006E6574636F6E6E5F9D
:10C52800726563763A20696E76616C696420636F20
:10C538006E6E000062756620213D204E554C4C0001
:10C548006E6574636F6E6E5F726563765F74637039
:10C558005F706275663A20696E76616C6964206303
:10C568006F6E6E006E6574636F6E6E5F7265637674
:10C578005F7564705F7261775F6E65746275663A45
:10C5880020696E76616C696420636F6E6E000000CE
:10C598007020213D204E554C4C0000006E657463A0
:10C5A8006F6E6E5F73656E643A20696E76616C6952
:10C5B8006420636F6E6E00006E6574636F6E6E5FED
:10C5C80077726974653A20696E76616C6964206374
:10C5D8006F6E6E006E6574636F6E6E5F77726974EE
:10C5E800653A20696E76616C696420636F6E6E2DA2
:10C5F8003E74797065000000646F5F7772697465D6
:10C60800206661696C656420746F2077726974654F
:10C6180020616C6C20627974657300006E657463C8
:10C628006F6E6E5F636C6F73653A20696E76616CCE
:10C63800696420636F6E6E006E6574636F6E6E5F03
:10C64800676574686F737462796E616D653A2069A5
:10C658006E76616C6964206E616D65006E657463E9
:10C668006F6E6E5F676574686F737462796E616D03
:10C67800653A20696E76616C696420616464720051
:10C68800443A2F526164696F2F4A6F62652F535481
:10C698004D333246345F426F6F742F45746865724C
:10C6A8006E65745F506F7765725F4C6F61645F434E
:10C6B8006F6E74726F6C6C65722F436F6E747272EA
:10C6C8006F6C2F436F6E74726F6C5F5057522F4DA3
:10C6D8006964646C6577617265732F546869726404
:10C6E8005F50617274792F4C7749502F7372632FA2
:10C6F8006170692F6170695F6D73672E6300000058
:10C70800756E68616E646C6564206572726F720024
:10C71800417373657274696F6E20222573222066D7
:10C7280061696C6564206174206C696E652025649C
:10C7380020696E2025730A0065727220213D204E03
:10C74800554C4C00726563765F756470206D757327
:10C758007420686176652061207063622061726769
:10C76800756D656E74000000726563765F75647040
:10C77800206D757374206861766520616E20617222
:10C7880067756D656E740000726563765F756470B9
:10C798003A207265637620666F722077726F6E67D3
:10C7A8002070636221000000726563765F746370B5
:10C7B800206D7573742068617665206120706362EE
:10C7C80020617267756D656E74000000726563762E
:10C7D8005F746370206D757374206861766520617D
:10C7E8006E20617267756D656E74000065727220E7
:10C7F800213D204552525F4F4B20756E68616E6433
:10C808006C656400726563765F7463703A20726564
:10C81800637620666F722077726F6E67207063622E
:10C8280021000000636F6E6E20213D204E554C4C58
:10C8380000000000636F6E6E2D3E63757272656E48
:10C84800745F6D736720213D204E554C4C000000ED
:10C85800696E61766C6964206F705F636F6D706C70
:10C86800657465645F73656D00000000636F6E6ECC
:10C878002D3E63757272656E745F6D7367203D3D02
:10C88800204E554C4C000000657870656374206E2E
:10C898006577706362203D3D204E554C4C206F7289
:10C8A80020657272203D3D204552525F4F4B00007B
:10C8B8007063625F6E65773A2070636220616C72A4
:10C8C8006561647920616C6C6F63617465640000F4
:10C8D8006E6574636F6E6E5F616C6C6F633A207522
:10C8E8006E646566696E6564206E6574636F6E6EEE
:10C8F8005F74797065000000504342206D75737451
:10C90800206265206465616C6C6F63617465642086
:10C918006F75747369646520746869732066756ED1
:10C928006374696F6E000000726563766D626F787C
:10C93800206D757374206265206465616C6C6F632B
:10C9480061746564206265666F72652063616C6CF2
:10C95800696E6720746869732066756E6374696FA1
:10C968006E0000006163636570746D626F78206D9E
:10C97800757374206265206465616C6C6F636174A3
:10C988006564206265666F72652063616C6C696EB0
:10C998006720746869732066756E6374696F6E00CA
:10C9A800696E76616C696420636F6E6E00000000CA
:10C9B8007468697320697320666F722074637020CD
:10C9C8006E6574636F6E6E73206F6E6C7900000015
:10C9D800636F6E6E206D75737420626520696E20BA
:10C9E8007374617465204E4554434F4E4E5F434CFB
:10C9F8004F53450070636220616C726561647920F1
:10CA0800636C6F7365640000436C6F73696E6720B5
:10CA180061206C697374656E20706362206D617942
:10CA2800206E6F74206661696C2100006572722047
:10CA3800213D204552525F4F4B0000006E657463E4
:10CA48006F6E6E207374617465206572726F720008
:10CA5800626C6F636B696E6720636F6E6E6563747B
:10CA680020696E2070726F67726573730000000032
:10CA7800616C72656164792077726974696E672088
:10CA88006F7220636C6F73696E67000073746174F2
:10CA980065210000636F6E6E2D3E737461746520AE
:10CAA8003D3D204E4554434F4E4E5F434F4E4E45FD
:10CAB8004354000028636F6E6E2D3E637572726575
:10CAC8006E745F6D736720213D204E554C4C2920B4
:10CAD8007C7C20636F6E6E2D3E696E5F6E6F6E5F3D
:10CAE800626C6F636B696E675F636F6E6E656374AC
:10CAF80000000000626C6F636B696E6720636F6E85
:10CB08006E656374207374617465206572726F72E8
:10CB180000000000496E76616C6964206E6574637C
:10CB28006F6E6E207479706500000000636F6E6E22
:10CB38002D3E7374617465203D3D204E4554434F2E
:10CB48004E4E5F575249544500000000636F6E6EA9
:10CB58002D3E7063622E74637020213D204E554C2B
:10CB68004C000000636F6E6E2D3E63757272656EC9
:10CB7800745F6D73672D3E6D73672E772E6F6666D3
:10CB8800736574203C20636F6E6E2D3E6375727200
:10CB9800656E745F6D73672D3E6D73672E772E6CAF
:10CBA800656E0000636F6E6E2D3E63757272656E02
:10CBB800745F6D73672D3E6D73672E772E76656390
:10CBC800746F725F636E74203E2030006C776970FA
:10CBD8005F6E6574636F6E6E5F646F5F77726974A2
:10CBE800656D6F72653A20696E76616C6964206C58
:10CBF800656E6774682100006D73672D3E6D7367FD
:10CC08002E772E6C656E20213D203000696E76618E
:10CC18006C6964206E6574636F6E6E5F747970659D
:10CC280000000000646F5F676574686F73746279F1
:10CC38006E616D65207374696C6C20696E2070720A
:10CC48006F6772657373212100000000443A2F5208
:10CC58006164696F2F4A6F62652F53544D333246B2
:10CC6800345F426F6F742F45746865726E65745FC8
:10CC7800506F7765725F4C6F61645F436F6E74725B
:10CC88006F6C6C65722F436F6E7472726F6C2F438A
:10CC98006F6E74726F6C5F5057522F4D6964646C7D
:10CCA8006577617265732F54686972645F50617249
:10CCB80074792F4C7749502F7372632F6170692FE5
:10CCC8006E65746275662E63000000006E6574629E
:10CCD80075665F616C6C6F633A20696E76616C692A
:10CCE8006420627566000000417373657274696F31
:10CCF8006E2022257322206661696C656420617448
:10CD0800206C696E6520256420696E2025730A00F1
:10CD1800636865636B2074686174206669727374F4
:10CD280020706275662063616E20686F6C64207382
:10CD3800697A65006E65746275665F667265653AE4
:10CD480020696E76616C6964206275660000000077
:10CD58006E65746275665F7265663A20696E7661A3
:10CD68006C696420627566006E65746275665F63DF
:10CD78006861696E3A20696E76616C6964206865DD
:10CD8800616400006E65746275665F636861696EF0
:10CD98003A20696E76616C6964207461696C000080
:10CDA8006E65746275665F646174613A20696E7657
:10CDB800616C696420627566000000006E657462CB
:10CDC80075665F646174613A20696E76616C696446
:10CDD8002064617461707472000000006E65746292
:10CDE80075665F646174613A20696E76616C696426
:10CDF800206C656E000000006E65746275665F6E7B
:10CE08006578743A20696E76616C6964206275662B
:10CE1800000000006E65746275665F6669727374FF
:10CE28003A20696E76616C6964206275660000005C
:10CE3800443A2F526164696F2F4A6F62652F5354C9
:10CE48004D333246345F426F6F742F457468657294
:10CE58006E65745F506F7765725F4C6F61645F4396
:10CE68006F6E74726F6C6C65722F436F6E74727232
:10CE78006F6C2F436F6E74726F6C5F5057522F4DEB
:10CE88006964646C6577617265732F54686972644C
:10CE98005F50617274792F4C7749502F7372632FEA
:10CEA8006170692F74637069702E630074637069B0
:10CEB800705F7468726561643A20696E76616C6946
:10CEC80064206D6573736167650000004173736565
:10CED8007274696F6E2022257322206661696C6501
:10CEE80064206174206C696E6520256420696E2059
:10CEF80025730A00496E76616C6964206D626F78EB
:10CF0800000000006661696C656420746F206372BC
:10CF1800656174652074637069705F7468726561B7
:10CF280064206D626F7800006661696C65642074C6
:10CF38006F20637265617465206C6F636B5F7463E7
:10CF48007069705F636F72650000000074637069D8
:10CF5800705F74687265616400000000443A2F5283
:10CF68006164696F2F4A6F62652F53544D3332469F
:10CF7800345F426F6F742F45746865726E65745FB5
:10CF8800506F7765725F4C6F61645F436F6E747248
:10CF98006F6C6C65722F436F6E7472726F6C2F4377
:10CFA8006F6E74726F6C5F5057522F4D6964646C6A
:10CFB8006577617265732F54686972645F50617236
:10CFC80074792F4C7749502F7372632F636F726592
:10CFD8002F646E732E630000646E7320736572761F
:10CFE8006572206F7574206F6620617272617900B6
:10CFF800417373657274696F6E20222573222066EF
:10D0080061696C6564206174206C696E65202564B3
:10D0180020696E2025730A00617272617920696E39
:10D02800646578206F7574206F6620626F756E6412
:10D0380073000000756E6B6E6F776E20646E735FA1
:10D048007461626C6520656E7472792073746174A2
:10D05800653A0000443A2F526164696F2F4A6F6243
:10D06800652F53544D333246345F426F6F742F45EA
:10D07800746865726E65745F506F7765725F4C6F28
:10D0880061645F436F6E74726F6C6C65722F436F6F
:10D098006E7472726F6C2F436F6E74726F6C5F5028
:10D0A80057522F4D6964646C6577617265732F54AC
:10D0B800686972645F50617274792F4C7749502F98
:10D0C8007372632F636F72652F6D656D2E63000039
:10D0D800706C75675F686F6C65733A206D656D205D
:10D0E8003E3D2072616D0000417373657274696F13
:10D0F8006E2022257322206661696C656420617444
:10D10800206C696E6520256420696E2025730A00ED
:10D11800706C75675F686F6C65733A206D656D201C
:10D128003C2072616D5F656E64000000706C75670D
:10D138005F686F6C65733A206D656D2D3E7573651C
:10D1480064203D3D20300000706C75675F686F6C2F
:10D1580065733A206D656D2D3E6E657874203C3D93
:10D16800204D454D5F53495A455F414C49474E450F
:10D17800440000006661696C656420746F20637206
:10D1880065617465206D656D5F6D75746578000007
:10D198006D656D5F667265653A2073616E69747955
:10D1A80020636865636B20616C69676E6D656E747A
:10D1B800000000006D656D5F667265653A20696CF8
:10D1C8006C6567616C206D656D6F72790000000099
:10D1D8006D656D5F667265653A20696C6C6567613F
:10D1E8006C206D656D6F72793A20646F75626C653D
:10D1F80020667265650000006D656D5F6672656525
:10D208003A20696C6C6567616C206D656D6F727929
:10D218003A206E6F6E2D6C696E6B65643A20646F90
:10D2280075626C6520667265650000006D656D5FEE
:10D238007472696D3A206C6567616C206D656D6FFD
:10D24800727900006D656D5F7472696D2063616E3F
:10D25800206F6E6C7920736872696E6B206D656DD6
:10D268006F727900696E76616C6964206E65787496
:10D2780020707472000000006D656D5F6D616C6CEC
:10D288006F633A20216C667265652D3E757365641F
:10D29800000000006D656D5F6D616C6C6F633A2016
:10D2A800616C6C6F6361746564206D656D6F727914
:10D2B800206E6F742061626F76652072616D5F65A4
:10D2C8006E642E006D656D5F6D616C6C6F633A20E6
:10D2D800616C6C6F6361746564206D656D6F7279E4
:10D2E8002070726F7065726C7920616C69676E6509
:10D2F800642E00006D656D5F6D616C6C6F633A2024
:10D3080073616E69747920636865636B20616C6909
:10D31800676E6D656E740000443A2F526164696FE0
:10D328002F4A6F62652F53544D333246345F426F34
:10D338006F742F45746865726E65745F506F77659A
:10D34800725F4C6F61645F436F6E74726F6C6C6573
:10D35800722F436F6E7472726F6C2F436F6E74729C
:10D368006F6C5F5057522F4D6964646C65776172BA
:10D3780065732F54686972645F50617274792F4CB9
:10D388007749502F7372632F636F72652F6D656DC8
:10D39800702E63006D656D705F6D616C6C6F633AC4
:10D3A800206D656D702070726F7065726C79206188
:10D3B8006C69676E65640000417373657274696FA8
:10D3C8006E2022257322206661696C656420617471
:10D3D800206C696E6520256420696E2025730A001B
:10D3E800696E76616C696420706F6F6C2064657318
:10D3F800630000006D656D705F6D616C6C6F633A02
:10D408002074797065203C204D454D505F4D415842
:10D41800000000006D656D705F667265653A206D8D
:10D42800656D2070726F7065726C7920616C6967C8
:10D438006E6564006D656D705F667265653A20742F
:10D44800797065203C204D454D505F4D4158000096
:10D45800443A2F526164696F2F4A6F62652F5354A3
:10D468004D333246345F426F6F742F45746865726E
:10D478006E65745F506F7765725F4C6F61645F4370
:10D488006F6E74726F6C6C65722F436F6E7472720C
:10D498006F6C2F436F6E74726F6C5F5057522F4DC5
:10D4A8006964646C6577617265732F546869726426
:10D4B8005F50617274792F4C7749502F7372632FC4
:10D4C800636F72652F6E657469662E6300000000D5
:10D4D8006E657469665F696E7075743A20696E76F8
:10D4E800616C696420706275660000004173736541
:10D4F8007274696F6E2022257322206661696C65DB
:10D5080064206174206C696E6520256420696E2032
:10D5180025730A006E657469665F696E7075743A82
:10D5280020696E76616C6964206E657469660000B6
:10D538006E657469665F6164643A20696E76616CD1
:10D548006964206E65746966000000006E65746920
:10D55800665F6164643A204E6F20696E6974206664
:10D56800756E6374696F6E20676976656E0000007A
:10D578006E6574696620616C7265616479206164A6
:10D5880064656400746F6F206D616E79206E6574D8
:10D598006966732C206D61782E20737570706F72B8
:10D5A800746564206E756D6265722069732032350A
:10D5B80035000000696E76616C696420706F696E71
:10D5C800746572006E657469665F7365745F69700F
:10D5D800616464723A20696E76616C6964206E6574
:10D5E800746966006E657469665F7365745F6E65FD
:10D5F800746D61736B3A20696E76616C6964206E34
:10D6080065746966000000006E657469665F73651D
:10D61800745F67773A20696E76616C6964206E651D
:10D62800746966006E657469665F7365745F7570AA
:10D638003A20696E76616C6964206E65746966006B
:10D648006E657469665F69737375655F7265706F1F
:10D658007274733A20696E76616C6964206E6574C1
:10D66800696600006E657469665F7365745F646FF0
:10D67800776E3A20696E76616C6964206E657469AC
:10D68800660000006E657469665F7365745F6C6937
:10D698006E6B5F75703A20696E76616C6964206E96
:10D6A80065746966000000006E657469665F73657D
:10D6B800745F6C696E6B5F646F776E3A20696E7623
:10D6C800616C6964206E65746966000063616C6CE6
:10D6D8006261636B206D75737420626520213D2043
:10D6E8004E554C4C00000000666E206D757374201A
:10D6F800626520213D204E554C4C00006C617374CE
:10D7080020213D204E554C4C000000006E65746988
:10D7180066206D75737420626520213D204E554C3E
:10D728004C000000443A2F526164696F2F4A6F62BF
:10D73800652F53544D333246345F426F6F742F4513
:10D74800746865726E65745F506F7765725F4C6F51
:10D7580061645F436F6E74726F6C6C65722F436F98
:10D768006E7472726F6C2F436F6E74726F6C5F5051
:10D7780057522F4D6964646C6577617265732F54D5
:10D78800686972645F50617274792F4C7749502FC1
:10D798007372632F636F72652F706275662E6300F4
:10D7A800706275665F616C6C6F633A207062756653
:10D7B80020712D3E7061796C6F61642070726F709A
:10D7C80065726C7920616C69676E656400000000A1
:10D7D800417373657274696F6E2022257322206607
:10D7E80061696C6564206174206C696E65202564CC
:10D7F80020696E2025730A00504255465F504F4FEE
:10D808004C5F42554653495A45206D7573742062E2
:10D818006520626967676572207468616E204D458E
:10D828004D5F414C49474E4D454E540070627566F8
:10D838005F616C6C6F633A20706275662D3E706133
:10D84800796C6F61642070726F7065726C79206199
:10D858006C69676E65640000706275665F616C6C08
:10D868006F633A206572726F6E656F757320747995
:10D8780070650000696E76616C6964207062756617
:10D888005F74797065000000706275665F7265612B
:10D898006C6C6F633A207020213D204E554C4C0033
:10D8A800706275665F7265616C6C6F633A20712097
:10D8B800213D204E554C4C006D656D5F7472696D4D
:10D8C8002072657475726E65642071203D3D204E2E
:10D8D800554C4C007020213D204E554C4C0000000A
:10D8E800696E6372656D656E745F6D61676E69748C
:10D8F800756465203C3D20702D3E6C656E0000000F
:10D90800706275665F667265653A20702D3E726555
:10D9180066203E203000000070632D3E63757374EE
:10D928006F6D5F667265655F66756E6374696F6E4D
:10D9380020213D204E554C4C00000000696E766158
:10D948006C696420706275662074797065000000E7
:10D958007062756620726566206F766572666C6F98
:10D9680077000000286820213D204E554C4C292086
:10D97800262620287420213D204E554C4C2920284D
:10D9880070726F6772616D6D65722076696F6C6118
:10D99800746573204150492900000000702D3E74C1
:10D9A8006F745F6C656E203D3D20702D3E6C656E1A
:10D9B80020286F66206C6173742070627566206918
:10D9C8006E20636861696E2900000000702D3E6E4C
:10D9D800657874203D3D204E554C4C00702D3E74AA
:10D9E8006F745F6C656E203D3D20702D3E6C656EDA
:10D9F800202B20712D3E746F745F6C656E000000E3
:10DA0800702D3E746F745F6C656E203D3D20702DE7
:10DA18003E6C656E00000000706275665F636F7033
:10DA2800793A20746172676574206E6F7420626938
:10DA38006720656E6F75676820746F20686F6C6407
:10DA480020736F75726365006F66667365745F74C3
:10DA58006F203C3D20705F746F2D3E6C656E00003A
:10DA68006F66667365745F66726F6D203C3D2070EB
:10DA78005F66726F6D2D3E6C656E0000705F746F2F
:10DA880020213D204E554C4C000000007062756608
:10DA98005F636F7079282920646F6573206E6F74D7
:10DAA80020616C6C6F77207061636B657420717591
:10DAB8006575657321000000706275665F636F703D
:10DAC800795F7061727469616C3A20696E76616C15
:10DAD8006964206275660000706275665F636F70C6
:10DAE800795F7061727469616C3A20696E76616CF5
:10DAF8006964206461746170747200007062756694
:10DB08005F6765745F636F6E746967756F75733A85
:10DB180020696E76616C6964206275660000000099
:10DB2800706275665F6765745F636F6E7469677549
:10DB38006F75733A20696E76616C696420646174EC
:10DB48006170747200000000706275665F74616BCA
:10DB5800653A20696E76616C6964206275660000BA
:10DB6800706275665F74616B653A20696E76616C88
:10DB78006964206461746170747200007062756613
:10DB88005F74616B653A20627566206E6F74206CF5
:10DB98006172676520656E6F75676800706275668B
:10DBA8005F74616B653A20696E76616C6964207098
:10DBB80062756600646964206E6F7420636F7079A3
:10DBC80020616C6C206461746100000063686563A7
:10DBD8006B20706275665F736B6970207265737510
:10DBE8006C740000706275665F636F70792066619F
:10DBF800696C656400000000434C4F5345440000C5
:10DC08004C495354454E000053594E5F53454E54AA
:10DC18000000000053594E5F524356440000000074
:10DC280045535441424C49534845440046494E5F88
:10DC3800574149545F31000046494E5F57414954A6
:10DC48005F320000434C4F53455F57414954000031
:10DC5800434C4F53494E47004C4153545F41434B4B
:10DC68000000000054494D455F57414954000000E9
:10DC7800443A2F526164696F2F4A6F62652F53547B
:10DC88004D333246345F426F6F742F457468657246
:10DC98006E65745F506F7765725F4C6F61645F4348
:10DCA8006F6E74726F6C6C65722F436F6E747272E4
:10DCB8006F6C2F436F6E74726F6C5F5057522F4D9D
:10DCC8006964646C6577617265732F5468697264FE
:10DCD8005F50617274792F4C7749502F7372632F9C
:10DCE800636F72652F7463702E6300007463705FD6
:10DCF800667265653A204C495354454E0000000051
:10DD0800417373657274696F6E20222573222066D1
:10DD180061696C6564206174206C696E6520256496
:10DD280020696E2025730A007463705F66726565EA
:10DD38005F6C697374656E3A20214C495354454EA3
:10DD4800000000007463705F72656D6F76655F6CCC
:10DD5800697374656E65723A20696E76616C696480
:10DD6800206C697374656E657200000070636220D0
:10DD7800213D204E554C4C007063622D3E737461FA
:10DD88007465203D3D204C495354454E0000000029
:10DD98007463705F636C6F73655F73687574646FC9
:10DDA800776E3A20696E76616C69642070636200F0
:10DDB8007063622D3E666C61677320262054465F4F
:10DDC8005258434C4F534544000000007463705F41
:10DDD800636C6F73653A20696E76616C6964207054
:10DDE800636200007463705F73687574646F776E44
:10DDF8003A20696E76616C69642070636200000085
:10DE08007463705F6162616E646F6E3A20696E76EA
:10DE1800616C69642070636200000000646F6E27A3
:10DE2800742063616C6C207463705F61626F7274DC
:10DE38002F7463705F6162616E646F6E20666F72CB
:10DE4800206C697374656E2D706362730000000046
:10DE58007463705F62696E643A20696E76616C699A
:10DE680064207063620000007463705F62696E64AE
:10DE78003A2063616E206F6E6C792062696E64204F
:10DE8800696E20737461746520434C4F5345440098
:10DE98007463705F6163636570745F6E756C6C3A10
:10DEA80020696E76616C696420706362000000000E
:10DEB8007463705F6C697374656E5F776974685FAB
:10DEC8006261636B6C6F675F616E645F6572723A03
:10DED80020696E76616C69642070636200000000DE
:10DEE8007463705F6C697374656E5F776974685F7B
:10DEF8006261636B6C6F675F616E645F6572723AD3
:10DF08002070636220616C726561647920636F6E52
:10DF18006E656374656400007463705F7570646136
:10DF280074655F7263765F616E6E5F776E643A20C8
:10DF3800696E76616C696420706362006E65775FF4
:10DF48007263765F616E6E5F776E64203C3D203051
:10DF580078666666660000007463705F7265637653
:10DF680065643A20696E76616C696420706362004A
:10DF7800646F6E27742063616C6C207463705F72C9
:10DF8800656376656420666F72206C697374656E6C
:10DF98002D706362730000007463705F636F6E6E50
:10DFA8006563743A20696E76616C69642070636297
:10DFB800000000007463705F636F6E6E6563743A8F
:10DFC80020696E76616C69642069706164647200AE
:10DFD8007463705F636F6E6E6563743A2063616E1D
:10DFE800206F6E6C7920636F6E6E65637420667245
:10DFF8006F6D20737461746520434C4F5345440022
:10E008007463705F736C6F77746D723A20616374B8
:10E01800697665207063622D3E7374617465202192
:10E028003D20434C4F5345440A0000007463705F21
:10E03800736C6F77746D723A2061637469766520CA
:10E048007063622D3E737461746520213D204C49D4
:10E058005354454E0A0000007463705F736C6F7709
:10E06800746D723A20616374697665207063622DFD
:10E078003E737461746520213D2054494D452D57E8
:10E088004149540A000000007463705F736C6F7735
:10E0980074696D723A20706572736973742074695B
:10E0A800636B696E67207769746820696E2D666C8A
:10E0B8006967687420646174610000007463705F4C
:10E0C800736C6F7774696D723A20706572736973D7
:10E0D80074207469636B696E67207769746820655A
:10E0E8006D7074792073656E6420627566666572FA
:10E0F800000000007463705F736C6F77746D723A20
:10E10800206D6964646C652074637020213D2074FF
:10E1180063705F6163746976655F70636273000042
:10E128007463705F736C6F77746D723A206669728E
:10E13800737420706362203D3D207463705F616377
:10E14800746976655F706362730000007463705F62
:10E15800736C6F77746D723A2054494D452D574151
:10E168004954207063622D3E7374617465203D3D8F
:10E178002054494D452D5741495400007463705F40
:10E18800736C6F77746D723A206D6964646C652086
:10E1980074637020213D207463705F74775F7063CF
:10E1A800627300007463705F736C6F77746D723A9A
:10E1B80020666972737420706362203D3D20746329
:10E1C800705F74775F706362730000007463705FE0
:10E1D80070726F636573735F726566757365645F8C
:10E1E800646174613A20696E76616C696420706359
:10E1F800620000007463705F7365747072696F3ACF
:10E2080020696E76616C69642070636200000000AA
:10E218007463705F7365675F636F70793A20696EC6
:10E2280076616C6964207365670000007463705FD1
:10E23800726563765F6E756C6C3A20696E76616C98
:10E248006964207063620000696E76616C6964209D
:10E258007374617465000000696E76616C6964208E
:10E26800736F636B657420737461746520666F7275
:10E2780020726563762063616C6C6261636B000079
:10E28800696E76616C696420736F636B6574207363
:10E298007461746520666F722073656E74206361A3
:10E2A8006C6C6261636B0000696E76616C696420F6
:10E2B800736F636B657420737461746520666F7225
:10E2C800206572722063616C6C6261636B00000090
:10E2D8007463705F706F6C6C3A20696E76616C69FC
:10E2E8006420706362000000696E76616C69642066
:10E2F800736F636B657420737461746520666F72E5
:10E3080020706F6C6C0000007463705F7063625FF4
:10E3180070757267653A20696E76616C6964207001
:10E32800636200007463705F7063625F72656D6F33
:10E3380076653A20696E76616C6964207063620064
:10E348007463705F7063625F72656D6F76653A20A3
:10E35800696E76616C6964207063626C69737400BD
:10E36800756E73656E74207365676D656E74732062
:10E378006C65616B696E6700756E61636B656420BF
:10E388007365676D656E7473206C65616B696E6724
:10E39800000000006F6F736571207365676D656EAF
:10E3A8007473206C65616B696E6700007463705FDD
:10E3B8006E6578745F6973733A20696E76616C690B
:10E3C80064207063620000007463705F6566665F56
:10E3D80073656E645F6D73735F6E657469663A200A
:10E3E800696E76616C6964206473745F697000009B
:10E3F8007463705F6E657469665F69705F61646499
:10E40800725F6368616E6765645F7063626C69738D
:10E41800743A20696E76616C6964206F6C645F6120
:10E4280064647200443A2F526164696F2F4A6F62C4
:10E43800652F53544D333246345F426F6F742F4506
:10E44800746865726E65745F506F7765725F4C6F44
:10E4580061645F436F6E74726F6C6C65722F436F8B
:10E468006E7472726F6C2F436F6E74726F6C5F5044
:10E4780057522F4D6964646C6577617265732F54C8
:10E48800686972645F50617274792F4C7749502FB4
:10E498007372632F636F72652F7463705F696E2E7A
:10E4A800630000007463705F696E7075743A206968
:10E4B8006E76616C6964207062756600417373657D
:10E4C8007274696F6E2022257322206661696C65FB
:10E4D80064206174206C696E6520256420696E2053
:10E4E80025730A00702D3E6E65787420213D204EFC
:10E4F800554C4C00702D3E6C656E203D3D20300023
:10E50800702D3E746F745F6C656E203D3D20702DDC
:10E518003E6E6578742D3E746F745F6C656E000096
:10E528007463705F696E7075743A2061637469769C
:10E5380065207063622D3E737461746520213D20EF
:10E54800434C4F53454400007463705F696E7075A7
:10E55800743A20616374697665207063622D3E7336
:10E568007461746520213D2054494D452D5741491A
:10E57800540000007463705F696E7075743A2061AE
:10E588006374697665207063622D3E737461746587
:10E5980020213D204C495354454E00007463705F60
:10E5A800696E7075743A207063622D3E6E6578747A
:10E5B80020213D2070636220286265666F726520A5
:10E5C80063616368652900007463705F696E7075C4
:10E5D800743A207063622D3E6E65787420213D2068
:10E5E8007063622028616674657220636163686580
:10E5F800290000007463705F696E7075743A205466
:10E60800494D452D57414954207063622D3E73741E
:10E61800617465203D3D2054494D452D574149546D
:10E62800000000007063622D3E7265667573656454
:10E638005F64617461203D3D204E554C4C000000E4
:10E648007463705F696E7075745F64656C61796519
:10E65800645F636C6F73653A20696E76616C696498
:10E6680020706362000000007463705F6C697374EB
:10E67800656E5F696E7075743A20696E76616C6953
:10E6880064207063620000007463705F74696D6574
:10E69800776169745F696E7075743A20696E766126
:10E6A8006C696420706362007463705F70726F637A
:10E6B8006573733A20696E76616C69642070636271
:10E6C800000000007463705F696E7075743A2070A2
:10E6D80063622D3E737461746520213D20434C4F65
:10E6E800534544007063622D3E736E645F717565B7
:10E6F80075656C656E203E20300000006E6F2073DB
:10E7080065676D656E7420746F20667265650000BC
:10E718007063622D3E6C697374656E65722D3E611F
:10E72800636365707420213D204E554C4C000000F9
:10E738007463705F6F6F735F696E736572745F7314
:10E7480065676D656E743A20696E76616C696420E0
:10E7580063736567000000007063622D3E736E642A
:10E768005F71756575656C656E203E3D20706275DC
:10E77800665F636C656E286E6578742D3E7029003F
:10E788007463705F726563656976653A2076616C5B
:10E798006964207175657565206C656E67746800BD
:10E7A8007463705F726563656976653A20696E7631
:10E7B800616C696420706362000000007463705FBC
:10E7C800726563656976653A2077726F6E67207344
:10E7D8007461746500000000756E61636B656400A8
:10E7E800756E73656E740000696E7365672E7020B0
:10E7F800213D204E554C4C00696E73616E65206F4B
:10E8080066667365742100007062756620746F6FA8
:10E818002073686F727421007463705F726563653A
:10E828006976653A207365676D656E74206E6F74DE
:10E83800207472696D6D656420636F7272656374AC
:10E848006C7920746F207263765F776E640A0000BB
:10E858007463705F726563656976653A207365678E
:10E868006D656E74206E6F74207472696D6D656469
:10E8780020636F72726563746C7920746F206F6F98
:10E888007365712071756575650A00007463705F42
:10E89800726563656976653A207463706C656E208D
:10E8A8003E207263765F776E640A00007463705F5F
:10E8B800726563656976653A206F6F736571207458
:10E8C80063706C656E203E207263765F776E640AB3
:10E8D800000000007463705F70617273656F70741C
:10E8E8003A20696E76616C6964207063620000008A
:10E8F800443A2F526164696F2F4A6F62652F5354EF
:10E908004D333246345F426F6F742F4574686572B9
:10E918006E65745F506F7765725F4C6F61645F43BB
:10E928006F6E74726F6C6C65722F436F6E74727257
:10E938006F6C2F436F6E74726F6C5F5057522F4D10
:10E948006964646C6577617265732F546869726471
:10E958005F50617274792F4C7749502F7372632F0F
:10E96800636F72652F7463705F6F75742E63000038
:10E978007463705F6372656174655F7365676D6505
:10E988006E743A20696E76616C6964207063620007
:10E99800417373657274696F6E2022257322206635
:10E9A80061696C6564206174206C696E65202564FA
:10E9B80020696E2025730A007463705F6372656155
:10E9C80074655F7365676D656E743A20696E76610C
:10E9D8006C6964207062756600000000702D3E74DA
:10E9E8006F745F6C656E203E3D206F70746C656E51
:10E9F800000000007463705F706275665F70726516
:10EA0800616C6C6F633A20696E76616C6964206F23
:10EA180076657273697A65007463705F7062756693
:10EA28005F707265616C6C6F633A20696E76616CB9
:10EA380069642070636200006E65656420756E63AA
:10EA48006861696E65642070627566007463705FE2
:10EA580077726974655F636865636B733A20696E82
:10EA680076616C6964207063620000007463705F93
:10EA780077726974653A207062756673206F6E20CC
:10EA88007175657565203D3E206174206C65617304
:10EA980074206F6E65207175657565206E6F6E2DBB
:10EAA800656D7074790000007463705F77726974C3
:10EAB800653A206E6F207062756673206F6E2071E4
:10EAC80075657565203D3E20626F746820717565B7
:10EAD80075657320656D7074790000007463705FEC
:10EAE80077726974653A20696E76616C6964207022
:10EAF800636200007463705F77726974653A2061BD
:10EB08007267203D3D204E554C4C202870726F672F
:10EB180072616D6D65722076696F6C6174657320C2
:10EB280041504929000000006D73735F6C6F636189
:10EB38006C20697320746F6F20736D616C6C0000BA
:10EB4800696E636F6E73697374656E74206F766532
:10EB58007273697A652076732E207370616365001D
:10EB6800696E636F6E73697374656E74206F766512
:10EB78007273697A652076732E206C656E000000CA
:10EB88007463705F77726974653A20524F4D2070D4
:10EB9800627566732063616E6E6F74206265206FA4
:10EBA80076657273697A656400000000756E736536
:10EBB8006E745F6F76657273697A65206D69736DBF
:10EBC8006174636820287063622D3E756E73656E8C
:10EBD80074206973204E554C4C2900007463705F93
:10EBE80077726974653A20636865636B207468613D
:10EBF8007420666972737420706275662063616E32
:10EC080020686F6C642074686520636F6D706C6534
:10EC18007465207365676C656E0000006F766572B9
:10EC280073697A65203D3D2030000000707265767A
:10EC38005F73656720213D204E554C4C0000000055
:10EC48007463705F77726974653A2063616E6E6F82
:10EC58007420636F6E636174656E61746520776894
:10EC6800656E207063622D3E756E73656E742069E3
:10EC78007320656D707479007463705F777269745E
:10EC8800653A20657874656E73696F6E206F6620CB
:10EC98007265666572656E63652072657175697205
:10ECA8006573207265666572656E636500000000B5
:10ECB8007463705F77726974653A2076616C696411
:10ECC800207175657565206C656E67746800000055
:10ECD8007463705F73706C69745F756E73656E745E
:10ECE8005F7365673A20696E76616C69642070634A
:10ECF8006200000043616E27742073706C69742091
:10ED08007365676D656E7420696E746F206C656ECF
:10ED1800677468203000000073706C6974203C3D93
:10ED2800206D737300000000757365672D3E6C6578
:10ED38006E203E2030000000736567203D3D204E68
:10ED4800554C4C007463705F73656E645F66696EE2
:10ED58003A20696E76616C69642070636200000015
:10ED68007463705F656E71756575655F666C616704
:10ED7800733A206E6565642065697468657220540D
:10ED880043505F53594E206F72205443505F464999
:10ED98004E20696E20666C616773202870726F67F9
:10EDA80072616D6D65722076696F6C617465732030
:10EDB80041504929000000007463705F656E7175E9
:10EDC8006575655F666C6167733A20696E76616C1C
:10EDD80069642070636200007463705F656E7175AA
:10EDE8006575655F666C6167733A20636865636B18
:10EDF8002074686174206669727374207062756625
:10EE08002063616E20686F6C64206F70746C656E2F
:10EE1800000000007365672D3E746370686472209B
:10EE28006E6F7420616C69676E6564007463705FEF
:10EE3800656E71756575655F666C6167733A2069A3
:10EE48006E76616C6964207365676D656E74206C9D
:10EE5800656E6774680000007463705F656E717535
:10EE68006575655F666C6167733A20696E76616C7B
:10EE78006964207175657565206C656E67746800D6
:10EE88007463705F6F75747075743A20696E76611B
:10EE98006C69642070636200646F6E27742063611C
:10EEA8006C6C207463705F6F757470757420666F16
:10EEB80072206C697374656E2D7063627300000054
:10EEC800525354206E6F742065787065637465645E
:10EED80020686572652100007463705F6F757470D7
:10EEE80075745F7365676D656E745F627573793A83
:10EEF80020696E76616C69642073656700000000A4
:10EF08007463705F6F75747075745F7365676D6532
:10EF18006E743A20696E76616C6964207365670067
:10EF28007463705F6F75747075745F7365676D6512
:10EF38006E743A20696E76616C6964207063620051
:10EF48007463705F6F75747075745F7365676D65F2
:10EF58006E743A20696E76616C6964206E657469B6
:10EF6800660000006F7074696F6E73206E6F742096
:10EF780066696C6C656400007463705F7265786DB7
:10EF880069745F72746F5F707265706172653A2040
:10EF9800696E76616C696420706362007463705F87
:10EFA8007265786D69745F72746F5F636F6D6D6998
:10EFB800743A20696E76616C69642070636200003F
:10EFC8007463705F7265786D69745F72746F3A20EC
:10EFD800696E76616C696420706362007463705F47
:10EFE8007265786D69743A20696E76616C6964201F
:10EFF800706362007463705F7265786D69745F66D0
:10F008006173743A20696E76616C6964207063621A
:10F0180000000000636865636B2074686174206693
:10F028006972737420706275662063616E20686F00
:10F038006C6420737472756374207463705F6864A1
:10F04800720000007463705F6F75747075745F612F
:10F058006C6C6F635F6865616465723A20696E768F
:10F06800616C696420706362000000007463705F03
:10F078006F75747075745F66696C6C5F6F707469B6
:10F088006F6E733A20696E76616C69642070627580
:10F09800660000007463705F6F75747075745F63E9
:10F0A8006F6E74726F6C5F7365676D656E743A200E
:10F0B800696E76616C696420706275660000000094
:10F0C8007463705F7273743A20696E76616C6964F8
:10F0D800206C6F63616C5F69700000007463705F1F
:10F0E8007273743A20696E76616C69642072656D1A
:10F0F8006F74655F697000007463705F73656E6438
:10F108005F656D7074795F61636B3A20696E7661D3
:10F118006C696420706362007463705F6B6565700E
:10F12800616C6976653A20696E76616C69642070F5
:10F13800636200007463705F7A65726F5F77696EEF
:10F14800646F775F70726F62653A20696E76616C82
:10F158006964207063620000443A2F526164696FE9
:10F168002F4A6F62652F53544D333246345F426FD6
:10F178006F742F45746865726E65745F506F77653C
:10F18800725F4C6F61645F436F6E74726F6C6C6515
:10F19800722F436F6E7472726F6C2F436F6E74723E
:10F1A8006F6C5F5057522F4D6964646C657761725C
:10F1B80065732F54686972645F50617274792F4C5B
:10F1C8007749502F7372632F636F72652F74696D5F
:10F1D800656F7574732E63007379735F74696D65F9
:10F1E8006F75743A2074696D656F757420213D20C0
:10F1F8004E554C4C2C20706F6F6C204D454D505F18
:10F208005359535F54494D454F55542069732065F0
:10F218006D70747900000000417373657274696FD2
:10F228006E2022257322206661696C6564206174F2
:10F23800206C696E6520256420696E2025730A009C
:10F2480054696D656F75742074696D6520746F6F8E
:10F25800206C6F6E672C206D6178206973204C5785
:10F2680049505F55494E5433325F4D41582F342031
:10F278006D73656373000000696E76616C69642064
:10F28800736C65657074696D65000000443A2F52AF
:10F298006164696F2F4A6F62652F53544D3332464C
:10F2A800345F426F6F742F45746865726E65745F62
:10F2B800506F7765725F4C6F61645F436F6E7472F5
:10F2C8006F6C6C65722F436F6E7472726F6C2F4324
:10F2D8006F6E74726F6C5F5057522F4D6964646C17
:10F2E8006577617265732F54686972645F506172E3
:10F2F80074792F4C7749502F7372632F636F72653F
:10F308002F7564702E6300007564705F696E707588
:10F31800745F6C6F63616C5F6D617463683A2069D8
:10F328006E76616C69642070636200004173736576
:10F338007274696F6E2022257322206661696C657C
:10F3480064206174206C696E6520256420696E20D4
:10F3580025730A007564705F696E7075745F6C6FF1
:10F3680063616C5F6D617463683A20696E76616C85
:10F378006964206E65746966000000007564705FDA
:10F38800696E7075743A20696E76616C6964207074
:10F39800627566007564705F696E7075743A20698D
:10F3A8006E76616C6964206E6574696600000000A1
:10F3B800706275665F72656D6F76655F68656164BA
:10F3C8006572206661696C65640A00007564705F27
:10F3D80073656E643A20696E76616C696420706347
:10F3E800620000007564705F73656E643A20696E30
:10F3F80076616C6964207062756600007564705F80
:10F4080073656E64746F3A20696E76616C69642006
:10F41800706362007564705F73656E64746F3A2020
:10F42800696E76616C696420706275660000000020
:10F438007564705F73656E64746F3A20696E766187
:10F448006C6964206473745F697000007564705F30
:10F4580073656E64746F5F69663A20696E76616C75
:10F4680069642070636200007564705F73656E6420
:10F47800746F5F69663A20696E76616C69642070A2
:10F48800627566007564705F73656E64746F5F693A
:10F49800663A20696E76616C6964206473745F698A
:10F4A800700000007564705F73656E64746F5F69E7
:10F4B800663A20696E76616C6964206E6574696667
:10F4C800000000007564705F73656E64746F5F6937
:10F4D800665F7372633A20696E76616C6964207046
:10F4E800636200007564705F73656E64746F5F6952
:10F4F800665F7372633A20696E76616C6964207026
:10F50800627566007564705F73656E64746F5F69B9
:10F51800665F7372633A20696E76616C6964206411
:10F5280073745F69700000007564705F73656E6462
:10F53800746F5F69665F7372633A20696E76616C97
:10F548006964207372635F69700000007564705F9E
:10F5580073656E64746F5F69665F7372633A20697E
:10F568006E76616C6964206E6574696600000000DF
:10F57800636865636B20746861742066697273746C
:10F5880020706275662063616E20686F6C642073FA
:10F598007472756374207564705F6864720000002B
:10F5A8007564705F62696E643A20696E76616C6931
:10F5B80064207063620000007564705F636F6E6E34
:10F5C8006563743A20696E76616C69642070636261
:10F5D800000000007564705F636F6E6E6563743A57
:10F5E80020696E76616C6964206970616464720078
:10F5F8007564705F646973636F6E6E6563743A20D7
:10F60800696E76616C696420706362007564705F0E
:10F61800726563763A20696E76616C6964207063FE
:10F62800620000007564705F72656D6F76653A20E0
:10F63800696E76616C69642070636200443A2F5287
:10F648006164696F2F4A6F62652F53544D33324698
:10F65800345F426F6F742F45746865726E65745FAE
:10F66800506F7765725F4C6F61645F436F6E747241
:10F678006F6C6C65722F436F6E7472726F6C2F4370
:10F688006F6E74726F6C5F5057522F4D6964646C63
:10F698006577617265732F54686972645F5061722F
:10F6A80074792F4C7749502F7372632F636F72658B
:10F6B8002F697076342F646863702E630000000031
:10F6C800646863705F696E635F7063625F726566CA
:10F6D800636F756E7428293A206D656D6F72792095
:10F6E8006C65616B00000000417373657274696F2B
:10F6F8006E2022257322206661696C65642061741E
:10F70800206C696E6520256420696E2025730A00C7
:10F71800646863705F7063625F726566636F756E5D
:10F728007428293A20726566636F756E7420657255
:10F73800726F7200646863705F73656C6563743AB6
:10F74800206E6574696620213D204E554C4C0000A2
:10F75800646863705F73656C6563743A206468639A
:10F768007020213D204E554C4C0000006E65746998
:10F778006620213D204E554C4C00000064686370A3
:10F7880020213D204E554C4C000000006E657469E8
:10F798006620616C726561647920686173206120FC
:10F7A8007374727563742064686370207365740081
:10F7B8006E65746966206973206E6F742075702C8D
:10F7C800206F6C64207374796C6520706F72743F5D
:10F7D80000000000696E76616C696420646863707B
:10F7E8002D3E737461746500646863705F62696E4E
:10F7F800643A206E6574696620213D204E554C4C54
:10F8080000000000646863705F62696E643A206497
:10F8180068637020213D204E554C4C00646863702D
:10F828005F6F7074696F6E3A206F7074696F6E7372
:10F838005F6F75745F6C656E202B2032202B206FF4
:10F848007074696F6E5F6C656E203C3D2044484360
:10F85800505F4F5054494F4E535F4C454E00000087
:10F86800646863705F6F7074696F6E5F62797465E6
:10F878003A206F7074696F6E735F6F75745F6C6533
:10F888006E203C20444843505F4F5054494F4E53DC
:10F898005F4C454E00000000646863705F6F7074D1
:10F8A800696F6E5F73686F72743A206F7074696FF6
:10F8B8006E735F6F75745F6C656E202B2032203C11
:10F8C8003D20444843505F4F5054494F4E535F4C7E
:10F8D800454E0000646863705F6F7074696F6E5F97
:10F8E8006C6F6E673A206F7074696F6E735F6F75B7
:10F8F800745F6C656E202B2034203C3D20444843C7
:10F90800505F4F5054494F4E535F4C454E000000D6
:10F918006C656E203D3D2034000000006C656E2053
:10F928003E3D206465636F64655F6C656E00000032
:10F938006C656E2025252034203D3D2030000000D8
:10F948006C656E203D3D2031000000006F766572C9
:10F958006C6F616420696E2066696C652F736E61D7
:10F968006D650000636865636B206465636F64653B
:10F978005F696478000000006465636F64655F6CAC
:10F98800656E2025252034203D3D203000000000F4
:10F99800696E76616C6964206465636F64655F6C29
:10F9A800656E00006E6578742070627566207761F8
:10F9B80073206E756C6C0000646863705F637265B9
:10F9C8006174655F6D73673A206E6574696620219E
:10F9D8003D204E554C4C0000646863705F6372654F
:10F9E8006174655F6D73673A206468637020213DB8
:10F9F800204E554C4C000000646863705F6372656C
:10FA08006174655F6D73673A20636865636B207422
:10FA18006861742066697273742070627566206309
:10FA2800616E20686F6C64207374727563742064EF
:10FA38006863705F6D736700443A2F526164696F41
:10FA48002F4A6F62652F53544D333246345F426FED
:10FA58006F742F45746865726E65745F506F776553
:10FA6800725F4C6F61645F436F6E74726F6C6C652C
:10FA7800722F436F6E7472726F6C2F436F6E747255
:10FA88006F6C5F5057522F4D6964646C6577617273
:10FA980065732F54686972645F50617274792F4C72
:10FAA8007749502F7372632F636F72652F69707671
:10FAB800342F6574686172702E630000737461740A
:10FAC80065203D3D204554484152505F53544154B0
:10FAD800455F50454E44494E47207C7C20737461F5
:10FAE8007465203E3D204554484152505F5354416F
:10FAF80054455F535441424C4500000041737365BF
:10FB08007274696F6E2022257322206661696C65A4
:10FB180064206174206C696E6520256420696E20FC
:10FB280025730A006172705F7461626C655B695D60
:10FB38002E71203D3D204E554C4C000069203C2044
:10FB48004152505F5441424C455F53495A45000069
:10FB58006172705F7461626C655B695D2E7374615C
:10FB68007465203D3D204554484152505F535441EF
:10FB780054455F454D505459000000006E65746946
:10FB8800662D3E6877616464725F6C656E203D3DEA
:10FB9800204554485F4857414444525F4C454E0005
:10FBA8006574685F72657420213D204E554C4C2069
:10FBB80026262069705F72657420213D204E554CC1
:10FBC8004C00000069706164647220213D204E552C
:10FBD8004C4C00006E6574696620213D204E554CE2
:10FBE8004C0000006574685F72657420213D204EEA
:10FBF800554C4C006172705F7461626C655B617238
:10FC0800705F6964785D2E7374617465203E3D2071
:10FC18004554484152505F53544154455F535441F1
:10FC2800424C45007120213D204E554C4C000000AF
:10FC380074797065206F766572666C6F7700000066
:10FC48006172705F7461626C655B695D2E7374616B
:10FC58007465203D3D2050454E44494E47206F7203
:10FC680020535441424C45006E6F207061636B65B0
:10FC7800742071756575657320616C6C6F77656448
:10FC880021000000636865636B20746861742066F6
:10FC98006972737420706275662063616E20686F84
:10FCA8006C64207374727563742065746861727013
:10FCB8005F686472000000006E657469662D3E68B6
:10FCC80077616464725F6C656E206D757374206211
:10FCD80065207468652073616D65206173204554E3
:10FCE800485F4857414444525F4C454E20666F7206
:10FCF800206574686172702100000000443A2F5238
:10FD08006164696F2F4A6F62652F53544D333246D1
:10FD1800345F426F6F742F45746865726E65745FE7
:10FD2800506F7765725F4C6F61645F436F6E74727A
:10FD38006F6C6C65722F436F6E7472726F6C2F43A9
:10FD48006F6E74726F6C5F5057522F4D6964646C9C
:10FD58006577617265732F54686972645F50617268
:10FD680074792F4C7749502F7372632F636F7265C4
:10FD78002F697076342F69636D702E630000000060
:10FD880069636D705F696E7075743A206D6F76691E
:10FD98006E6720722D3E7061796C6F616420746F9C
:10FDA8002069636D702068656164657220666169A9
:10FDB8006C65640A00000000417373657274696FB2
:10FDC8006E2022257322206661696C656420617447
:10FDD800206C696E6520256420696E2025730A00F1
:10FDE80069636D705F696E7075743A2072657374BB
:10FDF8006F72696E67206F726967696E616C2070D7
:10FE08002D3E7061796C6F6164206661696C656410
:10FE18000A000000636865636B207468617420667B
:10FE28006972737420706275662063616E20686FF2
:10FE38006C642069636D70206D657373616765001C
:10FE4800443A2F526164696F2F4A6F62652F535489
:10FE58004D333246345F426F6F742F457468657254
:10FE68006E65745F506F7765725F4C6F61645F4356
:10FE78006F6E74726F6C6C65722F436F6E747272F2
:10FE88006F6C2F436F6E74726F6C5F5057522F4DAB
:10FE98006964646C6577617265732F54686972640C
:10FEA8005F50617274792F4C7749502F7372632FAA
:10FEB800636F72652F697076342F6970342E630012
:10FEC800702D3E726566203D3D203100417373659B
:10FED8007274696F6E2022257322206661696C65D1
:10FEE80064206174206C696E6520256420696E2029
:10FEF80025730A00636865636B2074686174206603
:10FF08006972737420706275662063616E20686F11
:10FF18006C64207374727563742069705F686472AE
:10FF280000000000443A2F526164696F2F4A6F62E3
:10FF3800652F53544D333246345F426F6F742F45EB
:10FF4800746865726E65745F506F7765725F4C6F29
:10FF580061645F436F6E74726F6C6C65722F436F70
:10FF68006E7472726F6C2F436F6E74726F6C5F5029
:10FF780057522F4D6964646C6577617265732F54AD
:10FF8800686972645F50617274792F4C7749502F99
:10FF98007372632F636F72652F697076342F69707F
:10FFA800345F667261672E630000000070726576C8
:10FFB80020213D2069707200417373657274696F06
:10FFC8006E2022257322206661696C656420617445
:10FFD800206C696E6520256420696E2025730A00EF
:10FFE800707265762D3E6E657874203D3D2069708F
:08FFF8007200000070627566E2
:020000040804EE
:10000000735F6672656564202B20636C656E203CAF
:100010003D203078666666660000000069705F7299
:10002000656173735F70627566636F756E74203E91
:100030003D2070627566735F6672656564000000DE
:1000400073616E69747920636865636B206C696E97
:100050006B6564206C6973740000000063686563FD
:100060006B20667261676D656E747320646F6E27B6
:1000700074206F7665726C61700000006E6F207086
:10008000726576696F757320667261676D656E74EF
:100090002C2074686973206D7573742062652074F8
:1000A000686520666972737420667261676D656E3B
:1000B0007421000073616E69747920636865636BF5
:1000C0000000000076616C69646174655F6461744E
:1000D000616772616D3A6E6578745F7062756621F2
:1000E0003D4E554C4C00000069705F726561737342
:1000F0005F70627566636F756E74203E3D20636C41
:10010000656E000069707220213D204E554C4C00F8
:100110006E6F74206669727374616C74686F756752
:1001200068206A75737420656E7175657565640005
:100130007020213D204E554C4C0000007063722011
:10014000213D204E554C4C00706372203D3D207087
:10015000000000006970345F6672616728293A20E8
:100160007062756620746F6F2073686F7274000020
:1001700074686973206E65656473206120706275B0
:100180006620696E206F6E65207069656365210069
:10019000702D3E6C656E203E3D20706F66660000DF
:1001A0005D0F0408600F0408630F040800000000DE
:1001B0000000000001020304060708090000000017
:1001C00001020304000100000000000096300777E0
:1001D0002C610EEEBA51099919C46D078FF46A703B
:1001E00035A563E9A395649E3288DB0EA4B8DC795B
:1001F0001EE9D5E088D9D2972B4CB609BD7CB17EDB
:10020000072DB8E7911DBF906410B71DF220B06AAA
:100210004871B9F3DE41BE847DD4DA1AEBE4DD6DBA
:1002200051B5D4F4C785D38356986C13C0A86B64BA
:100230007AF962FDECC9658A4F5C0114D96C0663DA
:10024000633D0FFAF50D088DC8206E3B5E10694CBA
:10025000E44160D5727167A2D1E4033C47D4044BFA
:10026000FD850DD26BB50AA5FAA8B5356C98B242DA
:10027000D6C9BBDB40F9BCACE36CD832755CDF455A
:10028000CF0DD6DC593DD1ABAC30D9263A00DE518A
:100290008051D7C81661D0BFB5F4B42123C4B3567A
:1002A0009995BACF0FA5BDB89EB802280888055FFA
:1002B000B2D90CC624E90BB1877C6F2F114C68585A
:1002C000AB1D61C13D2D66B69041DC760671DB0148
:1002D000BC20D2982A10D5EF8985B1711FB5B6061A
:1002E000A5E4BF9F33D4B8E8A2C9077834F9000F5A
:1002F0008EA8099618980EE1BB0D6A7F2D3D6D08FA
:10030000976C6491015C63E6F4516B6B62616C1CE9
:10031000D83065854E0062F2ED95066C7BA5011B19
:10032000C1F4088257C40FF5C6D9B06550E9B712B9
:10033000EAB8BE8B7C88B9FCDF1DDD62492DDA1579
:10034000F37CD38C654CD4FB5861B24DCE51B53A99
:100350007400BCA3E230BBD441A5DF4AD795D83D99
:100360006DC4D1A4FBF4D6D36AE96943FCD96E34D9
:10037000468867ADD0B860DA732D0444E51D0333B9
:100380005F4C0AAAC97C0DDD3C710550AA410227C9
:1003900010100BBE86200CC925B56857B3856F2099
:1003A00009D466B99FE461CE0EF9DE5E98C9D929F9
:1003B0002298D0B0B4A8D7C7173DB359810DB42E39
:1003C0003B5CBDB7AD6CBAC02083B8EDB6B3BF9A85
:1003D0000CE2B6039AD2B1743947D5EAAF77D29D11
:1003E0001526DB048316DC73120B63E3843B6494F1
:1003F0003E6A6D0DA85A6A7A0BCF0EE49DFF0993F1
:1004000027AE000AB19E077D44930FF0D2A3088760
:1004100068F2011EFEC206695D5762F7CB67658010
:1004200071366C19E7066B6E761BD4FEE02BD38910
:100430005A7ADA10CC4ADD676FDFB9F9F9EFBE8E70
:1004400043BEB717D58EB060E8A3D6D67E93D1A1B0
:10045000C4C2D83852F2DF4FF167BBD16757BCA690
:10046000DD06B53F4B36B248DA2B0DD84C1B0AAF30
:10047000F64A0336607A0441C3EF60DF55DF67A8B0
:10048000EF8E6E3179BE69468CB361CB1A8366BC40
:10049000A0D26F2536E2685295770CCC03470BBB90
:1004A000B91602222F260555BE3BBAC5280BBDB290
:1004B000925AB42B046AB35CA7FFD7C231CFD0B530
:1004C0008B9ED92C1DAEDE5BB0C2649B26F263EC22
:1004D0009CA36A750A936D02A906099C3F360EEB30
:1004E0008567077213570005824ABF95147AB8E2F0
:1004F000AE2BB17B381BB60C9B8ED2920DBED5E5D0
:10050000B7EFDC7C21DFDB0BD4D2D38642E2D4F11F
:10051000F8B3DD686E83DA1FCD16BE815B26B9F6AF
:10052000E177B06F7747B718E65A0888706A0FFF0F
:10053000CA3B06665C0B0111FF9E658F69AE62F8CF
:10054000D3FF6B6145CF6C1678E20AA0EED20DD7CF
:100550005483044EC2B30339612667A7F71660D0EF
:100560004D476949DB776E3E4A6AD1AEDC5AD6D92F
:10057000660BDF40F03BD83753AEBCA9C59EBBDE4F
:100580007FCFB247E9FFB5301CF2BDBD8AC2BACAFF
:100590003093B353A6A3B4240536D0BA9306D7CD6F
:1005A0002957DE54BF67D9232E7A66B3B84A61C48F
:1005B000021B685D942B6F2A37BE0BB4A18E0CC34F
:1005C0001BDF055A8DEF022D00C1814001C0804123
:1005D00001C0804100C1814001C0804100C1814013
:1005E00000C1814001C0804101C0804100C1814003
:1005F00000C1814001C0804100C1814001C08041F3
:1006000001C0804100C1814001C0804100C18140E2
:1006100000C1814001C0804100C1814001C08041D2
:1006200001C0804100C1814000C1814001C08041C2
:1006300001C0804100C1814001C0804100C18140B2
:1006400000C1814001C0804101C0804100C18140A2
:1006500000C1814001C0804100C1814001C0804192
:1006600001C0804100C1814000C1814001C0804182
:1006700001C0804100C1814001C0804100C1814072
:1006800000C1814001C0804100C1814001C0804162
:1006900001C0804100C1814001C0804100C1814052
:1006A00000C1814001C0804101C0804100C1814042
:1006B00000C1814001C0804100C1814001C0804132
:1006C00001C0804100C1814000C0C101C30302C21A
:1006D000C60607C705C5C404CC0C0DCD0FCFCE0E82
:1006E0000ACACB0BC90908C8D81819D91BDBDA1AF2
:1006F0001EDEDF1FDD1D1CDC14D4D515D71716D662
:10070000D21213D311D1D010F03031F133F3F232D1
:1007100036F6F737F53534F43CFCFD3DFF3F3EFE41
:10072000FA3A3BFB39F9F83828E8E929EB2B2AEAB1
:10073000EE2E2FEF2DEDEC2CE42425E527E7E62621
:1007400022E2E323E12120E0A06061A163A3A26291
:1007500066A6A767A56564A46CACAD6DAF6F6EAE01
:10076000AA6A6BAB69A9A86878B8B979BB7B7ABA71
:10077000BE7E7FBF7DBDBC7CB47475B577B7B676E1
:1007800072B2B373B17170B0509091519353529251
:1007900096565797559594549C5C5D9D5F9F9E5EC1
:1007A0005A9A9B5B99595898884849894B8B8A4A31
:1007B0004E8E8F4F8D4D4C8C4484854587474686A1
:1007C00082424383418180400000211042206330F7
:1007D0008440A550C660E770088129914AA16BB199
:1007E0008CC1ADD1CEE1EFF1311210027332522241
:1007F000B5529442F772D662399318837BB35AA3E9
:10080000BDD39CC3FFF3DEE3622443342004011410
:10081000E664C774A44485546AA54BB52885099538
:10082000EEE5CFF5ACC58DD55336722611163006E0
:10083000D776F6669556B4465BB77AA71997388788
:10084000DFF7FEE79DD7BCC7C448E5588668A778A0
:100850004008611802282338CCC9EDD98EE9AFF9D8
:10086000488969990AA92BB9F55AD44AB77A966A80
:10087000711A500A333A122AFDDBDCCBBFFB9EEB28
:10088000799B588B3BBB1AABA66C877CE44CC55C50
:10089000222C033C600C411CAEED8FFDECCDCDDD78
:1008A0002AAD0BBD688D499D977EB66ED55EF44E20
:1008B000133E322E511E700E9FFFBEEFDDDFFCCFC8
:1008C0001BBF3AAF599F788F8891A981CAB1EBA11C
:1008D0000CD12DC14EF16FE18010A100C230E32098
:1008E0000450254046706760B9839893FBA3DAB340
:1008F0003DC31CD37FE35EF3B1029012F322D232E8
:100900003542145277625672EAB5CBA5A89589850F
:100910006EF54FE52CD50DC5E234C324A014810437
:100920006674476424540544DBA7FAB79987B897DF
:100930005FE77EF71DC73CD7D326F2369106B01687
:1009400057667676154634564CD96DC90EF92FE99F
:10095000C899E9898AB9ABA94458654806782768D7
:10096000C018E1088238A3287DCB5CDB3FEB1EFB7F
:10097000F98BD89BBBAB9ABB754A545A376A167A27
:10098000F10AD01AB32A923A2EFD0FED6CDD4DCD4F
:10099000AABD8BADE89DC98D267C076C645C454C77
:1009A000A23C832CE01CC10C1FEF3EFF5DCF7CDF1F
:1009B0009BAFBABFD98FF89F176E367E554E745EC7
:1009C000932EB23ED10EF01E20060C0018750020AA
:1009D0009CBE00200006101600061016FFFFFFFF49
:1009E000FFFF000000000000000000000000000009
:1009F00020000400144E0120984E01209C000500A8
:100A00009C4E0120AC5101201C000800B051012077
:100A10009452012010001000985201209C53012094
:100A200020000500A05301204454012018000F00AD
:100A300048540120B455012010000200B85501208F
:100A4000DC55012028000400E055012084560120D7
:100A500010000800885601200C57012010000800E3
:100A600010570120945701201000060098570120CC
:100A7000FC570120340101000058012038590120A1
:100A8000100010003C590120405A01206002100063
:100A9000445A012048800120F0090408FC09040898
:100AA000080A0408140A0408200A04082C0A040886
:100AB000380A0408440A0408500A04085C0A0408B6
:100AC000680A0408740A0408800A04088C0A0408E6
:100AD00001020304050607070707070707000000D0
:100AE00003060C18306078006480012060800120CB
:100AF000688001206C800120FA000000F1B102083A
:100B0000E80300001D560308E8030000B93D030890
:100B100060EA000075230308F40100001D240308A7
:100B2000E80300008D8A020800000000FFFFFFFFBD
:100B300000000000000000005245454E54206D6149
:100B40006C6C6F6320737563636565646564002F07
:100B50006275696C642F676E752D746F6F6C732D81
:100B6000666F722D73746D33325F31322E332E7295
:100B7000656C312E32303234303932362D313731E6
:100B8000352F7372632F6E65776C69622F6E657790
:100B90006C69622F6C6962632F7374646C69622F75
:100BA00072616E642E63002E006E6600696E697459
:100BB0007900616E0000000034000000CEFBFFFFF2
:100BC000CB03000001000000000000003500000021
:100BD000CEFBFFFFCB03000001000000000000007F
:100BE000BC89D897B2D29C3C33A7A8D523F6493903
:100BF0003DA7F444FD0FA5329D978CCF08BA5B2525
:100C0000436FAC642806681100202020202020209B
:100C100020202828282828202020202020202020AC
:100C200020202020202020202088101010101010BC
:100C30001010101010101010100404040404040408
:100C400004040410101010101010414141414141A2
:100C50000101010101010101010101010101010184
:100C60000101010110101010101042424242424294
:100C70000202020202020202020202020202020254
:100C800002020202101010102000000000000000FC
:100C90000000000000000000000000000000000054
:100CA0000000000000000000000000000000000044
:100CB0000000000000000000000000000000000034
:100CC0000000000000000000000000000000000024
:100CD0000000000000000000000000000000000014
:100CE0000000000000000000000000000000000004
:100CF00000000000000000000000000000000000F4
:100D00000000000000000000004300504F5349580D
:100D1000002C2066756E6374696F6E3A20006173F3
:100D200073657274696F6E20222573222066616973
:100D30006C65643A2066696C6520222573222C203C
:100D40006C696E65202564257325730A0042616C09
:100D50006C6F6320737563636565646564002F62FF
:100D600075696C642F676E752D746F6F6C732D666B
:100D70006F722D73746D33325F31322E332E726584
:100D80006C312E32303234303932362D3137313504
:100D90002F7372632F6E65776C69622F6E65776C47
:100DA00069622F6C6962632F7374646C69622F6768
:100DB00064746F612D6765746865782E63002F62B7
:100DC00075696C642F676E752D746F6F6C732D660B
:100DD0006F722D73746D33325F31322E332E726524
:100DE0006C312E32303234303932362D31373135A4
:100DF0002F7372632F6E65776C69622F6E65776CE7
:100E000069622F6C6962632F7374646C69622F6D01
:100E1000707265632E630000050000001900000079
:100E20007D000000000000000080E03779C34143EE
:100E3000176E05B5B5B89346F5F93FE9034F384D40
:100E4000321D30F94877825A3CBF737FDD4F1575EC
:100E5000000000000000F03F0000000000002440FF
:100E600000000000000059400000000000408F40DA
:100E7000000000000088C34000000000006AF84045
:100E80000000000080842E4100000000D012634169
:100E90000000000084D797410000000065CDCD41DF
:100EA000000000205FA00242000000E876483742C0
:100EB000000000A2941A6D42000040E59C30A2425E
:100EC0000000901EC4BCD64200003426F56B0C43D3
:100ED0000080E03779C3414300A0D885573476437A
:100EE00000C84E676DC1AB43003D9160E458E143DB
:100EF000408CB5781DAF154450EFE2D6E41A4B4450
:100F000092D54D06CFF08044F64AE1C7022DB54494
:100F1000B49DD9794378EA44232D302B2000686CA6
:100F20004C0065666745464700303132333435360C
:100F30003738394142434445460030313233343545
:100F40003637383961626364656600412D46612D2C
:100F500066383930313233343536375D002B2D0069
:080F6000303000785800000059
:080F680078F3FC7F010000009A
:0C0F7000C5020108A1170108E9390108B9
:040F7C00A1020108C5
:100F8000000000000000024000800000000C024051
:100F900001000000000C024002000000000E0000F2
:100FA0000000000000000000000000000000000041
:100FB0000000000000000000000000000000000031
:100FC0000000000000000000000000000000000120
:100FD000F04C0020184D00200024F400B9660308EE
:100FE000C9660308B16803080DCD010821CD0108C9
:100FF00065CD010831CD010899CD01081000000030
:1010000001000000AAAAAAAA00C000006E190000F0
:1010100000C0000001031C060000000003000000E7
:1010200014820120430000000000000000000000C6
:1010300000000000000000000000000000000000B0
:10104000000000004300000000000000000000005D
:101050000000000000000000000000000000000090
:10106000000000004300000000000000000000003D
:101070000000000000000000000000000000000070
:10108000000000004300000000000000000000001D
:101090000000000000000000000000000000000050
:1010A00000000000430000000000000000000000FD
:1010B0000000000000000000000000000000000030
:1010C00000000000430000000000000000000000DD
:1010D0000000000000000000000000000000000010
:1010E00000000000430000000000000000000000BD
:1010F00000000000000000000000000000000000F0
:1011000000000000958F0308FB8503080000000025
:10111000080C0408A70B04084C0D04084C0D040827
:101120004C0D04084C0D04084C0D04084C0D04082B
:101130004C0D04084C0D04084C0D0408FFFFFFFF84
:10114000FFFFFFFFFFFFFFFFFFFF00000100415314
:1011500043494900000000000000000000000000BA
:1011600000000000000000000000000000004153EB
:10117000434949000000000000000000000000009A
:10118000000000000000000000000000000000005F
:101190001402002000000000148201207C82012043
:1011A000E4820120000000000000000000000000B8
:1011B000000000000000000000000000000000002F
:1011C000000000000000000000000000000000001F
:1011D000000000000000000000000000000000000F
:1011E00000000000000000000000000000000000FF
:1011F00000000000000000000000000000000000EF
:1012000000000000000000000000000000000000DE
:1012100000000000000000000000000000000000CE
:1012200000000000000000000000000000000000BE
:1012300000000000000000000000000000000000AE
:10124000000000000000000000000000000000009E
:10125000000000000000000000000000000000008E
:10126000000000000000000000000000000000007E
:10127000000000000000000000000000000000006E
:10128000000000000000000000000000000000005E
:10129000000000000000000000000000000000004E
:1012A000000000000000000000000000000000003E
:1012B000000000000000000000000000000000002E
:1012C000000000000000000000000000000000001E
:1012D000000000000000000000000000000000000E
:040000050803665D29
:00000001FF
